year,year_range,name,county_subdivision,county,state,gini,moe,source
2014,2010–2014,"Dyer Brook town, Aroostook County, Maine",19210,003,23,0.3789,0.0684,ACS 5-year 2014 (B19083)
2014,2010–2014,"Mapleton town, Aroostook County, Maine",43255,003,23,0.4016,0.0450,ACS 5-year 2014 (B19083)
2014,2010–2014,"Nashville plantation, Aroostook County, Maine",48120,003,23,0.4114,0.1148,ACS 5-year 2014 (B19083)
2014,2010–2014,"Oxbow plantation, Aroostook County, Maine",56205,003,23,0.2590,0.0856,ACS 5-year 2014 (B19083)
2014,2010–2014,"Grand Isle town, Aroostook County, Maine",28590,003,23,0.4128,0.0351,ACS 5-year 2014 (B19083)
2014,2010–2014,"Monticello town, Aroostook County, Maine",46685,003,23,0.3616,0.0447,ACS 5-year 2014 (B19083)
2014,2010–2014,"St. Agatha town, Aroostook County, Maine",64780,003,23,0.3960,0.0340,ACS 5-year 2014 (B19083)
2014,2010–2014,"Stockholm town, Aroostook County, Maine",74405,003,23,0.4542,0.0520,ACS 5-year 2014 (B19083)
2014,2010–2014,"Wallagrass town, Aroostook County, Maine",79865,003,23,0.4023,0.0471,ACS 5-year 2014 (B19083)
2014,2010–2014,"Allagash town, Aroostook County, Maine",00800,003,23,0.3983,0.0548,ACS 5-year 2014 (B19083)
2014,2010–2014,"New Sweden town, Aroostook County, Maine",49415,003,23,0.4061,0.0373,ACS 5-year 2014 (B19083)
2014,2010–2014,"Island Falls town, Aroostook County, Maine",35065,003,23,0.4164,0.0553,ACS 5-year 2014 (B19083)
2014,2010–2014,"Littleton town, Aroostook County, Maine",40595,003,23,0.3455,0.0400,ACS 5-year 2014 (B19083)
2014,2010–2014,"Masardis town, Aroostook County, Maine",43990,003,23,0.3680,0.0494,ACS 5-year 2014 (B19083)
2014,2010–2014,"Portage Lake town, Aroostook County, Maine",60300,003,23,0.3721,0.0410,ACS 5-year 2014 (B19083)
2014,2010–2014,"Presque Isle city, Aroostook County, Maine",60825,003,23,0.4618,0.0498,ACS 5-year 2014 (B19083)
2014,2010–2014,"Reed plantation, Aroostook County, Maine",62400,003,23,0.3088,0.0516,ACS 5-year 2014 (B19083)
2014,2010–2014,"St. Francis town, Aroostook County, Maine",65025,003,23,0.4925,0.0548,ACS 5-year 2014 (B19083)
2014,2010–2014,"Bancroft town, Aroostook County, Maine",02760,003,23,0.3602,0.0827,ACS 5-year 2014 (B19083)
2014,2010–2014,"Blaine town, Aroostook County, Maine",05385,003,23,0.3518,0.0408,ACS 5-year 2014 (B19083)
2014,2010–2014,"Caribou city, Aroostook County, Maine",10565,003,23,0.4927,0.0343,ACS 5-year 2014 (B19083)
2014,2010–2014,"Eagle Lake town, Aroostook County, Maine",19420,003,23,0.4602,0.0349,ACS 5-year 2014 (B19083)
2014,2010–2014,"Cary plantation, Aroostook County, Maine",11020,003,23,0.4390,0.0904,ACS 5-year 2014 (B19083)
2014,2010–2014,"Castle Hill town, Aroostook County, Maine",11300,003,23,0.3281,0.0462,ACS 5-year 2014 (B19083)
2014,2010–2014,"Connor UT, Aroostook County, Maine",13900,003,23,0.4154,0.0752,ACS 5-year 2014 (B19083)
2014,2010–2014,"Fort Fairfield town, Aroostook County, Maine",25615,003,23,0.5247,0.0656,ACS 5-year 2014 (B19083)
2014,2010–2014,"Hodgdon town, Aroostook County, Maine",33385,003,23,0.4208,0.0402,ACS 5-year 2014 (B19083)
2014,2010–2014,"Houlton town, Aroostook County, Maine",33980,003,23,0.4356,0.0273,ACS 5-year 2014 (B19083)
2014,2010–2014,"Oakfield town, Aroostook County, Maine",54385,003,23,0.4040,0.0499,ACS 5-year 2014 (B19083)
2014,2010–2014,"Van Buren town, Aroostook County, Maine",78570,003,23,0.4759,0.0290,ACS 5-year 2014 (B19083)
2014,2010–2014,"Westmanland town, Aroostook County, Maine",83540,003,23,0.3928,0.1184,ACS 5-year 2014 (B19083)
2014,2010–2014,"Woodland town, Aroostook County, Maine",87215,003,23,0.4171,0.0716,ACS 5-year 2014 (B19083)
2014,2010–2014,"Chapman town, Aroostook County, Maine",12000,003,23,0.3239,0.0545,ACS 5-year 2014 (B19083)
2014,2010–2014,"Ludlow town, Aroostook County, Maine",41715,003,23,0.3571,0.0498,ACS 5-year 2014 (B19083)
2014,2010–2014,"Sherman town, Aroostook County, Maine",67790,003,23,0.3863,0.0349,ACS 5-year 2014 (B19083)
2014,2010–2014,"Pownal town, Cumberland County, Maine",60685,005,23,0.3712,0.0431,ACS 5-year 2014 (B19083)
2014,2010–2014,"Easton town, Aroostook County, Maine",21380,003,23,0.4513,0.0458,ACS 5-year 2014 (B19083)
2014,2010–2014,"Yarmouth town, Cumberland County, Maine",87845,005,23,0.4794,0.0432,ACS 5-year 2014 (B19083)
2014,2010–2014,"Freeport town, Cumberland County, Maine",26525,005,23,0.4418,0.0345,ACS 5-year 2014 (B19083)
2014,2010–2014,"New Gloucester town, Cumberland County, Maine",48820,005,23,0.3622,0.0327,ACS 5-year 2014 (B19083)
2014,2010–2014,"Glenwood plantation, Aroostook County, Maine",27855,003,23,-666666666.0000,-222222222.0000,ACS 5-year 2014 (B19083)
2014,2010–2014,"Hamlin town, Aroostook County, Maine",30690,003,23,0.3613,0.1090,ACS 5-year 2014 (B19083)
2014,2010–2014,"New Portland town, Somerset County, Maine",49205,025,23,0.3742,0.0431,ACS 5-year 2014 (B19083)
2014,2010–2014,"Palmyra town, Somerset County, Maine",56520,025,23,0.4008,0.0430,ACS 5-year 2014 (B19083)
2014,2010–2014,"Embden town, Somerset County, Maine",23410,025,23,0.4555,0.0910,ACS 5-year 2014 (B19083)
2014,2010–2014,"Northwest Somerset UT, Somerset County, Maine",53636,025,23,0.0404,0.0315,ACS 5-year 2014 (B19083)
2014,2010–2014,"St. Albans town, Somerset County, Maine",64850,025,23,0.3711,0.0411,ACS 5-year 2014 (B19083)
2014,2010–2014,"Madison town, Somerset County, Maine",42660,025,23,0.4540,0.0575,ACS 5-year 2014 (B19083)
2014,2010–2014,"Anson town, Somerset County, Maine",01395,025,23,0.3913,0.0386,ACS 5-year 2014 (B19083)
2014,2010–2014,"Dennistown plantation, Somerset County, Maine",17285,025,23,0.0578,0.0189,ACS 5-year 2014 (B19083)
2014,2010–2014,"Hartland town, Somerset County, Maine",31740,025,23,0.4607,0.0341,ACS 5-year 2014 (B19083)
2014,2010–2014,"Moscow town, Somerset County, Maine",47455,025,23,0.3670,0.0470,ACS 5-year 2014 (B19083)
2014,2010–2014,"Seboomook Lake UT, Somerset County, Maine",67238,025,23,-666666666.0000,-222222222.0000,ACS 5-year 2014 (B19083)
2014,2010–2014,"Gouldsboro town, Hancock County, Maine",28450,009,23,0.4350,0.0519,ACS 5-year 2014 (B19083)
2014,2010–2014,"Northwest Hancock UT, Hancock County, Maine",53620,009,23,-666666666.0000,-222222222.0000,ACS 5-year 2014 (B19083)
2014,2010–2014,"Deer Isle town, Hancock County, Maine",17145,009,23,0.4717,0.0378,ACS 5-year 2014 (B19083)
2014,2010–2014,"Hancock town, Hancock County, Maine",30970,009,23,0.4279,0.0432,ACS 5-year 2014 (B19083)
2014,2010–2014,"Sorrento town, Hancock County, Maine",69750,009,23,0.4078,0.1218,ACS 5-year 2014 (B19083)
2014,2010–2014,"Stonington town, Hancock County, Maine",74580,009,23,0.4528,0.0419,ACS 5-year 2014 (B19083)
2014,2010–2014,"Swans Island town, Hancock County, Maine",75455,009,23,0.4263,0.0661,ACS 5-year 2014 (B19083)
2014,2010–2014,"Aurora town, Hancock County, Maine",02165,009,23,0.3933,0.0987,ACS 5-year 2014 (B19083)
2014,2010–2014,"Sedgwick town, Hancock County, Maine",67300,009,23,0.4519,0.0347,ACS 5-year 2014 (B19083)
2014,2010–2014,"Tremont town, Hancock County, Maine",77345,009,23,0.4501,0.0522,ACS 5-year 2014 (B19083)
2014,2010–2014,"Brooksville town, Hancock County, Maine",07975,009,23,0.4144,0.0467,ACS 5-year 2014 (B19083)
2014,2010–2014,"Castine town, Hancock County, Maine",11265,009,23,0.5071,0.0815,ACS 5-year 2014 (B19083)
2014,2010–2014,"Surry town, Hancock County, Maine",75280,009,23,0.4183,0.0388,ACS 5-year 2014 (B19083)
2014,2010–2014,"Franklin town, Hancock County, Maine",26350,009,23,0.3501,0.0327,ACS 5-year 2014 (B19083)
2014,2010–2014,"Bar Harbor town, Hancock County, Maine",02865,009,23,0.4407,0.0497,ACS 5-year 2014 (B19083)
2014,2010–2014,"East Hancock UT, Hancock County, Maine",20405,009,23,0.2648,0.0641,ACS 5-year 2014 (B19083)
2014,2010–2014,"Ellsworth city, Hancock County, Maine",23200,009,23,0.4547,0.0441,ACS 5-year 2014 (B19083)
2014,2010–2014,"Brooklin town, Hancock County, Maine",07800,009,23,0.4952,0.0677,ACS 5-year 2014 (B19083)
2014,2010–2014,"Mariaville town, Hancock County, Maine",43430,009,23,0.3387,0.0458,ACS 5-year 2014 (B19083)
2014,2010–2014,"Blue Hill town, Hancock County, Maine",05700,009,23,0.5424,0.0869,ACS 5-year 2014 (B19083)
2014,2010–2014,"Twombly Ridge UT, Penobscot County, Maine",78015,019,23,-666666666.0000,-222222222.0000,ACS 5-year 2014 (B19083)
2014,2010–2014,"Dover-Foxcroft town, Piscataquis County, Maine",18195,021,23,0.4612,0.0885,ACS 5-year 2014 (B19083)
2014,2010–2014,"Penobscot Indian Island Reservation, Penobscot County, Maine",57936,019,23,0.4673,0.0408,ACS 5-year 2014 (B19083)
2014,2010–2014,"Marshall Island UT, Hancock County, Maine",43578,009,23,-666666666.0000,-222222222.0000,ACS 5-year 2014 (B19083)
2014,2010–2014,"Sanford city, York County, Maine",65725,031,23,0.4413,0.0290,ACS 5-year 2014 (B19083)
2014,2010–2014,"Greenville town, Piscataquis County, Maine",29535,021,23,0.4577,0.0692,ACS 5-year 2014 (B19083)
2014,2010–2014,"Lake View plantation, Piscataquis County, Maine",37970,021,23,0.4294,0.1045,ACS 5-year 2014 (B19083)
2014,2010–2014,"Southeast Piscataquis UT, Piscataquis County, Maine",70655,021,23,0.4528,0.0613,ACS 5-year 2014 (B19083)
2014,2010–2014,"Wellington town, Piscataquis County, Maine",81405,021,23,0.5616,0.1452,ACS 5-year 2014 (B19083)
2014,2010–2014,"Monson town, Piscataquis County, Maine",46580,021,23,0.3968,0.0230,ACS 5-year 2014 (B19083)
2014,2010–2014,"Sebec town, Piscataquis County, Maine",66950,021,23,0.4267,0.0633,ACS 5-year 2014 (B19083)
2014,2010–2014,"Minot town, Androscoggin County, Maine",46160,001,23,0.4630,0.1205,ACS 5-year 2014 (B19083)
2014,2010–2014,"Livermore town, Androscoggin County, Maine",40665,001,23,0.3533,0.0320,ACS 5-year 2014 (B19083)
2014,2010–2014,"Sabattus town, Androscoggin County, Maine",64570,001,23,0.3297,0.0315,ACS 5-year 2014 (B19083)
2014,2010–2014,"Wales town, Androscoggin County, Maine",79585,001,23,0.3455,0.0412,ACS 5-year 2014 (B19083)
2014,2010–2014,"Auburn city, Androscoggin County, Maine",02060,001,23,0.4670,0.0411,ACS 5-year 2014 (B19083)
2014,2010–2014,"Lewiston city, Androscoggin County, Maine",38740,001,23,0.4608,0.0240,ACS 5-year 2014 (B19083)
2014,2010–2014,"Lisbon town, Androscoggin County, Maine",40035,001,23,0.3720,0.0216,ACS 5-year 2014 (B19083)
2014,2010–2014,"Turner town, Androscoggin County, Maine",77800,001,23,0.4145,0.0399,ACS 5-year 2014 (B19083)
2014,2010–2014,"Mechanic Falls town, Androscoggin County, Maine",44585,001,23,0.3909,0.0473,ACS 5-year 2014 (B19083)
2014,2010–2014,"Livermore Falls town, Androscoggin County, Maine",40770,001,23,0.3866,0.0438,ACS 5-year 2014 (B19083)
2014,2010–2014,"Oxford town, Oxford County, Maine",56310,017,23,0.3744,0.0399,ACS 5-year 2014 (B19083)
2014,2010–2014,"Rumford town, Oxford County, Maine",64290,017,23,0.4437,0.0353,ACS 5-year 2014 (B19083)
2014,2010–2014,"South Oxford UT, Oxford County, Maine",71755,017,23,0.3832,0.0557,ACS 5-year 2014 (B19083)
2014,2010–2014,"Lovell town, Oxford County, Maine",41365,017,23,0.3370,0.0466,ACS 5-year 2014 (B19083)
2014,2010–2014,"Roxbury town, Oxford County, Maine",64185,017,23,0.4006,0.0499,ACS 5-year 2014 (B19083)
2014,2010–2014,"Upton town, Oxford County, Maine",78465,017,23,0.4746,0.1570,ACS 5-year 2014 (B19083)
2014,2010–2014,"Woodstock town, Oxford County, Maine",87355,017,23,0.4210,0.0353,ACS 5-year 2014 (B19083)
2014,2010–2014,"Brownfield town, Oxford County, Maine",08150,017,23,0.3781,0.0467,ACS 5-year 2014 (B19083)
2014,2010–2014,"Andover town, Oxford County, Maine",01325,017,23,0.3274,0.0567,ACS 5-year 2014 (B19083)
2014,2010–2014,"Dixfield town, Oxford County, Maine",17740,017,23,0.4331,0.0440,ACS 5-year 2014 (B19083)
2014,2010–2014,"Mexico town, Oxford County, Maine",45285,017,23,0.4797,0.0565,ACS 5-year 2014 (B19083)
2014,2010–2014,"Otisfield town, Oxford County, Maine",55960,017,23,0.3345,0.0402,ACS 5-year 2014 (B19083)
2014,2010–2014,"Hebron town, Oxford County, Maine",32370,017,23,0.3616,0.0357,ACS 5-year 2014 (B19083)
2014,2010–2014,"Hiram town, Oxford County, Maine",33315,017,23,0.4120,0.0291,ACS 5-year 2014 (B19083)
2014,2010–2014,"Stow town, Oxford County, Maine",74685,017,23,0.3700,0.0453,ACS 5-year 2014 (B19083)
2014,2010–2014,"Greenwood town, Oxford County, Maine",29710,017,23,0.3997,0.0526,ACS 5-year 2014 (B19083)
2014,2010–2014,"Porter town, Oxford County, Maine",60405,017,23,0.3777,0.0375,ACS 5-year 2014 (B19083)
2014,2010–2014,"Lincoln plantation, Oxford County, Maine",39422,017,23,0.3079,0.0821,ACS 5-year 2014 (B19083)
2014,2010–2014,"Denmark town, Oxford County, Maine",17250,017,23,0.3901,0.0438,ACS 5-year 2014 (B19083)
2014,2010–2014,"Bremen town, Lincoln County, Maine",06855,015,23,0.4074,0.0977,ACS 5-year 2014 (B19083)
2014,2010–2014,"Canton town, Oxford County, Maine",10005,017,23,0.3626,0.0464,ACS 5-year 2014 (B19083)
2014,2010–2014,"Newry town, Oxford County, Maine",49275,017,23,0.3862,0.0340,ACS 5-year 2014 (B19083)
2014,2010–2014,"Chebeague Island town, Cumberland County, Maine",12300,005,23,0.5056,0.0794,ACS 5-year 2014 (B19083)
2014,2010–2014,"Newburgh town, Penobscot County, Maine",48505,019,23,0.3727,0.0409,ACS 5-year 2014 (B19083)
2014,2010–2014,"Newport town, Penobscot County, Maine",49065,019,23,0.5156,0.0770,ACS 5-year 2014 (B19083)
2014,2010–2014,"Orrington town, Penobscot County, Maine",55680,019,23,0.3407,0.0384,ACS 5-year 2014 (B19083)
2014,2010–2014,"Lakeville town, Penobscot County, Maine",38005,019,23,0.5670,0.0956,ACS 5-year 2014 (B19083)
2014,2010–2014,"Lowell town, Penobscot County, Maine",41435,019,23,0.3623,0.0406,ACS 5-year 2014 (B19083)
2014,2010–2014,"Mount Chase town, Penobscot County, Maine",47560,019,23,0.5242,0.1323,ACS 5-year 2014 (B19083)
2014,2010–2014,"Passadumkeag town, Penobscot County, Maine",57045,019,23,0.4209,0.0517,ACS 5-year 2014 (B19083)
2014,2010–2014,"Seboeis plantation, Penobscot County, Maine",67160,019,23,0.3335,0.0878,ACS 5-year 2014 (B19083)
2014,2010–2014,"Springfield town, Penobscot County, Maine",73250,019,23,0.3399,0.0379,ACS 5-year 2014 (B19083)
2014,2010–2014,"Bradley town, Penobscot County, Maine",06680,019,23,0.4837,0.1163,ACS 5-year 2014 (B19083)
2014,2010–2014,"Charleston town, Penobscot County, Maine",12105,019,23,0.3932,0.0462,ACS 5-year 2014 (B19083)
2014,2010–2014,"Corinth town, Penobscot County, Maine",14380,019,23,0.3737,0.0385,ACS 5-year 2014 (B19083)
2014,2010–2014,"Carroll plantation, Penobscot County, Maine",10810,019,23,0.3769,0.0679,ACS 5-year 2014 (B19083)
2014,2010–2014,"Clifton town, Penobscot County, Maine",13365,019,23,0.4008,0.0530,ACS 5-year 2014 (B19083)
2014,2010–2014,"Garland town, Penobscot County, Maine",27190,019,23,0.4291,0.0447,ACS 5-year 2014 (B19083)
2014,2010–2014,"Stetson town, Penobscot County, Maine",74055,019,23,0.3891,0.0476,ACS 5-year 2014 (B19083)
2014,2010–2014,"Carmel town, Penobscot County, Maine",10670,019,23,0.3208,0.0348,ACS 5-year 2014 (B19083)
2014,2010–2014,"Woodville town, Penobscot County, Maine",87390,019,23,0.3772,0.0659,ACS 5-year 2014 (B19083)
2014,2010–2014,"Chester town, Penobscot County, Maine",12525,019,23,0.4335,0.0445,ACS 5-year 2014 (B19083)
2014,2010–2014,"Stacyville town, Penobscot County, Maine",73600,019,23,0.4237,0.0513,ACS 5-year 2014 (B19083)
2014,2010–2014,"Argyle UT, Penobscot County, Maine",01500,019,23,0.4139,0.0604,ACS 5-year 2014 (B19083)
2014,2010–2014,"Kingman UT, Penobscot County, Maine",37075,019,23,0.3533,0.0810,ACS 5-year 2014 (B19083)
2014,2010–2014,"Northeast Piscataquis UT, Piscataquis County, Maine",51105,021,23,0.4021,0.1176,ACS 5-year 2014 (B19083)
2014,2010–2014,"Atkinson town, Piscataquis County, Maine",01920,021,23,0.3802,0.0565,ACS 5-year 2014 (B19083)
2014,2010–2014,"Sangerville town, Piscataquis County, Maine",65865,021,23,0.4232,0.0353,ACS 5-year 2014 (B19083)
2014,2010–2014,"Shirley town, Piscataquis County, Maine",68140,021,23,0.3994,0.0582,ACS 5-year 2014 (B19083)
2014,2010–2014,"Guilford town, Piscataquis County, Maine",30095,021,23,0.4239,0.0651,ACS 5-year 2014 (B19083)
2014,2010–2014,"Northwest Piscataquis UT, Piscataquis County, Maine",53628,021,23,0.2844,0.0570,ACS 5-year 2014 (B19083)
2014,2010–2014,"Abbot town, Piscataquis County, Maine",00100,021,23,0.4211,0.0575,ACS 5-year 2014 (B19083)
2014,2010–2014,"Bowerbank town, Piscataquis County, Maine",06400,021,23,0.4108,0.0755,ACS 5-year 2014 (B19083)
2014,2010–2014,"Medford town, Piscataquis County, Maine",44830,021,23,0.3491,0.0554,ACS 5-year 2014 (B19083)
2014,2010–2014,"Willimantic town, Piscataquis County, Maine",85710,021,23,0.5590,0.1565,ACS 5-year 2014 (B19083)
2014,2010–2014,"Brownville town, Piscataquis County, Maine",08325,021,23,0.3550,0.0359,ACS 5-year 2014 (B19083)
2014,2010–2014,"Winterville plantation, Aroostook County, Maine",86865,003,23,0.4201,0.0789,ACS 5-year 2014 (B19083)
2014,2010–2014,"Ashland town, Aroostook County, Maine",01710,003,23,0.4091,0.0372,ACS 5-year 2014 (B19083)
2014,2010–2014,"Garfield plantation, Aroostook County, Maine",27120,003,23,0.2471,0.0488,ACS 5-year 2014 (B19083)
2014,2010–2014,"Linneus town, Aroostook County, Maine",39965,003,23,0.4213,0.0379,ACS 5-year 2014 (B19083)
2014,2010–2014,"Square Lake UT, Aroostook County, Maine",73472,003,23,0.3839,0.0515,ACS 5-year 2014 (B19083)
2014,2010–2014,"Central Aroostook UT, Aroostook County, Maine",11785,003,23,0.3755,0.1036,ACS 5-year 2014 (B19083)
2014,2010–2014,"Frenchville town, Aroostook County, Maine",26735,003,23,0.3707,0.0401,ACS 5-year 2014 (B19083)
2014,2010–2014,"Madawaska town, Aroostook County, Maine",42520,003,23,0.3577,0.0295,ACS 5-year 2014 (B19083)
2014,2010–2014,"Calais city, Washington County, Maine",09585,029,23,0.4340,0.0447,ACS 5-year 2014 (B19083)
2014,2010–2014,"Cherryfield town, Washington County, Maine",12455,029,23,0.3898,0.0516,ACS 5-year 2014 (B19083)
2014,2010–2014,"Columbia town, Washington County, Maine",13750,029,23,0.4658,0.0982,ACS 5-year 2014 (B19083)
2014,2010–2014,"Caratunk town, Somerset County, Maine",10495,025,23,0.3764,0.1416,ACS 5-year 2014 (B19083)
2014,2010–2014,"Canaan town, Somerset County, Maine",09935,025,23,0.4110,0.0331,ACS 5-year 2014 (B19083)
2014,2010–2014,"Central Somerset UT, Somerset County, Maine",11820,025,23,0.4041,0.0602,ACS 5-year 2014 (B19083)
2014,2010–2014,"Moose River town, Somerset County, Maine",47140,025,23,0.3907,0.0487,ACS 5-year 2014 (B19083)
2014,2010–2014,"Harmony town, Somerset County, Maine",31355,025,23,0.4516,0.0693,ACS 5-year 2014 (B19083)
2014,2010–2014,"Pittsfield town, Somerset County, Maine",59005,025,23,0.4094,0.0795,ACS 5-year 2014 (B19083)
2014,2010–2014,"Detroit town, Somerset County, Maine",17460,025,23,0.4246,0.0410,ACS 5-year 2014 (B19083)
2014,2010–2014,"Athens town, Somerset County, Maine",01885,025,23,0.4096,0.0439,ACS 5-year 2014 (B19083)
2014,2010–2014,"Mercer town, Somerset County, Maine",45110,025,23,0.3803,0.0604,ACS 5-year 2014 (B19083)
2014,2010–2014,"Norridgewock town, Somerset County, Maine",49835,025,23,0.4065,0.0466,ACS 5-year 2014 (B19083)
2014,2010–2014,"Northeast Somerset UT, Somerset County, Maine",51114,025,23,0.3794,0.0648,ACS 5-year 2014 (B19083)
2014,2010–2014,"Ripley town, Somerset County, Maine",62995,025,23,0.3742,0.0437,ACS 5-year 2014 (B19083)
2014,2010–2014,"Cornville town, Somerset County, Maine",14555,025,23,0.3665,0.0352,ACS 5-year 2014 (B19083)
2014,2010–2014,"Starks town, Somerset County, Maine",73845,025,23,0.4445,0.0367,ACS 5-year 2014 (B19083)
2014,2010–2014,"The Forks plantation, Somerset County, Maine",76190,025,23,0.5306,0.1628,ACS 5-year 2014 (B19083)
2014,2010–2014,"Cambridge town, Somerset County, Maine",09655,025,23,0.4294,0.0558,ACS 5-year 2014 (B19083)
2014,2010–2014,"Highland plantation, Somerset County, Maine",32895,025,23,0.4290,0.0635,ACS 5-year 2014 (B19083)
2014,2010–2014,"Jackman town, Somerset County, Maine",35345,025,23,0.3815,0.0459,ACS 5-year 2014 (B19083)
2014,2010–2014,"Skowhegan town, Somerset County, Maine",68910,025,23,0.4894,0.0418,ACS 5-year 2014 (B19083)
2014,2010–2014,"Solon town, Somerset County, Maine",69505,025,23,0.3914,0.0422,ACS 5-year 2014 (B19083)
2014,2010–2014,"Lee town, Penobscot County, Maine",38530,019,23,0.4519,0.0796,ACS 5-year 2014 (B19083)
2014,2010–2014,"Hudson town, Penobscot County, Maine",34365,019,23,0.4011,0.0409,ACS 5-year 2014 (B19083)
2014,2010–2014,"Hampden town, Penobscot County, Maine",30795,019,23,0.3490,0.0350,ACS 5-year 2014 (B19083)
2014,2010–2014,"Millinocket town, Penobscot County, Maine",45810,019,23,0.3834,0.0399,ACS 5-year 2014 (B19083)
2014,2010–2014,"Orono town, Penobscot County, Maine",55565,019,23,0.5098,0.0252,ACS 5-year 2014 (B19083)
2014,2010–2014,"Whitney UT, Penobscot County, Maine",85230,019,23,-666666666.0000,-222222222.0000,ACS 5-year 2014 (B19083)
2014,2010–2014,"North Penobscot UT, Penobscot County, Maine",52710,019,23,0.4087,0.0777,ACS 5-year 2014 (B19083)
2014,2010–2014,"Prentiss UT, Penobscot County, Maine",60790,019,23,0.3902,0.0546,ACS 5-year 2014 (B19083)
2014,2010–2014,"Alton town, Penobscot County, Maine",01115,019,23,0.3344,0.0267,ACS 5-year 2014 (B19083)
2014,2010–2014,"Bangor city, Penobscot County, Maine",02795,019,23,0.4810,0.0206,ACS 5-year 2014 (B19083)
2014,2010–2014,"Edinburg town, Penobscot County, Maine",22710,019,23,0.3981,0.0764,ACS 5-year 2014 (B19083)
2014,2010–2014,"Enfield town, Penobscot County, Maine",23620,019,23,0.3231,0.0314,ACS 5-year 2014 (B19083)
2014,2010–2014,"Greenbush town, Penobscot County, Maine",29185,019,23,0.3554,0.0365,ACS 5-year 2014 (B19083)
2014,2010–2014,"Etna town, Penobscot County, Maine",23865,019,23,0.3253,0.0393,ACS 5-year 2014 (B19083)
2014,2010–2014,"Exeter town, Penobscot County, Maine",24110,019,23,0.3901,0.0273,ACS 5-year 2014 (B19083)
2014,2010–2014,"Plymouth town, Penobscot County, Maine",59950,019,23,0.3822,0.0380,ACS 5-year 2014 (B19083)
2014,2010–2014,"Webster plantation, Penobscot County, Maine",81055,019,23,0.4326,0.1422,ACS 5-year 2014 (B19083)
2014,2010–2014,"Lagrange town, Penobscot County, Maine",37760,019,23,0.4036,0.0508,ACS 5-year 2014 (B19083)
2014,2010–2014,"Mattawamkeag town, Penobscot County, Maine",44270,019,23,0.4246,0.0468,ACS 5-year 2014 (B19083)
2014,2010–2014,"Eddington town, Penobscot County, Maine",22535,019,23,0.3357,0.0318,ACS 5-year 2014 (B19083)
2014,2010–2014,"Dixmont town, Penobscot County, Maine",17950,019,23,0.4229,0.0467,ACS 5-year 2014 (B19083)
2014,2010–2014,"East Central Penobscot UT, Penobscot County, Maine",19868,019,23,0.3415,0.0489,ACS 5-year 2014 (B19083)
2014,2010–2014,"Hermon town, Penobscot County, Maine",32510,019,23,0.3331,0.0358,ACS 5-year 2014 (B19083)
2014,2010–2014,"Levant town, Penobscot County, Maine",38705,019,23,0.3747,0.0355,ACS 5-year 2014 (B19083)
2014,2010–2014,"Maxfield town, Penobscot County, Maine",44340,019,23,0.4093,0.0808,ACS 5-year 2014 (B19083)
2014,2010–2014,"Old Town city, Penobscot County, Maine",55225,019,23,0.4320,0.0266,ACS 5-year 2014 (B19083)
2014,2010–2014,"Glenburn town, Penobscot County, Maine",27645,019,23,0.4504,0.0592,ACS 5-year 2014 (B19083)
2014,2010–2014,"Cutler town, Washington County, Maine",15920,029,23,0.3607,0.0494,ACS 5-year 2014 (B19083)
2014,2010–2014,"Dennysville town, Washington County, Maine",17355,029,23,0.4664,0.0415,ACS 5-year 2014 (B19083)
2014,2010–2014,"Vanceboro town, Washington County, Maine",78675,029,23,0.4563,0.0683,ACS 5-year 2014 (B19083)
2014,2010–2014,"Waite town, Washington County, Maine",79375,029,23,0.3457,0.0700,ACS 5-year 2014 (B19083)
2014,2010–2014,"Wesley town, Washington County, Maine",81685,029,23,0.4178,0.1053,ACS 5-year 2014 (B19083)
2014,2010–2014,"Codyville plantation, Washington County, Maine",13610,029,23,0.2866,0.2845,ACS 5-year 2014 (B19083)
2014,2010–2014,"Topsham town, Sagadahoc County, Maine",76960,023,23,0.3971,0.0443,ACS 5-year 2014 (B19083)
2014,2010–2014,"West Bath town, Sagadahoc County, Maine",81930,023,23,0.4343,0.0718,ACS 5-year 2014 (B19083)
2014,2010–2014,"Perkins UT, Sagadahoc County, Maine",58070,023,23,-666666666.0000,-222222222.0000,ACS 5-year 2014 (B19083)
2014,2010–2014,"Georgetown town, Sagadahoc County, Maine",27295,023,23,0.4069,0.0436,ACS 5-year 2014 (B19083)
2014,2010–2014,"Arundel town, York County, Maine",01605,031,23,0.3937,0.0367,ACS 5-year 2014 (B19083)
2014,2010–2014,"Berwick town, York County, Maine",04720,031,23,0.3640,0.0351,ACS 5-year 2014 (B19083)
2014,2010–2014,"Cornish town, York County, Maine",14485,031,23,0.5018,0.0975,ACS 5-year 2014 (B19083)
2014,2010–2014,"Kittery town, York County, Maine",37270,031,23,0.3920,0.0285,ACS 5-year 2014 (B19083)
2014,2010–2014,"Falmouth town, Cumberland County, Maine",24495,005,23,0.4696,0.0488,ACS 5-year 2014 (B19083)
2014,2010–2014,"Gorham town, Cumberland County, Maine",28240,005,23,0.3890,0.0238,ACS 5-year 2014 (B19083)
2014,2010–2014,"Sebago town, Cumberland County, Maine",66775,005,23,0.3793,0.0450,ACS 5-year 2014 (B19083)
2014,2010–2014,"Baldwin town, Cumberland County, Maine",02655,005,23,0.3607,0.0323,ACS 5-year 2014 (B19083)
2014,2010–2014,"Cumberland town, Cumberland County, Maine",15430,005,23,0.4752,0.0515,ACS 5-year 2014 (B19083)
2014,2010–2014,"Naples town, Cumberland County, Maine",48085,005,23,0.3396,0.0378,ACS 5-year 2014 (B19083)
2014,2010–2014,"Casco town, Cumberland County, Maine",11125,005,23,0.4018,0.0607,ACS 5-year 2014 (B19083)
2014,2010–2014,"Bridgton town, Cumberland County, Maine",07170,005,23,0.4265,0.0387,ACS 5-year 2014 (B19083)
2014,2010–2014,"South Portland city, Cumberland County, Maine",71990,005,23,0.4373,0.0287,ACS 5-year 2014 (B19083)
2014,2010–2014,"Frye Island town, Cumberland County, Maine",27025,005,23,0.4718,0.1777,ACS 5-year 2014 (B19083)
2014,2010–2014,"Appleton town, Knox County, Maine",01465,013,23,0.3688,0.0412,ACS 5-year 2014 (B19083)
2014,2010–2014,"Criehaven UT, Knox County, Maine",15125,013,23,-666666666.0000,-222222222.0000,ACS 5-year 2014 (B19083)
2014,2010–2014,"Union town, Knox County, Maine",78115,013,23,0.3989,0.0518,ACS 5-year 2014 (B19083)
2014,2010–2014,"Cushing town, Knox County, Maine",15780,013,23,0.4073,0.0429,ACS 5-year 2014 (B19083)
2014,2010–2014,"St. George town, Knox County, Maine",65130,013,23,0.4381,0.0448,ACS 5-year 2014 (B19083)
2014,2010–2014,"Warren town, Knox County, Maine",80215,013,23,0.3572,0.0549,ACS 5-year 2014 (B19083)
2014,2010–2014,"Matinicus Isle plantation, Knox County, Maine",44165,013,23,0.3724,0.1482,ACS 5-year 2014 (B19083)
2014,2010–2014,"Camden town, Knox County, Maine",09725,013,23,0.4936,0.0730,ACS 5-year 2014 (B19083)
2014,2010–2014,"Rockport town, Knox County, Maine",63660,013,23,0.3906,0.0381,ACS 5-year 2014 (B19083)
2014,2010–2014,"South Thomaston town, Knox County, Maine",72585,013,23,0.3798,0.0328,ACS 5-year 2014 (B19083)
2014,2010–2014,"Washington town, Knox County, Maine",80425,013,23,0.3956,0.0294,ACS 5-year 2014 (B19083)
2014,2010–2014,"Rockland city, Knox County, Maine",63590,013,23,0.4075,0.0310,ACS 5-year 2014 (B19083)
2014,2010–2014,"Owls Head town, Knox County, Maine",56135,013,23,0.4139,0.0295,ACS 5-year 2014 (B19083)
2014,2010–2014,"Thomaston town, Knox County, Maine",76365,013,23,0.3569,0.0494,ACS 5-year 2014 (B19083)
2014,2010–2014,"Arrowsic town, Sagadahoc County, Maine",01570,023,23,0.3677,0.0538,ACS 5-year 2014 (B19083)
2014,2010–2014,"Bowdoinham town, Sagadahoc County, Maine",06365,023,23,0.4216,0.0464,ACS 5-year 2014 (B19083)
2014,2010–2014,"Dedham town, Hancock County, Maine",16935,009,23,0.5205,0.1243,ACS 5-year 2014 (B19083)
2014,2010–2014,"Great Pond town, Hancock County, Maine",28975,009,23,0.4567,0.2177,ACS 5-year 2014 (B19083)
2014,2010–2014,"Mount Desert town, Hancock County, Maine",47630,009,23,0.4411,0.0679,ACS 5-year 2014 (B19083)
2014,2010–2014,"Eastbrook town, Hancock County, Maine",19770,009,23,0.3005,0.0671,ACS 5-year 2014 (B19083)
2014,2010–2014,"Penobscot town, Hancock County, Maine",57920,009,23,0.4528,0.0376,ACS 5-year 2014 (B19083)
2014,2010–2014,"Frenchboro town, Hancock County, Maine",26595,009,23,0.3111,0.2298,ACS 5-year 2014 (B19083)
2014,2010–2014,"Bucksport town, Hancock County, Maine",08815,009,23,0.5458,0.0923,ACS 5-year 2014 (B19083)
2014,2010–2014,"Cranberry Isles town, Hancock County, Maine",14905,009,23,0.3358,0.1045,ACS 5-year 2014 (B19083)
2014,2010–2014,"Central Hancock UT, Hancock County, Maine",11800,009,23,0.3169,0.0875,ACS 5-year 2014 (B19083)
2014,2010–2014,"Winter Harbor town, Hancock County, Maine",86655,009,23,0.4204,0.0748,ACS 5-year 2014 (B19083)
2014,2010–2014,"Waltham town, Hancock County, Maine",80040,009,23,0.3698,0.0456,ACS 5-year 2014 (B19083)
2014,2010–2014,"Southwest Harbor town, Hancock County, Maine",72865,009,23,0.5034,0.0716,ACS 5-year 2014 (B19083)
2014,2010–2014,"Louds Island UT, Lincoln County, Maine",41280,015,23,-666666666.0000,-222222222.0000,ACS 5-year 2014 (B19083)
2014,2010–2014,"Boothbay Harbor town, Lincoln County, Maine",06120,015,23,0.4839,0.0477,ACS 5-year 2014 (B19083)
2014,2010–2014,"Monhegan plantation, Lincoln County, Maine",46335,015,23,0.6189,0.2767,ACS 5-year 2014 (B19083)
2014,2010–2014,"Alna town, Lincoln County, Maine",01010,015,23,0.3564,0.0424,ACS 5-year 2014 (B19083)
2014,2010–2014,"Hibberts gore, Lincoln County, Maine",32715,015,23,-666666666.0000,-222222222.0000,ACS 5-year 2014 (B19083)
2014,2010–2014,"Jefferson town, Lincoln County, Maine",35695,015,23,0.4395,0.1288,ACS 5-year 2014 (B19083)
2014,2010–2014,"Edgecomb town, Lincoln County, Maine",22675,015,23,0.3661,0.0376,ACS 5-year 2014 (B19083)
2014,2010–2014,"Harrington town, Washington County, Maine",31530,029,23,0.3839,0.0541,ACS 5-year 2014 (B19083)
2014,2010–2014,"Machias town, Washington County, Maine",41960,029,23,0.3942,0.0349,ACS 5-year 2014 (B19083)
2014,2010–2014,"Marshfield town, Washington County, Maine",43640,029,23,0.3428,0.0536,ACS 5-year 2014 (B19083)
2014,2010–2014,"Perry town, Washington County, Maine",58165,029,23,0.3908,0.0348,ACS 5-year 2014 (B19083)
2014,2010–2014,"Lubec town, Washington County, Maine",41610,029,23,0.4388,0.0277,ACS 5-year 2014 (B19083)
2014,2010–2014,"North Washington UT, Washington County, Maine",53500,029,23,0.4534,0.0802,ACS 5-year 2014 (B19083)
2014,2010–2014,"Passamaquoddy Pleasant Point Reservation, Washington County, Maine",57090,029,23,0.4981,0.0726,ACS 5-year 2014 (B19083)
2014,2010–2014,"Whitneyville town, Washington County, Maine",85290,029,23,0.3247,0.0640,ACS 5-year 2014 (B19083)
2014,2010–2014,"Topsfield town, Washington County, Maine",76895,029,23,0.3143,0.0761,ACS 5-year 2014 (B19083)
2014,2010–2014,"Charlotte town, Washington County, Maine",12175,029,23,0.4583,0.1404,ACS 5-year 2014 (B19083)
2014,2010–2014,"Danforth town, Washington County, Maine",16410,029,23,0.3529,0.0455,ACS 5-year 2014 (B19083)
2014,2010–2014,"Boothbay town, Lincoln County, Maine",06050,015,23,0.4587,0.0541,ACS 5-year 2014 (B19083)
2014,2010–2014,"Bristol town, Lincoln County, Maine",07485,015,23,0.3857,0.0379,ACS 5-year 2014 (B19083)
2014,2010–2014,"Somerville town, Lincoln County, Maine",69645,015,23,0.4088,0.0628,ACS 5-year 2014 (B19083)
2014,2010–2014,"Dresden town, Lincoln County, Maine",18475,015,23,0.4423,0.0479,ACS 5-year 2014 (B19083)
2014,2010–2014,"Nobleboro town, Lincoln County, Maine",49660,015,23,0.4049,0.0356,ACS 5-year 2014 (B19083)
2014,2010–2014,"Waldoboro town, Lincoln County, Maine",79550,015,23,0.3626,0.0457,ACS 5-year 2014 (B19083)
2014,2010–2014,"Whitefield town, Lincoln County, Maine",85010,015,23,0.3695,0.0608,ACS 5-year 2014 (B19083)
2014,2010–2014,"Wiscasset town, Lincoln County, Maine",87075,015,23,0.4519,0.0595,ACS 5-year 2014 (B19083)
2014,2010–2014,"South Bristol town, Lincoln County, Maine",70240,015,23,0.4773,0.0435,ACS 5-year 2014 (B19083)
2014,2010–2014,"Augusta city, Kennebec County, Maine",02100,011,23,0.4196,0.0204,ACS 5-year 2014 (B19083)
2014,2010–2014,"Clinton town, Kennebec County, Maine",13470,011,23,0.3753,0.0353,ACS 5-year 2014 (B19083)
2014,2010–2014,"Litchfield town, Kennebec County, Maine",40175,011,23,0.3857,0.0476,ACS 5-year 2014 (B19083)
2014,2010–2014,"Pittston town, Kennebec County, Maine",59110,011,23,0.3451,0.0282,ACS 5-year 2014 (B19083)
2014,2010–2014,"Gardiner city, Kennebec County, Maine",27085,011,23,0.4449,0.0321,ACS 5-year 2014 (B19083)
2014,2010–2014,"Chelsea town, Kennebec County, Maine",12350,011,23,0.3771,0.0636,ACS 5-year 2014 (B19083)
2014,2010–2014,"Wayne town, Kennebec County, Maine",80880,011,23,0.3673,0.0413,ACS 5-year 2014 (B19083)
2014,2010–2014,"Winslow town, Kennebec County, Maine",86515,011,23,0.4128,0.0311,ACS 5-year 2014 (B19083)
2014,2010–2014,"Randolph town, Kennebec County, Maine",61700,011,23,0.3919,0.0520,ACS 5-year 2014 (B19083)
2014,2010–2014,"Belfast city, Waldo County, Maine",03950,027,23,0.4691,0.0626,ACS 5-year 2014 (B19083)
2014,2010–2014,"Knox town, Waldo County, Maine",37585,027,23,0.3898,0.0559,ACS 5-year 2014 (B19083)
2014,2010–2014,"Belmont town, Waldo County, Maine",04125,027,23,0.3864,0.0299,ACS 5-year 2014 (B19083)
2014,2010–2014,"Brooks town, Waldo County, Maine",07870,027,23,0.4504,0.0485,ACS 5-year 2014 (B19083)
2014,2010–2014,"Frankfort town, Waldo County, Maine",26280,027,23,0.3758,0.0465,ACS 5-year 2014 (B19083)
2014,2010–2014,"Monroe town, Waldo County, Maine",46475,027,23,0.4365,0.0312,ACS 5-year 2014 (B19083)
2014,2010–2014,"Waldo town, Waldo County, Maine",79480,027,23,0.3736,0.0434,ACS 5-year 2014 (B19083)
2014,2010–2014,"Montville town, Waldo County, Maine",46790,027,23,0.3790,0.0335,ACS 5-year 2014 (B19083)
2014,2010–2014,"Palermo town, Waldo County, Maine",56450,027,23,0.4302,0.0877,ACS 5-year 2014 (B19083)
2014,2010–2014,"Prospect town, Waldo County, Maine",61210,027,23,0.3553,0.0420,ACS 5-year 2014 (B19083)
2014,2010–2014,"Searsmont town, Waldo County, Maine",66565,027,23,0.3976,0.0412,ACS 5-year 2014 (B19083)
2014,2010–2014,"Stockton Springs town, Waldo County, Maine",74475,027,23,0.4208,0.0497,ACS 5-year 2014 (B19083)
2014,2010–2014,"Troy town, Waldo County, Maine",77625,027,23,0.4047,0.0377,ACS 5-year 2014 (B19083)
2014,2010–2014,"Northport town, Waldo County, Maine",52845,027,23,0.4581,0.0465,ACS 5-year 2014 (B19083)
2014,2010–2014,"Unity town, Waldo County, Maine",78255,027,23,0.4400,0.0466,ACS 5-year 2014 (B19083)
2014,2010–2014,"Freedom town, Waldo County, Maine",26420,027,23,0.3833,0.0425,ACS 5-year 2014 (B19083)
2014,2010–2014,"Islesboro town, Waldo County, Maine",35240,027,23,0.5697,0.0665,ACS 5-year 2014 (B19083)
2014,2010–2014,"Liberty town, Waldo County, Maine",39055,027,23,0.4083,0.0399,ACS 5-year 2014 (B19083)
2014,2010–2014,"Lincolnville town, Waldo County, Maine",39755,027,23,0.4023,0.0547,ACS 5-year 2014 (B19083)
2014,2010–2014,"Jackson town, Waldo County, Maine",35450,027,23,0.3510,0.0424,ACS 5-year 2014 (B19083)
2014,2010–2014,"Swanville town, Waldo County, Maine",75525,027,23,0.4114,0.0348,ACS 5-year 2014 (B19083)
2014,2010–2014,"Winterport town, Waldo County, Maine",86760,027,23,0.3374,0.0362,ACS 5-year 2014 (B19083)
2014,2010–2014,"Roque Bluffs town, Washington County, Maine",63940,029,23,0.4367,0.0824,ACS 5-year 2014 (B19083)
2014,2010–2014,"Milbridge town, Washington County, Maine",45600,029,23,0.4313,0.0364,ACS 5-year 2014 (B19083)
2014,2010–2014,"Robbinston town, Washington County, Maine",63275,029,23,0.3772,0.0681,ACS 5-year 2014 (B19083)
2014,2010–2014,"Meddybemps town, Washington County, Maine",44760,029,23,0.3480,0.0667,ACS 5-year 2014 (B19083)
2014,2010–2014,"Passamaquoddy Indian Township Reservation, Washington County, Maine",57082,029,23,0.4749,0.0491,ACS 5-year 2014 (B19083)
2014,2010–2014,"Standish town, Cumberland County, Maine",73670,005,23,0.3701,0.0238,ACS 5-year 2014 (B19083)
2014,2010–2014,"Windham town, Cumberland County, Maine",86025,005,23,0.4133,0.0450,ACS 5-year 2014 (B19083)
2014,2010–2014,"North Yarmouth town, Cumberland County, Maine",53860,005,23,0.3924,0.0389,ACS 5-year 2014 (B19083)
2014,2010–2014,"Scarborough town, Cumberland County, Maine",66145,005,23,0.4489,0.0310,ACS 5-year 2014 (B19083)
2014,2010–2014,"Harrison town, Cumberland County, Maine",31600,005,23,0.3981,0.0445,ACS 5-year 2014 (B19083)
2014,2010–2014,"Long Island town, Cumberland County, Maine",41067,005,23,0.4460,0.1005,ACS 5-year 2014 (B19083)
2014,2010–2014,"Westbrook city, Cumberland County, Maine",82105,005,23,0.4528,0.0473,ACS 5-year 2014 (B19083)
2014,2010–2014,"Gray town, Cumberland County, Maine",28870,005,23,0.4305,0.0478,ACS 5-year 2014 (B19083)
2014,2010–2014,"Portland city, Cumberland County, Maine",60545,005,23,0.4819,0.0119,ACS 5-year 2014 (B19083)
2014,2010–2014,"Verona Island town, Hancock County, Maine",78925,009,23,0.3778,0.0547,ACS 5-year 2014 (B19083)
2014,2010–2014,"Westport Island town, Lincoln County, Maine",84140,015,23,0.3993,0.0365,ACS 5-year 2014 (B19083)
2014,2010–2014,"Woolwich town, Sagadahoc County, Maine",87460,023,23,0.3218,0.0348,ACS 5-year 2014 (B19083)
2014,2010–2014,"Bowdoin town, Sagadahoc County, Maine",06260,023,23,0.3670,0.0454,ACS 5-year 2014 (B19083)
2014,2010–2014,"Limerick town, York County, Maine",39195,031,23,0.3387,0.0271,ACS 5-year 2014 (B19083)
2014,2010–2014,"Newfield town, York County, Maine",48750,031,23,0.3802,0.0346,ACS 5-year 2014 (B19083)
2014,2010–2014,"York town, York County, Maine",87985,031,23,0.4697,0.0345,ACS 5-year 2014 (B19083)
2014,2010–2014,"Lyman town, York County, Maine",41750,031,23,0.3538,0.0642,ACS 5-year 2014 (B19083)
2014,2010–2014,"Acton town, York County, Maine",00275,031,23,0.3821,0.0613,ACS 5-year 2014 (B19083)
2014,2010–2014,"Dayton town, York County, Maine",16725,031,23,0.3642,0.0402,ACS 5-year 2014 (B19083)
2014,2010–2014,"Limington town, York County, Maine",39405,031,23,0.3646,0.0402,ACS 5-year 2014 (B19083)
2014,2010–2014,"Ogunquit town, York County, Maine",54980,031,23,0.4711,0.0977,ACS 5-year 2014 (B19083)
2014,2010–2014,"Saco city, York County, Maine",64675,031,23,0.4145,0.0224,ACS 5-year 2014 (B19083)
2014,2010–2014,"Alfred town, York County, Maine",00730,031,23,0.3867,0.0341,ACS 5-year 2014 (B19083)
2014,2010–2014,"Biddeford city, York County, Maine",04860,031,23,0.4262,0.0173,ACS 5-year 2014 (B19083)
2014,2010–2014,"Eliot town, York County, Maine",22955,031,23,0.3743,0.0390,ACS 5-year 2014 (B19083)
2014,2010–2014,"Kennebunk town, York County, Maine",36535,031,23,0.4446,0.0417,ACS 5-year 2014 (B19083)
2014,2010–2014,"North Berwick town, York County, Maine",50325,031,23,0.3236,0.0364,ACS 5-year 2014 (B19083)
2014,2010–2014,"Shapleigh town, York County, Maine",67475,031,23,0.3394,0.0331,ACS 5-year 2014 (B19083)
2014,2010–2014,"Waterboro town, York County, Maine",80530,031,23,0.3431,0.0346,ACS 5-year 2014 (B19083)
2014,2010–2014,"Kennebunkport town, York County, Maine",36745,031,23,0.4834,0.0465,ACS 5-year 2014 (B19083)
2014,2010–2014,"Peru town, Oxford County, Maine",58270,017,23,0.3727,0.0252,ACS 5-year 2014 (B19083)
2014,2010–2014,"Sweden town, Oxford County, Maine",75595,017,23,0.3999,0.0442,ACS 5-year 2014 (B19083)
2014,2010–2014,"Milton UT, Oxford County, Maine",46105,017,23,0.3508,0.0839,ACS 5-year 2014 (B19083)
2014,2010–2014,"Norway town, Oxford County, Maine",54000,017,23,0.4187,0.0399,ACS 5-year 2014 (B19083)
2014,2010–2014,"Buckfield town, Oxford County, Maine",08710,017,23,0.3873,0.0433,ACS 5-year 2014 (B19083)
2014,2010–2014,"Byron town, Oxford County, Maine",09550,017,23,0.4214,0.1449,ACS 5-year 2014 (B19083)
2014,2010–2014,"Paris town, Oxford County, Maine",56625,017,23,0.4606,0.0447,ACS 5-year 2014 (B19083)
2014,2010–2014,"Vienna town, Kennebec County, Maine",79025,011,23,0.5016,0.1027,ACS 5-year 2014 (B19083)
2014,2010–2014,"Sidney town, Kennebec County, Maine",68385,011,23,0.3385,0.0345,ACS 5-year 2014 (B19083)
2014,2010–2014,"Albion town, Kennebec County, Maine",00590,011,23,0.4001,0.0233,ACS 5-year 2014 (B19083)
2014,2010–2014,"Hallowell city, Kennebec County, Maine",30550,011,23,0.4108,0.0420,ACS 5-year 2014 (B19083)
2014,2010–2014,"Belgrade town, Kennebec County, Maine",04020,011,23,0.3961,0.0458,ACS 5-year 2014 (B19083)
2014,2010–2014,"Benton town, Kennebec County, Maine",04475,011,23,0.4194,0.0386,ACS 5-year 2014 (B19083)
2014,2010–2014,"Manchester town, Kennebec County, Maine",43080,011,23,0.4558,0.0456,ACS 5-year 2014 (B19083)
2014,2010–2014,"Monmouth town, Kennebec County, Maine",46405,011,23,0.4033,0.0409,ACS 5-year 2014 (B19083)
2014,2010–2014,"Windsor town, Kennebec County, Maine",86165,011,23,0.3862,0.0361,ACS 5-year 2014 (B19083)
2014,2010–2014,"Oakland town, Kennebec County, Maine",54560,011,23,0.4744,0.0559,ACS 5-year 2014 (B19083)
2014,2010–2014,"Unity UT, Kennebec County, Maine",78190,011,23,0.3637,0.1367,ACS 5-year 2014 (B19083)
2014,2010–2014,"Winthrop town, Kennebec County, Maine",86970,011,23,0.3942,0.0321,ACS 5-year 2014 (B19083)
2014,2010–2014,"China town, Kennebec County, Maine",12735,011,23,0.3990,0.0404,ACS 5-year 2014 (B19083)
2014,2010–2014,"Readfield town, Kennebec County, Maine",62190,011,23,0.3500,0.0481,ACS 5-year 2014 (B19083)
2014,2010–2014,"Vassalboro town, Kennebec County, Maine",78745,011,23,0.3805,0.0323,ACS 5-year 2014 (B19083)
2014,2010–2014,"Mount Vernon town, Kennebec County, Maine",47770,011,23,0.3951,0.0374,ACS 5-year 2014 (B19083)
2014,2010–2014,"Weld town, Franklin County, Maine",81300,007,23,0.3269,0.0465,ACS 5-year 2014 (B19083)
2014,2010–2014,"Phillips town, Franklin County, Maine",58445,007,23,0.3555,0.0472,ACS 5-year 2014 (B19083)
2014,2010–2014,"Temple town, Franklin County, Maine",75980,007,23,0.3505,0.0419,ACS 5-year 2014 (B19083)
2014,2010–2014,"Chesterville town, Franklin County, Maine",12595,007,23,0.3927,0.0461,ACS 5-year 2014 (B19083)
2014,2010–2014,"Industry town, Franklin County, Maine",34820,007,23,0.4199,0.0463,ACS 5-year 2014 (B19083)
2014,2010–2014,"Jay town, Franklin County, Maine",35625,007,23,0.3718,0.0820,ACS 5-year 2014 (B19083)
2014,2010–2014,"Wyman UT, Franklin County, Maine",87680,007,23,0.0150,0.0070,ACS 5-year 2014 (B19083)
2014,2010–2014,"Sandy River plantation, Franklin County, Maine",65655,007,23,0.3701,0.0937,ACS 5-year 2014 (B19083)
2014,2010–2014,"Strong town, Franklin County, Maine",74825,007,23,0.3741,0.0353,ACS 5-year 2014 (B19083)
2014,2010–2014,"Avon town, Franklin County, Maine",02235,007,23,0.4367,0.0627,ACS 5-year 2014 (B19083)
2014,2010–2014,"Carrabassett Valley town, Franklin County, Maine",10740,007,23,0.4092,0.0539,ACS 5-year 2014 (B19083)
2014,2010–2014,"West Central Franklin UT, Franklin County, Maine",82235,007,23,-666666666.0000,-222222222.0000,ACS 5-year 2014 (B19083)
2014,2010–2014,"Dallas plantation, Franklin County, Maine",16165,007,23,0.3654,0.0723,ACS 5-year 2014 (B19083)
2014,2010–2014,"Kingfield town, Franklin County, Maine",37025,007,23,0.3689,0.0387,ACS 5-year 2014 (B19083)
2014,2010–2014,"Carthage town, Franklin County, Maine",10915,007,23,0.4060,0.0394,ACS 5-year 2014 (B19083)
2014,2010–2014,"East Central Franklin UT, Franklin County, Maine",19865,007,23,0.4680,0.0921,ACS 5-year 2014 (B19083)
2014,2010–2014,"South Franklin UT, Franklin County, Maine",70760,007,23,0.3471,0.0871,ACS 5-year 2014 (B19083)
2014,2010–2014,"Eustis town, Franklin County, Maine",24005,007,23,0.3782,0.0628,ACS 5-year 2014 (B19083)
2014,2010–2014,"New Vineyard town, Franklin County, Maine",49520,007,23,0.4610,0.0459,ACS 5-year 2014 (B19083)
2014,2010–2014,"Burlington town, Penobscot County, Maine",09200,019,23,0.3797,0.0720,ACS 5-year 2014 (B19083)
2014,2010–2014,"Morrill town, Waldo County, Maine",47245,027,23,0.3831,0.0542,ACS 5-year 2014 (B19083)
2014,2010–2014,"Burnham town, Waldo County, Maine",09270,027,23,0.4209,0.0314,ACS 5-year 2014 (B19083)
2014,2010–2014,"Thorndike town, Waldo County, Maine",76610,027,23,0.4243,0.0467,ACS 5-year 2014 (B19083)
2014,2010–2014,"Corinna town, Penobscot County, Maine",14310,019,23,0.4428,0.0400,ACS 5-year 2014 (B19083)
2014,2010–2014,"Dexter town, Penobscot County, Maine",17530,019,23,0.4297,0.0449,ACS 5-year 2014 (B19083)
2014,2010–2014,"Hammond town, Aroostook County, Maine",30725,003,23,0.3263,0.0731,ACS 5-year 2014 (B19083)
2014,2010–2014,"New Limerick town, Aroostook County, Maine",48960,003,23,0.3901,0.0419,ACS 5-year 2014 (B19083)
2014,2010–2014,"Smyrna town, Aroostook County, Maine",69260,003,23,0.3260,0.0592,ACS 5-year 2014 (B19083)
2014,2010–2014,"Amity town, Aroostook County, Maine",01220,003,23,0.3558,0.0741,ACS 5-year 2014 (B19083)
2014,2010–2014,"Merrill town, Aroostook County, Maine",45180,003,23,0.4270,0.0846,ACS 5-year 2014 (B19083)
2014,2010–2014,"Orient town, Aroostook County, Maine",55435,003,23,0.3569,0.0697,ACS 5-year 2014 (B19083)
2014,2010–2014,"Haynesville town, Aroostook County, Maine",32195,003,23,0.3176,0.0619,ACS 5-year 2014 (B19083)
2014,2010–2014,"Perham town, Aroostook County, Maine",58060,003,23,0.3937,0.0672,ACS 5-year 2014 (B19083)
2014,2010–2014,"Fort Kent town, Aroostook County, Maine",25755,003,23,0.4787,0.0536,ACS 5-year 2014 (B19083)
2014,2010–2014,"Moro plantation, Aroostook County, Maine",47175,003,23,0.1934,0.1233,ACS 5-year 2014 (B19083)
2014,2010–2014,"Caswell town, Aroostook County, Maine",11335,003,23,0.4394,0.0541,ACS 5-year 2014 (B19083)
2014,2010–2014,"Beddington town, Washington County, Maine",03810,029,23,0.3787,0.1267,ACS 5-year 2014 (B19083)
2014,2010–2014,"Addison town, Washington County, Maine",00380,029,23,0.4688,0.0895,ACS 5-year 2014 (B19083)
2014,2010–2014,"Eastport city, Washington County, Maine",21730,029,23,0.4232,0.0294,ACS 5-year 2014 (B19083)
2014,2010–2014,"Pembroke town, Washington County, Maine",57780,029,23,0.4430,0.0618,ACS 5-year 2014 (B19083)
2014,2010–2014,"Alexander town, Washington County, Maine",00660,029,23,0.3351,0.0447,ACS 5-year 2014 (B19083)
2014,2010–2014,"Deblois town, Washington County, Maine",16865,029,23,0.5048,0.1492,ACS 5-year 2014 (B19083)
2014,2010–2014,"Grand Lake Stream plantation, Washington County, Maine",28660,029,23,0.4562,0.0857,ACS 5-year 2014 (B19083)
2014,2010–2014,"Whiting town, Washington County, Maine",85185,029,23,0.3626,0.0472,ACS 5-year 2014 (B19083)
2014,2010–2014,"Beals town, Washington County, Maine",03670,029,23,0.5296,0.0666,ACS 5-year 2014 (B19083)
2014,2010–2014,"Cooper town, Washington County, Maine",14100,029,23,0.5017,0.0871,ACS 5-year 2014 (B19083)
2014,2010–2014,"Jonesport town, Washington County, Maine",36010,029,23,0.4424,0.0772,ACS 5-year 2014 (B19083)
2014,2010–2014,"Machiasport town, Washington County, Maine",42100,029,23,0.4739,0.0833,ACS 5-year 2014 (B19083)
2014,2010–2014,"Northfield town, Washington County, Maine",51375,029,23,0.3534,0.0625,ACS 5-year 2014 (B19083)
2014,2010–2014,"Steuben town, Washington County, Maine",74125,029,23,0.4153,0.0356,ACS 5-year 2014 (B19083)
2014,2010–2014,"Talmadge town, Washington County, Maine",75770,029,23,0.3925,0.0835,ACS 5-year 2014 (B19083)
2014,2010–2014,"Searsport town, Waldo County, Maine",66635,027,23,0.4039,0.0373,ACS 5-year 2014 (B19083)
2014,2010–2014,"Brewer city, Penobscot County, Maine",06925,019,23,0.4497,0.0527,ACS 5-year 2014 (B19083)
2014,2010–2014,"Limestone town, Aroostook County, Maine",39300,003,23,0.4319,0.0396,ACS 5-year 2014 (B19083)
2014,2010–2014,"Weston town, Aroostook County, Maine",83785,003,23,0.4244,0.0983,ACS 5-year 2014 (B19083)
2014,2010–2014,"Westfield town, Aroostook County, Maine",82770,003,23,0.3386,0.0584,ACS 5-year 2014 (B19083)
2014,2010–2014,"St. John plantation, Aroostook County, Maine",65200,003,23,0.4249,0.0573,ACS 5-year 2014 (B19083)
2014,2010–2014,"Northwest Aroostook UT, Aroostook County, Maine",53602,003,23,0.0140,0.0173,ACS 5-year 2014 (B19083)
2014,2010–2014,"East Central Washington UT, Washington County, Maine",19870,029,23,0.4255,0.0580,ACS 5-year 2014 (B19083)
2014,2010–2014,"Columbia Falls town, Washington County, Maine",13820,029,23,0.4109,0.0407,ACS 5-year 2014 (B19083)
2014,2010–2014,"Baileyville town, Washington County, Maine",02480,029,23,0.3759,0.0379,ACS 5-year 2014 (B19083)
2014,2010–2014,"East Machias town, Washington County, Maine",20960,029,23,0.3930,0.0355,ACS 5-year 2014 (B19083)
2014,2010–2014,"Princeton town, Washington County, Maine",61035,029,23,0.4436,0.0415,ACS 5-year 2014 (B19083)
2014,2010–2014,"Phippsburg town, Sagadahoc County, Maine",58515,023,23,0.3897,0.0429,ACS 5-year 2014 (B19083)
2014,2010–2014,"Cape Elizabeth town, Cumberland County, Maine",10180,005,23,0.4535,0.0345,ACS 5-year 2014 (B19083)
2014,2010–2014,"Harpswell town, Cumberland County, Maine",31390,005,23,0.4919,0.0642,ACS 5-year 2014 (B19083)
2014,2010–2014,"Bath city, Sagadahoc County, Maine",03355,023,23,0.5036,0.0538,ACS 5-year 2014 (B19083)
2014,2010–2014,"Parsonsfield town, York County, Maine",56870,031,23,0.4757,0.0489,ACS 5-year 2014 (B19083)
2014,2010–2014,"Buxton town, York County, Maine",09410,031,23,0.3701,0.0365,ACS 5-year 2014 (B19083)
2014,2010–2014,"Old Orchard Beach town, York County, Maine",55085,031,23,0.4668,0.0638,ACS 5-year 2014 (B19083)
2014,2010–2014,"South Berwick town, York County, Maine",70030,031,23,0.4012,0.0350,ACS 5-year 2014 (B19083)
2014,2010–2014,"Hollis town, York County, Maine",33665,031,23,0.3501,0.0356,ACS 5-year 2014 (B19083)
2014,2010–2014,"Lebanon town, York County, Maine",38425,031,23,0.3717,0.0399,ACS 5-year 2014 (B19083)
2014,2010–2014,"Wells town, York County, Maine",81475,031,23,0.4327,0.0430,ACS 5-year 2014 (B19083)
2014,2010–2014,"Gilead town, Oxford County, Maine",27505,017,23,0.3999,0.0887,ACS 5-year 2014 (B19083)
2014,2010–2014,"West Paris town, Oxford County, Maine",83890,017,23,0.3400,0.0266,ACS 5-year 2014 (B19083)
2014,2010–2014,"Hartford town, Oxford County, Maine",31670,017,23,0.4119,0.0491,ACS 5-year 2014 (B19083)
2014,2010–2014,"Kenduskeag town, Penobscot County, Maine",36325,019,23,0.4343,0.0528,ACS 5-year 2014 (B19083)
2014,2010–2014,"Blanchard UT, Piscataquis County, Maine",05560,021,23,0.2210,0.0675,ACS 5-year 2014 (B19083)
2014,2010–2014,"Milo town, Piscataquis County, Maine",46020,021,23,0.4422,0.0346,ACS 5-year 2014 (B19083)
2014,2010–2014,"Kingsbury plantation, Piscataquis County, Maine",37095,021,23,0.4806,0.1841,ACS 5-year 2014 (B19083)
2014,2010–2014,"Parkman town, Piscataquis County, Maine",56765,021,23,0.3733,0.0274,ACS 5-year 2014 (B19083)
2014,2010–2014,"Beaver Cove town, Piscataquis County, Maine",03740,021,23,0.3207,0.1149,ACS 5-year 2014 (B19083)
2014,2010–2014,"Hersey town, Aroostook County, Maine",32685,003,23,0.4025,0.1305,ACS 5-year 2014 (B19083)
2014,2010–2014,"New Canada town, Aroostook County, Maine",48575,003,23,0.4168,0.0425,ACS 5-year 2014 (B19083)
2014,2010–2014,"Cyr plantation, Aroostook County, Maine",15990,003,23,0.3570,0.1209,ACS 5-year 2014 (B19083)
2014,2010–2014,"Mars Hill town, Aroostook County, Maine",43710,003,23,0.4155,0.0291,ACS 5-year 2014 (B19083)
2014,2010–2014,"Crystal town, Aroostook County, Maine",15395,003,23,0.3820,0.0421,ACS 5-year 2014 (B19083)
2014,2010–2014,"Penobscot Indian Island Reservation, Aroostook County, Maine",57936,003,23,-666666666.0000,-222222222.0000,ACS 5-year 2014 (B19083)
2014,2010–2014,"Wade town, Aroostook County, Maine",79270,003,23,0.3827,0.0616,ACS 5-year 2014 (B19083)
2014,2010–2014,"Farmingdale town, Kennebec County, Maine",24670,011,23,0.4303,0.0491,ACS 5-year 2014 (B19083)
2014,2010–2014,"West Gardiner town, Kennebec County, Maine",82945,011,23,0.3476,0.0387,ACS 5-year 2014 (B19083)
2014,2010–2014,"Rome town, Kennebec County, Maine",63835,011,23,0.4595,0.0523,ACS 5-year 2014 (B19083)
2014,2010–2014,"Fayette town, Kennebec County, Maine",24950,011,23,0.3828,0.0347,ACS 5-year 2014 (B19083)
2014,2010–2014,"Waterville city, Kennebec County, Maine",80740,011,23,0.5279,0.0355,ACS 5-year 2014 (B19083)
2014,2010–2014,"Rangeley plantation, Franklin County, Maine",61875,007,23,0.4153,0.0596,ACS 5-year 2014 (B19083)
2014,2010–2014,"Coplin plantation, Franklin County, Maine",14205,007,23,0.3721,0.0878,ACS 5-year 2014 (B19083)
2014,2010–2014,"Farmington town, Franklin County, Maine",24775,007,23,0.4910,0.0456,ACS 5-year 2014 (B19083)
2014,2010–2014,"Rangeley town, Franklin County, Maine",61840,007,23,0.4519,0.0656,ACS 5-year 2014 (B19083)
2014,2010–2014,"Wilton town, Franklin County, Maine",85850,007,23,0.4518,0.0484,ACS 5-year 2014 (B19083)
2014,2010–2014,"New Sharon town, Franklin County, Maine",49345,007,23,0.3790,0.0299,ACS 5-year 2014 (B19083)
2014,2010–2014,"Bridgewater town, Aroostook County, Maine",07065,003,23,0.4177,0.0429,ACS 5-year 2014 (B19083)
2014,2010–2014,"North Franklin UT, Franklin County, Maine",51400,007,23,0.1224,0.0756,ACS 5-year 2014 (B19083)
2014,2010–2014,"Washburn town, Aroostook County, Maine",80285,003,23,0.3967,0.0515,ACS 5-year 2014 (B19083)
2014,2010–2014,"Macwahoc plantation, Aroostook County, Maine",42450,003,23,0.3205,0.0879,ACS 5-year 2014 (B19083)
2014,2010–2014,"Brunswick town, Cumberland County, Maine",08430,005,23,0.4582,0.0323,ACS 5-year 2014 (B19083)
2014,2010–2014,"Raymond town, Cumberland County, Maine",61945,005,23,0.3975,0.0423,ACS 5-year 2014 (B19083)
2014,2010–2014,"Brighton plantation, Somerset County, Maine",07380,025,23,0.1762,0.1011,ACS 5-year 2014 (B19083)
2014,2010–2014,"Smithfield town, Somerset County, Maine",69155,025,23,0.3154,0.0358,ACS 5-year 2014 (B19083)
2014,2010–2014,"West Forks plantation, Somerset County, Maine",82840,025,23,0.3315,0.2853,ACS 5-year 2014 (B19083)
2014,2010–2014,"Fairfield town, Somerset County, Maine",24320,025,23,0.3968,0.0409,ACS 5-year 2014 (B19083)
2014,2010–2014,"Pleasant Ridge plantation, Somerset County, Maine",59705,025,23,0.3779,0.1128,ACS 5-year 2014 (B19083)
2014,2010–2014,"Otis town, Hancock County, Maine",55890,009,23,0.3797,0.0493,ACS 5-year 2014 (B19083)
2014,2010–2014,"Osborn town, Hancock County, Maine",55855,009,23,0.3450,0.0892,ACS 5-year 2014 (B19083)
2014,2010–2014,"Sullivan town, Hancock County, Maine",74965,009,23,0.4691,0.0540,ACS 5-year 2014 (B19083)
2014,2010–2014,"Bingham town, Somerset County, Maine",05000,025,23,0.4627,0.0470,ACS 5-year 2014 (B19083)
2014,2010–2014,"Lincoln town, Penobscot County, Maine",39475,019,23,0.4959,0.0917,ACS 5-year 2014 (B19083)
2014,2010–2014,"Veazie town, Penobscot County, Maine",78780,019,23,0.4935,0.0586,ACS 5-year 2014 (B19083)
2014,2010–2014,"Leeds town, Androscoggin County, Maine",38565,001,23,0.3760,0.0461,ACS 5-year 2014 (B19083)
2014,2010–2014,"Durham town, Androscoggin County, Maine",19105,001,23,0.3934,0.0385,ACS 5-year 2014 (B19083)
2014,2010–2014,"Greene town, Androscoggin County, Maine",29255,001,23,0.3633,0.0405,ACS 5-year 2014 (B19083)
2014,2010–2014,"Poland town, Androscoggin County, Maine",60020,001,23,0.4145,0.0573,ACS 5-year 2014 (B19083)
2014,2010–2014,"South Aroostook UT, Aroostook County, Maine",69930,003,23,0.3890,0.1076,ACS 5-year 2014 (B19083)
2014,2010–2014,"Waterford town, Oxford County, Maine",80635,017,23,0.4048,0.0416,ACS 5-year 2014 (B19083)
2014,2010–2014,"Stoneham town, Oxford County, Maine",74510,017,23,0.4864,0.1253,ACS 5-year 2014 (B19083)
2014,2010–2014,"Bethel town, Oxford County, Maine",04825,017,23,0.4992,0.0894,ACS 5-year 2014 (B19083)
2014,2010–2014,"Fryeburg town, Oxford County, Maine",26910,017,23,0.4223,0.0519,ACS 5-year 2014 (B19083)
2014,2010–2014,"Hanover town, Oxford County, Maine",31110,017,23,0.4052,0.0700,ACS 5-year 2014 (B19083)
2014,2010–2014,"North Oxford UT, Oxford County, Maine",52575,017,23,-666666666.0000,-222222222.0000,ACS 5-year 2014 (B19083)
2014,2010–2014,"Magalloway plantation, Oxford County, Maine",42835,017,23,0.4079,0.1442,ACS 5-year 2014 (B19083)
2014,2010–2014,"Sumner town, Oxford County, Maine",75035,017,23,0.3506,0.0370,ACS 5-year 2014 (B19083)
2014,2010–2014,"Winn town, Penobscot County, Maine",86305,019,23,0.3393,0.0321,ACS 5-year 2014 (B19083)
2014,2010–2014,"Drew plantation, Penobscot County, Maine",18580,019,23,0.3386,0.1530,ACS 5-year 2014 (B19083)
2014,2010–2014,"Howland town, Penobscot County, Maine",34190,019,23,0.3962,0.0524,ACS 5-year 2014 (B19083)
2014,2010–2014,"Patten town, Penobscot County, Maine",57150,019,23,0.4279,0.0462,ACS 5-year 2014 (B19083)
2014,2010–2014,"Holden town, Penobscot County, Maine",33490,019,23,0.3926,0.0585,ACS 5-year 2014 (B19083)
2014,2010–2014,"Bradford town, Penobscot County, Maine",06575,019,23,0.3721,0.0345,ACS 5-year 2014 (B19083)
2014,2010–2014,"East Millinocket town, Penobscot County, Maine",21030,019,23,0.4115,0.0365,ACS 5-year 2014 (B19083)
2014,2010–2014,"Medway town, Penobscot County, Maine",45005,019,23,0.3515,0.0327,ACS 5-year 2014 (B19083)
2014,2010–2014,"Milford town, Penobscot County, Maine",45670,019,23,0.3158,0.0384,ACS 5-year 2014 (B19083)
2014,2010–2014,"Jonesboro town, Washington County, Maine",35905,029,23,0.4727,0.0953,ACS 5-year 2014 (B19083)
2014,2010–2014,"Baring plantation, Washington County, Maine",02970,029,23,0.4466,0.0573,ACS 5-year 2014 (B19083)
2014,2010–2014,"Isle au Haut town, Knox County, Maine",35135,013,23,0.4163,0.1148,ACS 5-year 2014 (B19083)
2014,2010–2014,"Vinalhaven town, Knox County, Maine",79130,013,23,0.4053,0.0488,ACS 5-year 2014 (B19083)
2014,2010–2014,"Hope town, Knox County, Maine",33840,013,23,0.3726,0.0320,ACS 5-year 2014 (B19083)
2014,2010–2014,"Friendship town, Knox County, Maine",26805,013,23,0.3935,0.0414,ACS 5-year 2014 (B19083)
2014,2010–2014,"North Haven town, Knox County, Maine",51620,013,23,0.3576,0.1152,ACS 5-year 2014 (B19083)
2014,2010–2014,"Richmond town, Sagadahoc County, Maine",62645,023,23,0.3635,0.0321,ACS 5-year 2014 (B19083)
2014,2010–2014,"Trenton town, Hancock County, Maine",77415,009,23,0.4044,0.0336,ACS 5-year 2014 (B19083)
2014,2010–2014,"Amherst town, Hancock County, Maine",01185,009,23,0.3685,0.0525,ACS 5-year 2014 (B19083)
2014,2010–2014,"Lamoine town, Hancock County, Maine",38180,009,23,0.4347,0.0351,ACS 5-year 2014 (B19083)
2014,2010–2014,"Orland town, Hancock County, Maine",55505,009,23,0.3469,0.0386,ACS 5-year 2014 (B19083)
2014,2010–2014,"Muscle Ridge Islands UT, Knox County, Maine",47962,013,23,-666666666.0000,-222222222.0000,ACS 5-year 2014 (B19083)
2014,2010–2014,"Southport town, Lincoln County, Maine",71955,015,23,0.4721,0.0506,ACS 5-year 2014 (B19083)
2014,2010–2014,"Damariscotta town, Lincoln County, Maine",16235,015,23,0.4253,0.0512,ACS 5-year 2014 (B19083)
2014,2010–2014,"Newcastle town, Lincoln County, Maine",48645,015,23,0.4295,0.0356,ACS 5-year 2014 (B19083)
2014,2010–2014,"Crawford town, Washington County, Maine",14940,029,23,0.3340,0.1127,ACS 5-year 2014 (B19083)
2015,2011–2015,"Calais city, Washington County, Maine",09585,029,23,0.5409,0.1529,ACS 5-year 2015 (B19083)
2015,2011–2015,"Cherryfield town, Washington County, Maine",12455,029,23,0.4088,0.0524,ACS 5-year 2015 (B19083)
2015,2011–2015,"Columbia town, Washington County, Maine",13750,029,23,0.4768,0.1010,ACS 5-year 2015 (B19083)
2015,2011–2015,"Topsham town, Sagadahoc County, Maine",76960,023,23,0.4110,0.0472,ACS 5-year 2015 (B19083)
2015,2011–2015,"West Bath town, Sagadahoc County, Maine",81930,023,23,0.3910,0.0551,ACS 5-year 2015 (B19083)
2015,2011–2015,"Perkins UT, Sagadahoc County, Maine",58070,023,23,-666666666.0000,-222222222.0000,ACS 5-year 2015 (B19083)
2015,2011–2015,"Georgetown town, Sagadahoc County, Maine",27295,023,23,0.4473,0.0424,ACS 5-year 2015 (B19083)
2015,2011–2015,"Arundel town, York County, Maine",01605,031,23,0.4079,0.0391,ACS 5-year 2015 (B19083)
2015,2011–2015,"Berwick town, York County, Maine",04720,031,23,0.3606,0.0406,ACS 5-year 2015 (B19083)
2015,2011–2015,"Cornish town, York County, Maine",14485,031,23,0.4930,0.0933,ACS 5-year 2015 (B19083)
2015,2011–2015,"Kittery town, York County, Maine",37270,031,23,0.3610,0.0228,ACS 5-year 2015 (B19083)
2015,2011–2015,"Falmouth town, Cumberland County, Maine",24495,005,23,0.4974,0.0616,ACS 5-year 2015 (B19083)
2015,2011–2015,"Gorham town, Cumberland County, Maine",28240,005,23,0.3956,0.0251,ACS 5-year 2015 (B19083)
2015,2011–2015,"Sebago town, Cumberland County, Maine",66775,005,23,0.3796,0.0458,ACS 5-year 2015 (B19083)
2015,2011–2015,"Baldwin town, Cumberland County, Maine",02655,005,23,0.3536,0.0288,ACS 5-year 2015 (B19083)
2015,2011–2015,"Cumberland town, Cumberland County, Maine",15430,005,23,0.4745,0.0618,ACS 5-year 2015 (B19083)
2015,2011–2015,"Naples town, Cumberland County, Maine",48085,005,23,0.3428,0.0340,ACS 5-year 2015 (B19083)
2015,2011–2015,"Casco town, Cumberland County, Maine",11125,005,23,0.4486,0.0641,ACS 5-year 2015 (B19083)
2015,2011–2015,"Bridgton town, Cumberland County, Maine",07170,005,23,0.4452,0.0571,ACS 5-year 2015 (B19083)
2015,2011–2015,"South Portland city, Cumberland County, Maine",71990,005,23,0.4410,0.0225,ACS 5-year 2015 (B19083)
2015,2011–2015,"Frye Island town, Cumberland County, Maine",27025,005,23,0.4646,0.1011,ACS 5-year 2015 (B19083)
2015,2011–2015,"New Gloucester town, Cumberland County, Maine",48820,005,23,0.3449,0.0295,ACS 5-year 2015 (B19083)
2015,2011–2015,"Easton town, Aroostook County, Maine",21380,003,23,0.4528,0.0447,ACS 5-year 2015 (B19083)
2015,2011–2015,"Glenwood plantation, Aroostook County, Maine",27855,003,23,-666666666.0000,-222222222.0000,ACS 5-year 2015 (B19083)
2015,2011–2015,"Hamlin town, Aroostook County, Maine",30690,003,23,0.4437,0.0977,ACS 5-year 2015 (B19083)
2015,2011–2015,"New Portland town, Somerset County, Maine",49205,025,23,0.3846,0.0355,ACS 5-year 2015 (B19083)
2015,2011–2015,"Palmyra town, Somerset County, Maine",56520,025,23,0.3814,0.0389,ACS 5-year 2015 (B19083)
2015,2011–2015,"Embden town, Somerset County, Maine",23410,025,23,0.4282,0.1012,ACS 5-year 2015 (B19083)
2015,2011–2015,"Northwest Somerset UT, Somerset County, Maine",53636,025,23,0.0342,0.0289,ACS 5-year 2015 (B19083)
2015,2011–2015,"St. Albans town, Somerset County, Maine",64850,025,23,0.3697,0.0392,ACS 5-year 2015 (B19083)
2015,2011–2015,"Madison town, Somerset County, Maine",42660,025,23,0.4525,0.0521,ACS 5-year 2015 (B19083)
2015,2011–2015,"Anson town, Somerset County, Maine",01395,025,23,0.3685,0.0374,ACS 5-year 2015 (B19083)
2015,2011–2015,"Dennistown plantation, Somerset County, Maine",17285,025,23,0.0701,0.0360,ACS 5-year 2015 (B19083)
2015,2011–2015,"Hartland town, Somerset County, Maine",31740,025,23,0.4761,0.0331,ACS 5-year 2015 (B19083)
2015,2011–2015,"Moscow town, Somerset County, Maine",47455,025,23,0.3800,0.0437,ACS 5-year 2015 (B19083)
2015,2011–2015,"Seboomook Lake UT, Somerset County, Maine",67238,025,23,0.3059,0.1183,ACS 5-year 2015 (B19083)
2015,2011–2015,"Gouldsboro town, Hancock County, Maine",28450,009,23,0.4527,0.0522,ACS 5-year 2015 (B19083)
2015,2011–2015,"Northwest Hancock UT, Hancock County, Maine",53620,009,23,-666666666.0000,-222222222.0000,ACS 5-year 2015 (B19083)
2015,2011–2015,"Deer Isle town, Hancock County, Maine",17145,009,23,0.4788,0.0416,ACS 5-year 2015 (B19083)
2015,2011–2015,"Hancock town, Hancock County, Maine",30970,009,23,0.4136,0.0400,ACS 5-year 2015 (B19083)
2015,2011–2015,"Sorrento town, Hancock County, Maine",69750,009,23,0.4257,0.1498,ACS 5-year 2015 (B19083)
2015,2011–2015,"Stonington town, Hancock County, Maine",74580,009,23,0.4319,0.0336,ACS 5-year 2015 (B19083)
2015,2011–2015,"Swans Island town, Hancock County, Maine",75455,009,23,0.4483,0.0590,ACS 5-year 2015 (B19083)
2015,2011–2015,"Aurora town, Hancock County, Maine",02165,009,23,0.4330,0.1605,ACS 5-year 2015 (B19083)
2015,2011–2015,"Appleton town, Knox County, Maine",01465,013,23,0.3877,0.0427,ACS 5-year 2015 (B19083)
2015,2011–2015,"Criehaven UT, Knox County, Maine",15125,013,23,-666666666.0000,-222222222.0000,ACS 5-year 2015 (B19083)
2015,2011–2015,"Union town, Knox County, Maine",78115,013,23,0.3536,0.0460,ACS 5-year 2015 (B19083)
2015,2011–2015,"Cushing town, Knox County, Maine",15780,013,23,0.4104,0.0393,ACS 5-year 2015 (B19083)
2015,2011–2015,"St. George town, Knox County, Maine",65130,013,23,0.4390,0.0439,ACS 5-year 2015 (B19083)
2015,2011–2015,"Warren town, Knox County, Maine",80215,013,23,0.3478,0.0529,ACS 5-year 2015 (B19083)
2015,2011–2015,"Matinicus Isle plantation, Knox County, Maine",44165,013,23,0.5179,0.1138,ACS 5-year 2015 (B19083)
2015,2011–2015,"Camden town, Knox County, Maine",09725,013,23,0.4891,0.0622,ACS 5-year 2015 (B19083)
2015,2011–2015,"Rockport town, Knox County, Maine",63660,013,23,0.4048,0.0389,ACS 5-year 2015 (B19083)
2015,2011–2015,"South Thomaston town, Knox County, Maine",72585,013,23,0.3929,0.0306,ACS 5-year 2015 (B19083)
2015,2011–2015,"Washington town, Knox County, Maine",80425,013,23,0.3885,0.0410,ACS 5-year 2015 (B19083)
2015,2011–2015,"Rockland city, Knox County, Maine",63590,013,23,0.4106,0.0282,ACS 5-year 2015 (B19083)
2015,2011–2015,"Owls Head town, Knox County, Maine",56135,013,23,0.3839,0.0289,ACS 5-year 2015 (B19083)
2015,2011–2015,"Thomaston town, Knox County, Maine",76365,013,23,0.3809,0.0571,ACS 5-year 2015 (B19083)
2015,2011–2015,"Arrowsic town, Sagadahoc County, Maine",01570,023,23,0.3824,0.0601,ACS 5-year 2015 (B19083)
2015,2011–2015,"Bowdoinham town, Sagadahoc County, Maine",06365,023,23,0.4355,0.0421,ACS 5-year 2015 (B19083)
2015,2011–2015,"Dedham town, Hancock County, Maine",16935,009,23,0.5007,0.1074,ACS 5-year 2015 (B19083)
2015,2011–2015,"Great Pond town, Hancock County, Maine",28975,009,23,0.4223,0.1845,ACS 5-year 2015 (B19083)
2015,2011–2015,"Mount Desert town, Hancock County, Maine",47630,009,23,0.4264,0.0611,ACS 5-year 2015 (B19083)
2015,2011–2015,"Eastbrook town, Hancock County, Maine",19770,009,23,0.3123,0.0688,ACS 5-year 2015 (B19083)
2015,2011–2015,"Frenchboro town, Hancock County, Maine",26595,009,23,0.2396,0.2403,ACS 5-year 2015 (B19083)
2015,2011–2015,"Bucksport town, Hancock County, Maine",08815,009,23,0.5439,0.1065,ACS 5-year 2015 (B19083)
2015,2011–2015,"Cranberry Isles town, Hancock County, Maine",14905,009,23,0.3815,0.1263,ACS 5-year 2015 (B19083)
2015,2011–2015,"Penobscot town, Hancock County, Maine",57920,009,23,0.4345,0.0384,ACS 5-year 2015 (B19083)
2015,2011–2015,"Central Hancock UT, Hancock County, Maine",11800,009,23,0.3055,0.0759,ACS 5-year 2015 (B19083)
2015,2011–2015,"Winter Harbor town, Hancock County, Maine",86655,009,23,0.4498,0.0735,ACS 5-year 2015 (B19083)
2015,2011–2015,"Waltham town, Hancock County, Maine",80040,009,23,0.3395,0.0445,ACS 5-year 2015 (B19083)
2015,2011–2015,"Southwest Harbor town, Hancock County, Maine",72865,009,23,0.4690,0.0739,ACS 5-year 2015 (B19083)
2015,2011–2015,"Louds Island UT, Lincoln County, Maine",41280,015,23,-666666666.0000,-222222222.0000,ACS 5-year 2015 (B19083)
2015,2011–2015,"Boothbay Harbor town, Lincoln County, Maine",06120,015,23,0.5121,0.0531,ACS 5-year 2015 (B19083)
2015,2011–2015,"Monhegan plantation, Lincoln County, Maine",46335,015,23,0.4091,0.2449,ACS 5-year 2015 (B19083)
2015,2011–2015,"Alna town, Lincoln County, Maine",01010,015,23,0.3667,0.0422,ACS 5-year 2015 (B19083)
2015,2011–2015,"Hibberts gore, Lincoln County, Maine",32715,015,23,-666666666.0000,-222222222.0000,ACS 5-year 2015 (B19083)
2015,2011–2015,"Jefferson town, Lincoln County, Maine",35695,015,23,0.4477,0.1347,ACS 5-year 2015 (B19083)
2015,2011–2015,"Edgecomb town, Lincoln County, Maine",22675,015,23,0.3914,0.0459,ACS 5-year 2015 (B19083)
2015,2011–2015,"Sedgwick town, Hancock County, Maine",67300,009,23,0.4628,0.0348,ACS 5-year 2015 (B19083)
2015,2011–2015,"Tremont town, Hancock County, Maine",77345,009,23,0.4653,0.0443,ACS 5-year 2015 (B19083)
2015,2011–2015,"Brooksville town, Hancock County, Maine",07975,009,23,0.4078,0.0387,ACS 5-year 2015 (B19083)
2015,2011–2015,"Castine town, Hancock County, Maine",11265,009,23,0.5205,0.0719,ACS 5-year 2015 (B19083)
2015,2011–2015,"Surry town, Hancock County, Maine",75280,009,23,0.3999,0.0382,ACS 5-year 2015 (B19083)
2015,2011–2015,"Franklin town, Hancock County, Maine",26350,009,23,0.3524,0.0403,ACS 5-year 2015 (B19083)
2015,2011–2015,"Bar Harbor town, Hancock County, Maine",02865,009,23,0.4411,0.0644,ACS 5-year 2015 (B19083)
2015,2011–2015,"East Hancock UT, Hancock County, Maine",20405,009,23,0.2546,0.0778,ACS 5-year 2015 (B19083)
2015,2011–2015,"Ellsworth city, Hancock County, Maine",23200,009,23,0.4559,0.0430,ACS 5-year 2015 (B19083)
2015,2011–2015,"Brooklin town, Hancock County, Maine",07800,009,23,0.5128,0.1002,ACS 5-year 2015 (B19083)
2015,2011–2015,"Mariaville town, Hancock County, Maine",43430,009,23,0.3969,0.0674,ACS 5-year 2015 (B19083)
2015,2011–2015,"Blue Hill town, Hancock County, Maine",05700,009,23,0.5241,0.0762,ACS 5-year 2015 (B19083)
2015,2011–2015,"Twombly Ridge UT, Penobscot County, Maine",78015,019,23,-666666666.0000,-222222222.0000,ACS 5-year 2015 (B19083)
2015,2011–2015,"Penobscot Indian Island Reservation, Penobscot County, Maine",57936,019,23,0.4905,0.0360,ACS 5-year 2015 (B19083)
2015,2011–2015,"Marshall Island UT, Hancock County, Maine",43578,009,23,-666666666.0000,-222222222.0000,ACS 5-year 2015 (B19083)
2015,2011–2015,"Belfast city, Waldo County, Maine",03950,027,23,0.4668,0.0617,ACS 5-year 2015 (B19083)
2015,2011–2015,"Knox town, Waldo County, Maine",37585,027,23,0.3598,0.0481,ACS 5-year 2015 (B19083)
2015,2011–2015,"Belmont town, Waldo County, Maine",04125,027,23,0.4051,0.0369,ACS 5-year 2015 (B19083)
2015,2011–2015,"Sanford city, York County, Maine",65725,031,23,0.4364,0.0384,ACS 5-year 2015 (B19083)
2015,2011–2015,"Dover-Foxcroft town, Piscataquis County, Maine",18195,021,23,0.4842,0.0836,ACS 5-year 2015 (B19083)
2015,2011–2015,"Greenville town, Piscataquis County, Maine",29535,021,23,0.4366,0.0799,ACS 5-year 2015 (B19083)
2015,2011–2015,"Lake View plantation, Piscataquis County, Maine",37970,021,23,0.3620,0.1142,ACS 5-year 2015 (B19083)
2015,2011–2015,"Southeast Piscataquis UT, Piscataquis County, Maine",70655,021,23,0.4072,0.0601,ACS 5-year 2015 (B19083)
2015,2011–2015,"Wellington town, Piscataquis County, Maine",81405,021,23,0.5491,0.1132,ACS 5-year 2015 (B19083)
2015,2011–2015,"Monson town, Piscataquis County, Maine",46580,021,23,0.3905,0.0251,ACS 5-year 2015 (B19083)
2015,2011–2015,"Sebec town, Piscataquis County, Maine",66950,021,23,0.4520,0.0694,ACS 5-year 2015 (B19083)
2015,2011–2015,"Minot town, Androscoggin County, Maine",46160,001,23,0.4190,0.1225,ACS 5-year 2015 (B19083)
2015,2011–2015,"Livermore town, Androscoggin County, Maine",40665,001,23,0.4071,0.0615,ACS 5-year 2015 (B19083)
2015,2011–2015,"Sabattus town, Androscoggin County, Maine",64570,001,23,0.3133,0.0281,ACS 5-year 2015 (B19083)
2015,2011–2015,"Wales town, Androscoggin County, Maine",79585,001,23,0.3234,0.0373,ACS 5-year 2015 (B19083)
2015,2011–2015,"Auburn city, Androscoggin County, Maine",02060,001,23,0.4603,0.0392,ACS 5-year 2015 (B19083)
2015,2011–2015,"Lewiston city, Androscoggin County, Maine",38740,001,23,0.4552,0.0151,ACS 5-year 2015 (B19083)
2015,2011–2015,"Lisbon town, Androscoggin County, Maine",40035,001,23,0.3933,0.0374,ACS 5-year 2015 (B19083)
2015,2011–2015,"Turner town, Androscoggin County, Maine",77800,001,23,0.4032,0.0410,ACS 5-year 2015 (B19083)
2015,2011–2015,"Mechanic Falls town, Androscoggin County, Maine",44585,001,23,0.4193,0.0507,ACS 5-year 2015 (B19083)
2015,2011–2015,"Livermore Falls town, Androscoggin County, Maine",40770,001,23,0.3824,0.0329,ACS 5-year 2015 (B19083)
2015,2011–2015,"Oxford town, Oxford County, Maine",56310,017,23,0.3826,0.0402,ACS 5-year 2015 (B19083)
2015,2011–2015,"Rumford town, Oxford County, Maine",64290,017,23,0.4411,0.0313,ACS 5-year 2015 (B19083)
2015,2011–2015,"South Oxford UT, Oxford County, Maine",71755,017,23,0.4245,0.0415,ACS 5-year 2015 (B19083)
2015,2011–2015,"Lovell town, Oxford County, Maine",41365,017,23,0.4226,0.0643,ACS 5-year 2015 (B19083)
2015,2011–2015,"Roxbury town, Oxford County, Maine",64185,017,23,0.4000,0.0442,ACS 5-year 2015 (B19083)
2015,2011–2015,"Upton town, Oxford County, Maine",78465,017,23,0.5192,0.1439,ACS 5-year 2015 (B19083)
2015,2011–2015,"Woodstock town, Oxford County, Maine",87355,017,23,0.4304,0.0487,ACS 5-year 2015 (B19083)
2015,2011–2015,"Brownfield town, Oxford County, Maine",08150,017,23,0.3929,0.0490,ACS 5-year 2015 (B19083)
2015,2011–2015,"Andover town, Oxford County, Maine",01325,017,23,0.3590,0.0443,ACS 5-year 2015 (B19083)
2015,2011–2015,"Dixfield town, Oxford County, Maine",17740,017,23,0.4217,0.0440,ACS 5-year 2015 (B19083)
2015,2011–2015,"Mexico town, Oxford County, Maine",45285,017,23,0.4618,0.0508,ACS 5-year 2015 (B19083)
2015,2011–2015,"Otisfield town, Oxford County, Maine",55960,017,23,0.3654,0.0401,ACS 5-year 2015 (B19083)
2015,2011–2015,"Hebron town, Oxford County, Maine",32370,017,23,0.3569,0.0396,ACS 5-year 2015 (B19083)
2015,2011–2015,"Hiram town, Oxford County, Maine",33315,017,23,0.4242,0.0332,ACS 5-year 2015 (B19083)
2015,2011–2015,"Stow town, Oxford County, Maine",74685,017,23,0.3923,0.0529,ACS 5-year 2015 (B19083)
2015,2011–2015,"Greenwood town, Oxford County, Maine",29710,017,23,0.3999,0.0659,ACS 5-year 2015 (B19083)
2015,2011–2015,"Porter town, Oxford County, Maine",60405,017,23,0.4032,0.0441,ACS 5-year 2015 (B19083)
2015,2011–2015,"Lincoln plantation, Oxford County, Maine",39422,017,23,0.4853,0.1203,ACS 5-year 2015 (B19083)
2015,2011–2015,"Denmark town, Oxford County, Maine",17250,017,23,0.3955,0.0480,ACS 5-year 2015 (B19083)
2015,2011–2015,"Bremen town, Lincoln County, Maine",06855,015,23,0.4088,0.1036,ACS 5-year 2015 (B19083)
2015,2011–2015,"Talmadge town, Washington County, Maine",75770,029,23,0.3630,0.0716,ACS 5-year 2015 (B19083)
2015,2011–2015,"Harrington town, Washington County, Maine",31530,029,23,0.3806,0.0482,ACS 5-year 2015 (B19083)
2015,2011–2015,"Machias town, Washington County, Maine",41960,029,23,0.4092,0.0351,ACS 5-year 2015 (B19083)
2015,2011–2015,"Marshfield town, Washington County, Maine",43640,029,23,0.3735,0.0519,ACS 5-year 2015 (B19083)
2015,2011–2015,"Perry town, Washington County, Maine",58165,029,23,0.3840,0.0352,ACS 5-year 2015 (B19083)
2015,2011–2015,"Lubec town, Washington County, Maine",41610,029,23,0.4345,0.0335,ACS 5-year 2015 (B19083)
2015,2011–2015,"North Washington UT, Washington County, Maine",53500,029,23,0.3952,0.0555,ACS 5-year 2015 (B19083)
2015,2011–2015,"Passamaquoddy Pleasant Point Reservation, Washington County, Maine",57090,029,23,0.4987,0.0837,ACS 5-year 2015 (B19083)
2015,2011–2015,"Whitneyville town, Washington County, Maine",85290,029,23,0.3377,0.0893,ACS 5-year 2015 (B19083)
2015,2011–2015,"Topsfield town, Washington County, Maine",76895,029,23,0.3347,0.0617,ACS 5-year 2015 (B19083)
2015,2011–2015,"Charlotte town, Washington County, Maine",12175,029,23,0.4248,0.1107,ACS 5-year 2015 (B19083)
2015,2011–2015,"Danforth town, Washington County, Maine",16410,029,23,0.3749,0.0350,ACS 5-year 2015 (B19083)
2015,2011–2015,"Brooks town, Waldo County, Maine",07870,027,23,0.4305,0.0450,ACS 5-year 2015 (B19083)
2015,2011–2015,"Frankfort town, Waldo County, Maine",26280,027,23,0.3847,0.0522,ACS 5-year 2015 (B19083)
2015,2011–2015,"Monroe town, Waldo County, Maine",46475,027,23,0.4363,0.0393,ACS 5-year 2015 (B19083)
2015,2011–2015,"Waldo town, Waldo County, Maine",79480,027,23,0.3722,0.0391,ACS 5-year 2015 (B19083)
2015,2011–2015,"Montville town, Waldo County, Maine",46790,027,23,0.3808,0.0367,ACS 5-year 2015 (B19083)
2015,2011–2015,"Palermo town, Waldo County, Maine",56450,027,23,0.4341,0.0759,ACS 5-year 2015 (B19083)
2015,2011–2015,"Prospect town, Waldo County, Maine",61210,027,23,0.3304,0.0323,ACS 5-year 2015 (B19083)
2015,2011–2015,"Searsmont town, Waldo County, Maine",66565,027,23,0.3868,0.0413,ACS 5-year 2015 (B19083)
2015,2011–2015,"Stockton Springs town, Waldo County, Maine",74475,027,23,0.4467,0.0530,ACS 5-year 2015 (B19083)
2015,2011–2015,"Troy town, Waldo County, Maine",77625,027,23,0.3871,0.0336,ACS 5-year 2015 (B19083)
2015,2011–2015,"Northport town, Waldo County, Maine",52845,027,23,0.4662,0.0472,ACS 5-year 2015 (B19083)
2015,2011–2015,"Unity town, Waldo County, Maine",78255,027,23,0.4404,0.0417,ACS 5-year 2015 (B19083)
2015,2011–2015,"Freedom town, Waldo County, Maine",26420,027,23,0.3731,0.0441,ACS 5-year 2015 (B19083)
2015,2011–2015,"Islesboro town, Waldo County, Maine",35240,027,23,0.5414,0.0638,ACS 5-year 2015 (B19083)
2015,2011–2015,"Liberty town, Waldo County, Maine",39055,027,23,0.4155,0.0445,ACS 5-year 2015 (B19083)
2015,2011–2015,"Lincolnville town, Waldo County, Maine",39755,027,23,0.4532,0.0666,ACS 5-year 2015 (B19083)
2015,2011–2015,"Jackson town, Waldo County, Maine",35450,027,23,0.3401,0.0445,ACS 5-year 2015 (B19083)
2015,2011–2015,"Swanville town, Waldo County, Maine",75525,027,23,0.4151,0.0327,ACS 5-year 2015 (B19083)
2015,2011–2015,"Winterport town, Waldo County, Maine",86760,027,23,0.3566,0.0365,ACS 5-year 2015 (B19083)
2015,2011–2015,"Morrill town, Waldo County, Maine",47245,027,23,0.4232,0.0568,ACS 5-year 2015 (B19083)
2015,2011–2015,"Burnham town, Waldo County, Maine",09270,027,23,0.4561,0.0851,ACS 5-year 2015 (B19083)
2015,2011–2015,"Thorndike town, Waldo County, Maine",76610,027,23,0.4130,0.0478,ACS 5-year 2015 (B19083)
2015,2011–2015,"Burlington town, Penobscot County, Maine",09200,019,23,0.4306,0.0874,ACS 5-year 2015 (B19083)
2015,2011–2015,"Corinna town, Penobscot County, Maine",14310,019,23,0.4135,0.0346,ACS 5-year 2015 (B19083)
2015,2011–2015,"Dexter town, Penobscot County, Maine",17530,019,23,0.4381,0.0508,ACS 5-year 2015 (B19083)
2015,2011–2015,"Hammond town, Aroostook County, Maine",30725,003,23,0.3723,0.0785,ACS 5-year 2015 (B19083)
2015,2011–2015,"New Limerick town, Aroostook County, Maine",48960,003,23,0.4484,0.0875,ACS 5-year 2015 (B19083)
2015,2011–2015,"Smyrna town, Aroostook County, Maine",69260,003,23,0.3640,0.0504,ACS 5-year 2015 (B19083)
2015,2011–2015,"Amity town, Aroostook County, Maine",01220,003,23,0.3203,0.0687,ACS 5-year 2015 (B19083)
2015,2011–2015,"Merrill town, Aroostook County, Maine",45180,003,23,0.4057,0.0712,ACS 5-year 2015 (B19083)
2015,2011–2015,"Orient town, Aroostook County, Maine",55435,003,23,0.3757,0.0795,ACS 5-year 2015 (B19083)
2015,2011–2015,"Haynesville town, Aroostook County, Maine",32195,003,23,0.3488,0.0675,ACS 5-year 2015 (B19083)
2015,2011–2015,"Perham town, Aroostook County, Maine",58060,003,23,0.3796,0.0492,ACS 5-year 2015 (B19083)
2015,2011–2015,"Fort Kent town, Aroostook County, Maine",25755,003,23,0.4670,0.0484,ACS 5-year 2015 (B19083)
2015,2011–2015,"Moro plantation, Aroostook County, Maine",47175,003,23,0.1362,0.0913,ACS 5-year 2015 (B19083)
2015,2011–2015,"Caswell town, Aroostook County, Maine",11335,003,23,0.4874,0.0935,ACS 5-year 2015 (B19083)
2015,2011–2015,"Beddington town, Washington County, Maine",03810,029,23,0.4178,0.1031,ACS 5-year 2015 (B19083)
2015,2011–2015,"Addison town, Washington County, Maine",00380,029,23,0.4586,0.0704,ACS 5-year 2015 (B19083)
2015,2011–2015,"Eastport city, Washington County, Maine",21730,029,23,0.4523,0.0284,ACS 5-year 2015 (B19083)
2015,2011–2015,"Pembroke town, Washington County, Maine",57780,029,23,0.4175,0.0361,ACS 5-year 2015 (B19083)
2015,2011–2015,"Alexander town, Washington County, Maine",00660,029,23,0.3285,0.0461,ACS 5-year 2015 (B19083)
2015,2011–2015,"Deblois town, Washington County, Maine",16865,029,23,0.3693,0.1691,ACS 5-year 2015 (B19083)
2015,2011–2015,"Grand Lake Stream plantation, Washington County, Maine",28660,029,23,0.4359,0.0883,ACS 5-year 2015 (B19083)
2015,2011–2015,"Whiting town, Washington County, Maine",85185,029,23,0.3483,0.0357,ACS 5-year 2015 (B19083)
2015,2011–2015,"Beals town, Washington County, Maine",03670,029,23,0.4953,0.0785,ACS 5-year 2015 (B19083)
2015,2011–2015,"Cooper town, Washington County, Maine",14100,029,23,0.4092,0.0656,ACS 5-year 2015 (B19083)
2015,2011–2015,"Jonesport town, Washington County, Maine",36010,029,23,0.4536,0.0775,ACS 5-year 2015 (B19083)
2015,2011–2015,"Machiasport town, Washington County, Maine",42100,029,23,0.4731,0.0767,ACS 5-year 2015 (B19083)
2015,2011–2015,"Northfield town, Washington County, Maine",51375,029,23,0.3043,0.0603,ACS 5-year 2015 (B19083)
2015,2011–2015,"Steuben town, Washington County, Maine",74125,029,23,0.4121,0.0308,ACS 5-year 2015 (B19083)
2015,2011–2015,"Milbridge town, Washington County, Maine",45600,029,23,0.4390,0.0361,ACS 5-year 2015 (B19083)
2015,2011–2015,"Robbinston town, Washington County, Maine",63275,029,23,0.3759,0.0709,ACS 5-year 2015 (B19083)
2015,2011–2015,"Meddybemps town, Washington County, Maine",44760,029,23,0.3916,0.0624,ACS 5-year 2015 (B19083)
2015,2011–2015,"Roque Bluffs town, Washington County, Maine",63940,029,23,0.4051,0.0661,ACS 5-year 2015 (B19083)
2015,2011–2015,"Passamaquoddy Indian Township Reservation, Washington County, Maine",57082,029,23,0.4828,0.0546,ACS 5-year 2015 (B19083)
2015,2011–2015,"Standish town, Cumberland County, Maine",73670,005,23,0.3872,0.0283,ACS 5-year 2015 (B19083)
2015,2011–2015,"Windham town, Cumberland County, Maine",86025,005,23,0.4074,0.0469,ACS 5-year 2015 (B19083)
2015,2011–2015,"North Yarmouth town, Cumberland County, Maine",53860,005,23,0.3839,0.0443,ACS 5-year 2015 (B19083)
2015,2011–2015,"Scarborough town, Cumberland County, Maine",66145,005,23,0.4441,0.0324,ACS 5-year 2015 (B19083)
2015,2011–2015,"Harrison town, Cumberland County, Maine",31600,005,23,0.4034,0.0466,ACS 5-year 2015 (B19083)
2015,2011–2015,"Long Island town, Cumberland County, Maine",41067,005,23,0.4769,0.0718,ACS 5-year 2015 (B19083)
2015,2011–2015,"Westbrook city, Cumberland County, Maine",82105,005,23,0.4154,0.0158,ACS 5-year 2015 (B19083)
2015,2011–2015,"Gray town, Cumberland County, Maine",28870,005,23,0.4494,0.0611,ACS 5-year 2015 (B19083)
2015,2011–2015,"Portland city, Cumberland County, Maine",60545,005,23,0.4824,0.0109,ACS 5-year 2015 (B19083)
2015,2011–2015,"Verona Island town, Hancock County, Maine",78925,009,23,0.3979,0.0479,ACS 5-year 2015 (B19083)
2015,2011–2015,"Westport Island town, Lincoln County, Maine",84140,015,23,0.4048,0.0403,ACS 5-year 2015 (B19083)
2015,2011–2015,"Woolwich town, Sagadahoc County, Maine",87460,023,23,0.3275,0.0343,ACS 5-year 2015 (B19083)
2015,2011–2015,"Bowdoin town, Sagadahoc County, Maine",06260,023,23,0.4014,0.0482,ACS 5-year 2015 (B19083)
2015,2011–2015,"Limerick town, York County, Maine",39195,031,23,0.3652,0.0400,ACS 5-year 2015 (B19083)
2015,2011–2015,"Newfield town, York County, Maine",48750,031,23,0.3723,0.0262,ACS 5-year 2015 (B19083)
2015,2011–2015,"York town, York County, Maine",87985,031,23,0.4600,0.0314,ACS 5-year 2015 (B19083)
2015,2011–2015,"Lyman town, York County, Maine",41750,031,23,0.3618,0.0647,ACS 5-year 2015 (B19083)
2015,2011–2015,"Acton town, York County, Maine",00275,031,23,0.3909,0.0551,ACS 5-year 2015 (B19083)
2015,2011–2015,"Dayton town, York County, Maine",16725,031,23,0.3327,0.0316,ACS 5-year 2015 (B19083)
2015,2011–2015,"Limington town, York County, Maine",39405,031,23,0.3672,0.0480,ACS 5-year 2015 (B19083)
2015,2011–2015,"Ogunquit town, York County, Maine",54980,031,23,0.4431,0.0829,ACS 5-year 2015 (B19083)
2015,2011–2015,"Saco city, York County, Maine",64675,031,23,0.4138,0.0210,ACS 5-year 2015 (B19083)
2015,2011–2015,"Alfred town, York County, Maine",00730,031,23,0.4024,0.0415,ACS 5-year 2015 (B19083)
2015,2011–2015,"Biddeford city, York County, Maine",04860,031,23,0.4329,0.0302,ACS 5-year 2015 (B19083)
2015,2011–2015,"Eliot town, York County, Maine",22955,031,23,0.3696,0.0409,ACS 5-year 2015 (B19083)
2015,2011–2015,"Kennebunk town, York County, Maine",36535,031,23,0.4677,0.0426,ACS 5-year 2015 (B19083)
2015,2011–2015,"North Berwick town, York County, Maine",50325,031,23,0.3495,0.0373,ACS 5-year 2015 (B19083)
2015,2011–2015,"Shapleigh town, York County, Maine",67475,031,23,0.3433,0.0358,ACS 5-year 2015 (B19083)
2015,2011–2015,"Waterboro town, York County, Maine",80530,031,23,0.3532,0.0358,ACS 5-year 2015 (B19083)
2015,2011–2015,"Kennebunkport town, York County, Maine",36745,031,23,0.4684,0.0449,ACS 5-year 2015 (B19083)
2015,2011–2015,"Peru town, Oxford County, Maine",58270,017,23,0.3592,0.0227,ACS 5-year 2015 (B19083)
2015,2011–2015,"Sweden town, Oxford County, Maine",75595,017,23,0.4259,0.0422,ACS 5-year 2015 (B19083)
2015,2011–2015,"Milton UT, Oxford County, Maine",46105,017,23,0.3261,0.0819,ACS 5-year 2015 (B19083)
2015,2011–2015,"Norway town, Oxford County, Maine",54000,017,23,0.4030,0.0414,ACS 5-year 2015 (B19083)
2015,2011–2015,"Buckfield town, Oxford County, Maine",08710,017,23,0.3925,0.0398,ACS 5-year 2015 (B19083)
2015,2011–2015,"Byron town, Oxford County, Maine",09550,017,23,0.5234,0.1902,ACS 5-year 2015 (B19083)
2015,2011–2015,"Paris town, Oxford County, Maine",56625,017,23,0.4437,0.0389,ACS 5-year 2015 (B19083)
2015,2011–2015,"Boothbay town, Lincoln County, Maine",06050,015,23,0.4293,0.0484,ACS 5-year 2015 (B19083)
2015,2011–2015,"Bristol town, Lincoln County, Maine",07485,015,23,0.4011,0.0298,ACS 5-year 2015 (B19083)
2015,2011–2015,"Somerville town, Lincoln County, Maine",69645,015,23,0.4174,0.0602,ACS 5-year 2015 (B19083)
2015,2011–2015,"Dresden town, Lincoln County, Maine",18475,015,23,0.4035,0.0457,ACS 5-year 2015 (B19083)
2015,2011–2015,"Nobleboro town, Lincoln County, Maine",49660,015,23,0.4197,0.0367,ACS 5-year 2015 (B19083)
2015,2011–2015,"Waldoboro town, Lincoln County, Maine",79550,015,23,0.3940,0.0390,ACS 5-year 2015 (B19083)
2015,2011–2015,"Whitefield town, Lincoln County, Maine",85010,015,23,0.3847,0.0585,ACS 5-year 2015 (B19083)
2015,2011–2015,"Wiscasset town, Lincoln County, Maine",87075,015,23,0.4911,0.0720,ACS 5-year 2015 (B19083)
2015,2011–2015,"South Bristol town, Lincoln County, Maine",70240,015,23,0.4931,0.0401,ACS 5-year 2015 (B19083)
2015,2011–2015,"Augusta city, Kennebec County, Maine",02100,011,23,0.4235,0.0229,ACS 5-year 2015 (B19083)
2015,2011–2015,"Clinton town, Kennebec County, Maine",13470,011,23,0.3609,0.0414,ACS 5-year 2015 (B19083)
2015,2011–2015,"Litchfield town, Kennebec County, Maine",40175,011,23,0.4101,0.0428,ACS 5-year 2015 (B19083)
2015,2011–2015,"Pittston town, Kennebec County, Maine",59110,011,23,0.3722,0.0258,ACS 5-year 2015 (B19083)
2015,2011–2015,"Gardiner city, Kennebec County, Maine",27085,011,23,0.4178,0.0304,ACS 5-year 2015 (B19083)
2015,2011–2015,"Chelsea town, Kennebec County, Maine",12350,011,23,0.3943,0.0659,ACS 5-year 2015 (B19083)
2015,2011–2015,"Wayne town, Kennebec County, Maine",80880,011,23,0.3795,0.0442,ACS 5-year 2015 (B19083)
2015,2011–2015,"Winslow town, Kennebec County, Maine",86515,011,23,0.4181,0.0253,ACS 5-year 2015 (B19083)
2015,2011–2015,"Randolph town, Kennebec County, Maine",61700,011,23,0.4000,0.0436,ACS 5-year 2015 (B19083)
2015,2011–2015,"Sidney town, Kennebec County, Maine",68385,011,23,0.3381,0.0308,ACS 5-year 2015 (B19083)
2015,2011–2015,"Albion town, Kennebec County, Maine",00590,011,23,0.4057,0.0263,ACS 5-year 2015 (B19083)
2015,2011–2015,"Hallowell city, Kennebec County, Maine",30550,011,23,0.4195,0.0418,ACS 5-year 2015 (B19083)
2015,2011–2015,"Vienna town, Kennebec County, Maine",79025,011,23,0.5013,0.1154,ACS 5-year 2015 (B19083)
2015,2011–2015,"Belgrade town, Kennebec County, Maine",04020,011,23,0.3871,0.0388,ACS 5-year 2015 (B19083)
2015,2011–2015,"Benton town, Kennebec County, Maine",04475,011,23,0.4104,0.0371,ACS 5-year 2015 (B19083)
2015,2011–2015,"Manchester town, Kennebec County, Maine",43080,011,23,0.4703,0.0331,ACS 5-year 2015 (B19083)
2015,2011–2015,"Monmouth town, Kennebec County, Maine",46405,011,23,0.4271,0.0444,ACS 5-year 2015 (B19083)
2015,2011–2015,"Windsor town, Kennebec County, Maine",86165,011,23,0.3924,0.0325,ACS 5-year 2015 (B19083)
2015,2011–2015,"Oakland town, Kennebec County, Maine",54560,011,23,0.4288,0.0490,ACS 5-year 2015 (B19083)
2015,2011–2015,"Unity UT, Kennebec County, Maine",78190,011,23,0.3030,0.1930,ACS 5-year 2015 (B19083)
2015,2011–2015,"Winthrop town, Kennebec County, Maine",86970,011,23,0.3957,0.0318,ACS 5-year 2015 (B19083)
2015,2011–2015,"China town, Kennebec County, Maine",12735,011,23,0.3981,0.0348,ACS 5-year 2015 (B19083)
2015,2011–2015,"Readfield town, Kennebec County, Maine",62190,011,23,0.3638,0.0387,ACS 5-year 2015 (B19083)
2015,2011–2015,"Vassalboro town, Kennebec County, Maine",78745,011,23,0.3920,0.0438,ACS 5-year 2015 (B19083)
2015,2011–2015,"Mount Vernon town, Kennebec County, Maine",47770,011,23,0.3895,0.0347,ACS 5-year 2015 (B19083)
2015,2011–2015,"Weld town, Franklin County, Maine",81300,007,23,0.3703,0.0528,ACS 5-year 2015 (B19083)
2015,2011–2015,"Phillips town, Franklin County, Maine",58445,007,23,0.3949,0.0398,ACS 5-year 2015 (B19083)
2015,2011–2015,"Temple town, Franklin County, Maine",75980,007,23,0.4043,0.0546,ACS 5-year 2015 (B19083)
2015,2011–2015,"Chesterville town, Franklin County, Maine",12595,007,23,0.3880,0.0492,ACS 5-year 2015 (B19083)
2015,2011–2015,"Industry town, Franklin County, Maine",34820,007,23,0.3812,0.0447,ACS 5-year 2015 (B19083)
2015,2011–2015,"Jay town, Franklin County, Maine",35625,007,23,0.3911,0.0809,ACS 5-year 2015 (B19083)
2015,2011–2015,"Wyman UT, Franklin County, Maine",87680,007,23,0.2525,0.1103,ACS 5-year 2015 (B19083)
2015,2011–2015,"Sandy River plantation, Franklin County, Maine",65655,007,23,0.2602,0.0865,ACS 5-year 2015 (B19083)
2015,2011–2015,"Strong town, Franklin County, Maine",74825,007,23,0.3735,0.0372,ACS 5-year 2015 (B19083)
2015,2011–2015,"Avon town, Franklin County, Maine",02235,007,23,0.4632,0.0729,ACS 5-year 2015 (B19083)
2015,2011–2015,"Carrabassett Valley town, Franklin County, Maine",10740,007,23,0.3910,0.0503,ACS 5-year 2015 (B19083)
2015,2011–2015,"West Central Franklin UT, Franklin County, Maine",82235,007,23,-666666666.0000,-222222222.0000,ACS 5-year 2015 (B19083)
2015,2011–2015,"Dallas plantation, Franklin County, Maine",16165,007,23,0.3464,0.0572,ACS 5-year 2015 (B19083)
2015,2011–2015,"Kingfield town, Franklin County, Maine",37025,007,23,0.3701,0.0367,ACS 5-year 2015 (B19083)
2015,2011–2015,"Carthage town, Franklin County, Maine",10915,007,23,0.4297,0.0542,ACS 5-year 2015 (B19083)
2015,2011–2015,"East Central Franklin UT, Franklin County, Maine",19865,007,23,0.4271,0.0667,ACS 5-year 2015 (B19083)
2015,2011–2015,"South Franklin UT, Franklin County, Maine",70760,007,23,0.3882,0.0676,ACS 5-year 2015 (B19083)
2015,2011–2015,"Eustis town, Franklin County, Maine",24005,007,23,0.4193,0.0459,ACS 5-year 2015 (B19083)
2015,2011–2015,"New Vineyard town, Franklin County, Maine",49520,007,23,0.4882,0.0453,ACS 5-year 2015 (B19083)
2015,2011–2015,"Canton town, Oxford County, Maine",10005,017,23,0.3832,0.0447,ACS 5-year 2015 (B19083)
2015,2011–2015,"Newry town, Oxford County, Maine",49275,017,23,0.4153,0.0437,ACS 5-year 2015 (B19083)
2015,2011–2015,"Chebeague Island town, Cumberland County, Maine",12300,005,23,0.5595,0.0800,ACS 5-year 2015 (B19083)
2015,2011–2015,"Newburgh town, Penobscot County, Maine",48505,019,23,0.3909,0.0392,ACS 5-year 2015 (B19083)
2015,2011–2015,"Newport town, Penobscot County, Maine",49065,019,23,0.4949,0.0710,ACS 5-year 2015 (B19083)
2015,2011–2015,"Orrington town, Penobscot County, Maine",55680,019,23,0.3709,0.0392,ACS 5-year 2015 (B19083)
2015,2011–2015,"Lakeville town, Penobscot County, Maine",38005,019,23,0.5967,0.1597,ACS 5-year 2015 (B19083)
2015,2011–2015,"Lowell town, Penobscot County, Maine",41435,019,23,0.4106,0.0486,ACS 5-year 2015 (B19083)
2015,2011–2015,"Mount Chase town, Penobscot County, Maine",47560,019,23,0.6248,0.1552,ACS 5-year 2015 (B19083)
2015,2011–2015,"Passadumkeag town, Penobscot County, Maine",57045,019,23,0.3757,0.0398,ACS 5-year 2015 (B19083)
2015,2011–2015,"Seboeis plantation, Penobscot County, Maine",67160,019,23,0.3953,0.1252,ACS 5-year 2015 (B19083)
2015,2011–2015,"Springfield town, Penobscot County, Maine",73250,019,23,0.3517,0.0407,ACS 5-year 2015 (B19083)
2015,2011–2015,"Bradley town, Penobscot County, Maine",06680,019,23,0.4543,0.1148,ACS 5-year 2015 (B19083)
2015,2011–2015,"Charleston town, Penobscot County, Maine",12105,019,23,0.3600,0.0438,ACS 5-year 2015 (B19083)
2015,2011–2015,"Corinth town, Penobscot County, Maine",14380,019,23,0.3813,0.0364,ACS 5-year 2015 (B19083)
2015,2011–2015,"Carroll plantation, Penobscot County, Maine",10810,019,23,0.4281,0.0946,ACS 5-year 2015 (B19083)
2015,2011–2015,"Clifton town, Penobscot County, Maine",13365,019,23,0.4051,0.0630,ACS 5-year 2015 (B19083)
2015,2011–2015,"Garland town, Penobscot County, Maine",27190,019,23,0.4266,0.0579,ACS 5-year 2015 (B19083)
2015,2011–2015,"Stetson town, Penobscot County, Maine",74055,019,23,0.3749,0.0500,ACS 5-year 2015 (B19083)
2015,2011–2015,"Carmel town, Penobscot County, Maine",10670,019,23,0.3557,0.0350,ACS 5-year 2015 (B19083)
2015,2011–2015,"Woodville town, Penobscot County, Maine",87390,019,23,0.3450,0.0636,ACS 5-year 2015 (B19083)
2015,2011–2015,"Chester town, Penobscot County, Maine",12525,019,23,0.4390,0.0396,ACS 5-year 2015 (B19083)
2015,2011–2015,"Stacyville town, Penobscot County, Maine",73600,019,23,0.4286,0.0555,ACS 5-year 2015 (B19083)
2015,2011–2015,"Argyle UT, Penobscot County, Maine",01500,019,23,0.3972,0.0589,ACS 5-year 2015 (B19083)
2015,2011–2015,"Kingman UT, Penobscot County, Maine",37075,019,23,0.3084,0.0629,ACS 5-year 2015 (B19083)
2015,2011–2015,"Northeast Piscataquis UT, Piscataquis County, Maine",51105,021,23,0.3380,0.0551,ACS 5-year 2015 (B19083)
2015,2011–2015,"Atkinson town, Piscataquis County, Maine",01920,021,23,0.5060,0.1708,ACS 5-year 2015 (B19083)
2015,2011–2015,"Sangerville town, Piscataquis County, Maine",65865,021,23,0.4447,0.0366,ACS 5-year 2015 (B19083)
2015,2011–2015,"Shirley town, Piscataquis County, Maine",68140,021,23,0.4074,0.0624,ACS 5-year 2015 (B19083)
2015,2011–2015,"Guilford town, Piscataquis County, Maine",30095,021,23,0.4532,0.0727,ACS 5-year 2015 (B19083)
2015,2011–2015,"Northwest Piscataquis UT, Piscataquis County, Maine",53628,021,23,0.2928,0.0570,ACS 5-year 2015 (B19083)
2015,2011–2015,"Abbot town, Piscataquis County, Maine",00100,021,23,0.4184,0.0625,ACS 5-year 2015 (B19083)
2015,2011–2015,"Bowerbank town, Piscataquis County, Maine",06400,021,23,0.4048,0.0525,ACS 5-year 2015 (B19083)
2015,2011–2015,"Medford town, Piscataquis County, Maine",44830,021,23,0.3360,0.0599,ACS 5-year 2015 (B19083)
2015,2011–2015,"Willimantic town, Piscataquis County, Maine",85710,021,23,0.4893,0.1611,ACS 5-year 2015 (B19083)
2015,2011–2015,"Brownville town, Piscataquis County, Maine",08325,021,23,0.3746,0.0375,ACS 5-year 2015 (B19083)
2015,2011–2015,"Winterville plantation, Aroostook County, Maine",86865,003,23,0.4580,0.0628,ACS 5-year 2015 (B19083)
2015,2011–2015,"Ashland town, Aroostook County, Maine",01710,003,23,0.4198,0.0356,ACS 5-year 2015 (B19083)
2015,2011–2015,"Garfield plantation, Aroostook County, Maine",27120,003,23,0.2698,0.0527,ACS 5-year 2015 (B19083)
2015,2011–2015,"Linneus town, Aroostook County, Maine",39965,003,23,0.4090,0.0380,ACS 5-year 2015 (B19083)
2015,2011–2015,"Square Lake UT, Aroostook County, Maine",73472,003,23,0.3609,0.0369,ACS 5-year 2015 (B19083)
2015,2011–2015,"Central Aroostook UT, Aroostook County, Maine",11785,003,23,0.3934,0.1014,ACS 5-year 2015 (B19083)
2015,2011–2015,"Frenchville town, Aroostook County, Maine",26735,003,23,0.3631,0.0373,ACS 5-year 2015 (B19083)
2015,2011–2015,"Madawaska town, Aroostook County, Maine",42520,003,23,0.3843,0.0406,ACS 5-year 2015 (B19083)
2015,2011–2015,"Mapleton town, Aroostook County, Maine",43255,003,23,0.3924,0.0424,ACS 5-year 2015 (B19083)
2015,2011–2015,"Nashville plantation, Aroostook County, Maine",48120,003,23,0.3169,0.1634,ACS 5-year 2015 (B19083)
2015,2011–2015,"Oxbow plantation, Aroostook County, Maine",56205,003,23,0.2537,0.0678,ACS 5-year 2015 (B19083)
2015,2011–2015,"Dyer Brook town, Aroostook County, Maine",19210,003,23,0.3138,0.0683,ACS 5-year 2015 (B19083)
2015,2011–2015,"Grand Isle town, Aroostook County, Maine",28590,003,23,0.4248,0.0442,ACS 5-year 2015 (B19083)
2015,2011–2015,"Monticello town, Aroostook County, Maine",46685,003,23,0.3903,0.0491,ACS 5-year 2015 (B19083)
2015,2011–2015,"St. Agatha town, Aroostook County, Maine",64780,003,23,0.4349,0.0479,ACS 5-year 2015 (B19083)
2015,2011–2015,"Stockholm town, Aroostook County, Maine",74405,003,23,0.4690,0.0699,ACS 5-year 2015 (B19083)
2015,2011–2015,"Caratunk town, Somerset County, Maine",10495,025,23,0.4028,0.1500,ACS 5-year 2015 (B19083)
2015,2011–2015,"Canaan town, Somerset County, Maine",09935,025,23,0.3946,0.0385,ACS 5-year 2015 (B19083)
2015,2011–2015,"Central Somerset UT, Somerset County, Maine",11820,025,23,0.3627,0.0483,ACS 5-year 2015 (B19083)
2015,2011–2015,"Moose River town, Somerset County, Maine",47140,025,23,0.4077,0.0527,ACS 5-year 2015 (B19083)
2015,2011–2015,"Pittsfield town, Somerset County, Maine",59005,025,23,0.3982,0.0457,ACS 5-year 2015 (B19083)
2015,2011–2015,"Detroit town, Somerset County, Maine",17460,025,23,0.4495,0.0571,ACS 5-year 2015 (B19083)
2015,2011–2015,"Athens town, Somerset County, Maine",01885,025,23,0.4127,0.0425,ACS 5-year 2015 (B19083)
2015,2011–2015,"Harmony town, Somerset County, Maine",31355,025,23,0.4470,0.0626,ACS 5-year 2015 (B19083)
2015,2011–2015,"Mercer town, Somerset County, Maine",45110,025,23,0.3723,0.0582,ACS 5-year 2015 (B19083)
2015,2011–2015,"Norridgewock town, Somerset County, Maine",49835,025,23,0.3903,0.0423,ACS 5-year 2015 (B19083)
2015,2011–2015,"Northeast Somerset UT, Somerset County, Maine",51114,025,23,0.3452,0.0701,ACS 5-year 2015 (B19083)
2015,2011–2015,"Ripley town, Somerset County, Maine",62995,025,23,0.3572,0.0458,ACS 5-year 2015 (B19083)
2015,2011–2015,"Cornville town, Somerset County, Maine",14555,025,23,0.4202,0.0580,ACS 5-year 2015 (B19083)
2015,2011–2015,"Starks town, Somerset County, Maine",73845,025,23,0.4203,0.0429,ACS 5-year 2015 (B19083)
2015,2011–2015,"The Forks plantation, Somerset County, Maine",76190,025,23,0.5033,0.2768,ACS 5-year 2015 (B19083)
2015,2011–2015,"Cambridge town, Somerset County, Maine",09655,025,23,0.4767,0.0758,ACS 5-year 2015 (B19083)
2015,2011–2015,"Highland plantation, Somerset County, Maine",32895,025,23,0.4175,0.0645,ACS 5-year 2015 (B19083)
2015,2011–2015,"Jackman town, Somerset County, Maine",35345,025,23,0.4094,0.0490,ACS 5-year 2015 (B19083)
2015,2011–2015,"Skowhegan town, Somerset County, Maine",68910,025,23,0.4620,0.0347,ACS 5-year 2015 (B19083)
2015,2011–2015,"Solon town, Somerset County, Maine",69505,025,23,0.4146,0.0473,ACS 5-year 2015 (B19083)
2015,2011–2015,"Lee town, Penobscot County, Maine",38530,019,23,0.5021,0.0912,ACS 5-year 2015 (B19083)
2015,2011–2015,"Hudson town, Penobscot County, Maine",34365,019,23,0.3835,0.0374,ACS 5-year 2015 (B19083)
2015,2011–2015,"Hampden town, Penobscot County, Maine",30795,019,23,0.3586,0.0341,ACS 5-year 2015 (B19083)
2015,2011–2015,"Millinocket town, Penobscot County, Maine",45810,019,23,0.4231,0.0462,ACS 5-year 2015 (B19083)
2015,2011–2015,"Orono town, Penobscot County, Maine",55565,019,23,0.5133,0.0349,ACS 5-year 2015 (B19083)
2015,2011–2015,"Whitney UT, Penobscot County, Maine",85230,019,23,-666666666.0000,-222222222.0000,ACS 5-year 2015 (B19083)
2015,2011–2015,"North Penobscot UT, Penobscot County, Maine",52710,019,23,0.4050,0.0542,ACS 5-year 2015 (B19083)
2015,2011–2015,"Prentiss UT, Penobscot County, Maine",60790,019,23,0.4343,0.1114,ACS 5-year 2015 (B19083)
2015,2011–2015,"Alton town, Penobscot County, Maine",01115,019,23,0.3345,0.0270,ACS 5-year 2015 (B19083)
2015,2011–2015,"Bangor city, Penobscot County, Maine",02795,019,23,0.4910,0.0230,ACS 5-year 2015 (B19083)
2015,2011–2015,"Edinburg town, Penobscot County, Maine",22710,019,23,0.3474,0.0668,ACS 5-year 2015 (B19083)
2015,2011–2015,"Enfield town, Penobscot County, Maine",23620,019,23,0.3459,0.0390,ACS 5-year 2015 (B19083)
2015,2011–2015,"Greenbush town, Penobscot County, Maine",29185,019,23,0.4378,0.0818,ACS 5-year 2015 (B19083)
2015,2011–2015,"Etna town, Penobscot County, Maine",23865,019,23,0.3543,0.0421,ACS 5-year 2015 (B19083)
2015,2011–2015,"Exeter town, Penobscot County, Maine",24110,019,23,0.4004,0.0286,ACS 5-year 2015 (B19083)
2015,2011–2015,"Plymouth town, Penobscot County, Maine",59950,019,23,0.3999,0.0630,ACS 5-year 2015 (B19083)
2015,2011–2015,"Webster plantation, Penobscot County, Maine",81055,019,23,0.3901,0.1171,ACS 5-year 2015 (B19083)
2015,2011–2015,"Lagrange town, Penobscot County, Maine",37760,019,23,0.4026,0.0553,ACS 5-year 2015 (B19083)
2015,2011–2015,"Mattawamkeag town, Penobscot County, Maine",44270,019,23,0.4401,0.0521,ACS 5-year 2015 (B19083)
2015,2011–2015,"Eddington town, Penobscot County, Maine",22535,019,23,0.3676,0.0339,ACS 5-year 2015 (B19083)
2015,2011–2015,"Dixmont town, Penobscot County, Maine",17950,019,23,0.4139,0.0496,ACS 5-year 2015 (B19083)
2015,2011–2015,"East Central Penobscot UT, Penobscot County, Maine",19868,019,23,0.3493,0.0451,ACS 5-year 2015 (B19083)
2015,2011–2015,"Hermon town, Penobscot County, Maine",32510,019,23,0.3301,0.0390,ACS 5-year 2015 (B19083)
2015,2011–2015,"Levant town, Penobscot County, Maine",38705,019,23,0.3594,0.0364,ACS 5-year 2015 (B19083)
2015,2011–2015,"Maxfield town, Penobscot County, Maine",44340,019,23,0.3527,0.0969,ACS 5-year 2015 (B19083)
2015,2011–2015,"Old Town city, Penobscot County, Maine",55225,019,23,0.4583,0.0294,ACS 5-year 2015 (B19083)
2015,2011–2015,"Glenburn town, Penobscot County, Maine",27645,019,23,0.4383,0.0575,ACS 5-year 2015 (B19083)
2015,2011–2015,"Cutler town, Washington County, Maine",15920,029,23,0.4540,0.1517,ACS 5-year 2015 (B19083)
2015,2011–2015,"Dennysville town, Washington County, Maine",17355,029,23,0.4237,0.0346,ACS 5-year 2015 (B19083)
2015,2011–2015,"Vanceboro town, Washington County, Maine",78675,029,23,0.4247,0.0578,ACS 5-year 2015 (B19083)
2015,2011–2015,"Waite town, Washington County, Maine",79375,029,23,0.3774,0.0821,ACS 5-year 2015 (B19083)
2015,2011–2015,"Wesley town, Washington County, Maine",81685,029,23,0.4544,0.0724,ACS 5-year 2015 (B19083)
2015,2011–2015,"Codyville plantation, Washington County, Maine",13610,029,23,0.3018,0.3196,ACS 5-year 2015 (B19083)
2015,2011–2015,"Wallagrass town, Aroostook County, Maine",79865,003,23,0.4165,0.0450,ACS 5-year 2015 (B19083)
2015,2011–2015,"Allagash town, Aroostook County, Maine",00800,003,23,0.4170,0.0534,ACS 5-year 2015 (B19083)
2015,2011–2015,"New Sweden town, Aroostook County, Maine",49415,003,23,0.4013,0.0276,ACS 5-year 2015 (B19083)
2015,2011–2015,"Island Falls town, Aroostook County, Maine",35065,003,23,0.3857,0.0410,ACS 5-year 2015 (B19083)
2015,2011–2015,"Littleton town, Aroostook County, Maine",40595,003,23,0.3572,0.0283,ACS 5-year 2015 (B19083)
2015,2011–2015,"Masardis town, Aroostook County, Maine",43990,003,23,0.3389,0.0470,ACS 5-year 2015 (B19083)
2015,2011–2015,"Portage Lake town, Aroostook County, Maine",60300,003,23,0.3786,0.0440,ACS 5-year 2015 (B19083)
2015,2011–2015,"Presque Isle city, Aroostook County, Maine",60825,003,23,0.4806,0.0409,ACS 5-year 2015 (B19083)
2015,2011–2015,"Reed plantation, Aroostook County, Maine",62400,003,23,0.3315,0.0507,ACS 5-year 2015 (B19083)
2015,2011–2015,"St. Francis town, Aroostook County, Maine",65025,003,23,0.4520,0.0489,ACS 5-year 2015 (B19083)
2015,2011–2015,"Bancroft town, Aroostook County, Maine",02760,003,23,0.4117,0.1143,ACS 5-year 2015 (B19083)
2015,2011–2015,"Blaine town, Aroostook County, Maine",05385,003,23,0.3457,0.0401,ACS 5-year 2015 (B19083)
2015,2011–2015,"Caribou city, Aroostook County, Maine",10565,003,23,0.4724,0.0334,ACS 5-year 2015 (B19083)
2015,2011–2015,"Eagle Lake town, Aroostook County, Maine",19420,003,23,0.4862,0.0561,ACS 5-year 2015 (B19083)
2015,2011–2015,"Cary plantation, Aroostook County, Maine",11020,003,23,0.4422,0.0836,ACS 5-year 2015 (B19083)
2015,2011–2015,"Castle Hill town, Aroostook County, Maine",11300,003,23,0.3422,0.0390,ACS 5-year 2015 (B19083)
2015,2011–2015,"Connor UT, Aroostook County, Maine",13900,003,23,0.4060,0.0679,ACS 5-year 2015 (B19083)
2015,2011–2015,"Fort Fairfield town, Aroostook County, Maine",25615,003,23,0.5457,0.0517,ACS 5-year 2015 (B19083)
2015,2011–2015,"Hodgdon town, Aroostook County, Maine",33385,003,23,0.3840,0.0310,ACS 5-year 2015 (B19083)
2015,2011–2015,"Houlton town, Aroostook County, Maine",33980,003,23,0.4535,0.0327,ACS 5-year 2015 (B19083)
2015,2011–2015,"Oakfield town, Aroostook County, Maine",54385,003,23,0.3693,0.0357,ACS 5-year 2015 (B19083)
2015,2011–2015,"Van Buren town, Aroostook County, Maine",78570,003,23,0.4889,0.0314,ACS 5-year 2015 (B19083)
2015,2011–2015,"Westmanland town, Aroostook County, Maine",83540,003,23,0.4088,0.0816,ACS 5-year 2015 (B19083)
2015,2011–2015,"Woodland town, Aroostook County, Maine",87215,003,23,0.4306,0.0707,ACS 5-year 2015 (B19083)
2015,2011–2015,"Chapman town, Aroostook County, Maine",12000,003,23,0.3458,0.0661,ACS 5-year 2015 (B19083)
2015,2011–2015,"Ludlow town, Aroostook County, Maine",41715,003,23,0.3471,0.0324,ACS 5-year 2015 (B19083)
2015,2011–2015,"Sherman town, Aroostook County, Maine",67790,003,23,0.3949,0.0327,ACS 5-year 2015 (B19083)
2015,2011–2015,"Pownal town, Cumberland County, Maine",60685,005,23,0.3420,0.0345,ACS 5-year 2015 (B19083)
2015,2011–2015,"Yarmouth town, Cumberland County, Maine",87845,005,23,0.4795,0.0326,ACS 5-year 2015 (B19083)
2015,2011–2015,"Freeport town, Cumberland County, Maine",26525,005,23,0.4773,0.0847,ACS 5-year 2015 (B19083)
2015,2011–2015,"Searsport town, Waldo County, Maine",66635,027,23,0.4133,0.0426,ACS 5-year 2015 (B19083)
2015,2011–2015,"Brewer city, Penobscot County, Maine",06925,019,23,0.4400,0.0565,ACS 5-year 2015 (B19083)
2015,2011–2015,"Limestone town, Aroostook County, Maine",39300,003,23,0.4097,0.0411,ACS 5-year 2015 (B19083)
2015,2011–2015,"Weston town, Aroostook County, Maine",83785,003,23,0.3643,0.1044,ACS 5-year 2015 (B19083)
2015,2011–2015,"Westfield town, Aroostook County, Maine",82770,003,23,0.3559,0.0476,ACS 5-year 2015 (B19083)
2015,2011–2015,"St. John plantation, Aroostook County, Maine",65200,003,23,0.4788,0.0713,ACS 5-year 2015 (B19083)
2015,2011–2015,"Northwest Aroostook UT, Aroostook County, Maine",53602,003,23,0.0126,0.0161,ACS 5-year 2015 (B19083)
2015,2011–2015,"East Central Washington UT, Washington County, Maine",19870,029,23,0.5001,0.1121,ACS 5-year 2015 (B19083)
2015,2011–2015,"Columbia Falls town, Washington County, Maine",13820,029,23,0.3922,0.0413,ACS 5-year 2015 (B19083)
2015,2011–2015,"Baileyville town, Washington County, Maine",02480,029,23,0.3748,0.0336,ACS 5-year 2015 (B19083)
2015,2011–2015,"East Machias town, Washington County, Maine",20960,029,23,0.4017,0.0382,ACS 5-year 2015 (B19083)
2015,2011–2015,"Princeton town, Washington County, Maine",61035,029,23,0.4460,0.0415,ACS 5-year 2015 (B19083)
2015,2011–2015,"Washburn town, Aroostook County, Maine",80285,003,23,0.4087,0.0499,ACS 5-year 2015 (B19083)
2015,2011–2015,"Bridgewater town, Aroostook County, Maine",07065,003,23,0.4403,0.0372,ACS 5-year 2015 (B19083)
2015,2011–2015,"Macwahoc plantation, Aroostook County, Maine",42450,003,23,0.2934,0.0720,ACS 5-year 2015 (B19083)
2015,2011–2015,"Brunswick town, Cumberland County, Maine",08430,005,23,0.4759,0.0330,ACS 5-year 2015 (B19083)
2015,2011–2015,"Raymond town, Cumberland County, Maine",61945,005,23,0.3593,0.0348,ACS 5-year 2015 (B19083)
2015,2011–2015,"Brighton plantation, Somerset County, Maine",07380,025,23,0.2735,0.1031,ACS 5-year 2015 (B19083)
2015,2011–2015,"Smithfield town, Somerset County, Maine",69155,025,23,0.3127,0.0383,ACS 5-year 2015 (B19083)
2015,2011–2015,"West Forks plantation, Somerset County, Maine",82840,025,23,0.4146,0.1951,ACS 5-year 2015 (B19083)
2015,2011–2015,"Fairfield town, Somerset County, Maine",24320,025,23,0.4027,0.0360,ACS 5-year 2015 (B19083)
2015,2011–2015,"Pleasant Ridge plantation, Somerset County, Maine",59705,025,23,0.3655,0.0883,ACS 5-year 2015 (B19083)
2015,2011–2015,"Otis town, Hancock County, Maine",55890,009,23,0.3473,0.0415,ACS 5-year 2015 (B19083)
2015,2011–2015,"Osborn town, Hancock County, Maine",55855,009,23,0.3388,0.0834,ACS 5-year 2015 (B19083)
2015,2011–2015,"Sullivan town, Hancock County, Maine",74965,009,23,0.4763,0.0609,ACS 5-year 2015 (B19083)
2015,2011–2015,"Leeds town, Androscoggin County, Maine",38565,001,23,0.3756,0.0389,ACS 5-year 2015 (B19083)
2015,2011–2015,"Durham town, Androscoggin County, Maine",19105,001,23,0.3746,0.0442,ACS 5-year 2015 (B19083)
2015,2011–2015,"Greene town, Androscoggin County, Maine",29255,001,23,0.3658,0.0379,ACS 5-year 2015 (B19083)
2015,2011–2015,"Poland town, Androscoggin County, Maine",60020,001,23,0.3726,0.0616,ACS 5-year 2015 (B19083)
2015,2011–2015,"South Aroostook UT, Aroostook County, Maine",69930,003,23,0.3804,0.0650,ACS 5-year 2015 (B19083)
2015,2011–2015,"Waterford town, Oxford County, Maine",80635,017,23,0.4464,0.0691,ACS 5-year 2015 (B19083)
2015,2011–2015,"Stoneham town, Oxford County, Maine",74510,017,23,0.4947,0.1093,ACS 5-year 2015 (B19083)
2015,2011–2015,"Bethel town, Oxford County, Maine",04825,017,23,0.4422,0.0748,ACS 5-year 2015 (B19083)
2015,2011–2015,"Fryeburg town, Oxford County, Maine",26910,017,23,0.4144,0.0455,ACS 5-year 2015 (B19083)
2015,2011–2015,"Hanover town, Oxford County, Maine",31110,017,23,0.3420,0.0686,ACS 5-year 2015 (B19083)
2015,2011–2015,"North Oxford UT, Oxford County, Maine",52575,017,23,-666666666.0000,-222222222.0000,ACS 5-year 2015 (B19083)
2015,2011–2015,"Magalloway plantation, Oxford County, Maine",42835,017,23,0.3616,0.1103,ACS 5-year 2015 (B19083)
2015,2011–2015,"Sumner town, Oxford County, Maine",75035,017,23,0.3519,0.0277,ACS 5-year 2015 (B19083)
2015,2011–2015,"Farmingdale town, Kennebec County, Maine",24670,011,23,0.4611,0.0513,ACS 5-year 2015 (B19083)
2015,2011–2015,"West Gardiner town, Kennebec County, Maine",82945,011,23,0.3210,0.0362,ACS 5-year 2015 (B19083)
2015,2011–2015,"Rome town, Kennebec County, Maine",63835,011,23,0.4293,0.0367,ACS 5-year 2015 (B19083)
2015,2011–2015,"Fayette town, Kennebec County, Maine",24950,011,23,0.3760,0.0378,ACS 5-year 2015 (B19083)
2015,2011–2015,"Waterville city, Kennebec County, Maine",80740,011,23,0.5247,0.0311,ACS 5-year 2015 (B19083)
2015,2011–2015,"Rangeley plantation, Franklin County, Maine",61875,007,23,0.4190,0.0533,ACS 5-year 2015 (B19083)
2015,2011–2015,"Coplin plantation, Franklin County, Maine",14205,007,23,0.3823,0.0919,ACS 5-year 2015 (B19083)
2015,2011–2015,"Farmington town, Franklin County, Maine",24775,007,23,0.4826,0.0574,ACS 5-year 2015 (B19083)
2015,2011–2015,"Rangeley town, Franklin County, Maine",61840,007,23,0.4658,0.0677,ACS 5-year 2015 (B19083)
2015,2011–2015,"Wilton town, Franklin County, Maine",85850,007,23,0.4216,0.0476,ACS 5-year 2015 (B19083)
2015,2011–2015,"New Sharon town, Franklin County, Maine",49345,007,23,0.3675,0.0301,ACS 5-year 2015 (B19083)
2015,2011–2015,"North Franklin UT, Franklin County, Maine",51400,007,23,0.2397,0.1528,ACS 5-year 2015 (B19083)
2015,2011–2015,"Bingham town, Somerset County, Maine",05000,025,23,0.4525,0.0580,ACS 5-year 2015 (B19083)
2015,2011–2015,"Lincoln town, Penobscot County, Maine",39475,019,23,0.4793,0.1067,ACS 5-year 2015 (B19083)
2015,2011–2015,"Veazie town, Penobscot County, Maine",78780,019,23,0.4821,0.0709,ACS 5-year 2015 (B19083)
2015,2011–2015,"Winn town, Penobscot County, Maine",86305,019,23,0.3676,0.0472,ACS 5-year 2015 (B19083)
2015,2011–2015,"Drew plantation, Penobscot County, Maine",18580,019,23,0.2972,0.2060,ACS 5-year 2015 (B19083)
2015,2011–2015,"Crawford town, Washington County, Maine",14940,029,23,0.3261,0.0679,ACS 5-year 2015 (B19083)
2015,2011–2015,"Howland town, Penobscot County, Maine",34190,019,23,0.4176,0.0451,ACS 5-year 2015 (B19083)
2015,2011–2015,"Patten town, Penobscot County, Maine",57150,019,23,0.4134,0.0385,ACS 5-year 2015 (B19083)
2015,2011–2015,"Holden town, Penobscot County, Maine",33490,019,23,0.4169,0.0598,ACS 5-year 2015 (B19083)
2015,2011–2015,"Bradford town, Penobscot County, Maine",06575,019,23,0.3830,0.0320,ACS 5-year 2015 (B19083)
2015,2011–2015,"East Millinocket town, Penobscot County, Maine",21030,019,23,0.4159,0.0359,ACS 5-year 2015 (B19083)
2015,2011–2015,"Medway town, Penobscot County, Maine",45005,019,23,0.3494,0.0333,ACS 5-year 2015 (B19083)
2015,2011–2015,"Milford town, Penobscot County, Maine",45670,019,23,0.3325,0.0391,ACS 5-year 2015 (B19083)
2015,2011–2015,"Jonesboro town, Washington County, Maine",35905,029,23,0.4431,0.0864,ACS 5-year 2015 (B19083)
2015,2011–2015,"Baring plantation, Washington County, Maine",02970,029,23,0.4365,0.0442,ACS 5-year 2015 (B19083)
2015,2011–2015,"Cape Elizabeth town, Cumberland County, Maine",10180,005,23,0.4477,0.0276,ACS 5-year 2015 (B19083)
2015,2011–2015,"Harpswell town, Cumberland County, Maine",31390,005,23,0.5034,0.0522,ACS 5-year 2015 (B19083)
2015,2011–2015,"Phippsburg town, Sagadahoc County, Maine",58515,023,23,0.4030,0.0425,ACS 5-year 2015 (B19083)
2015,2011–2015,"Bath city, Sagadahoc County, Maine",03355,023,23,0.5139,0.0574,ACS 5-year 2015 (B19083)
2015,2011–2015,"Parsonsfield town, York County, Maine",56870,031,23,0.4999,0.0505,ACS 5-year 2015 (B19083)
2015,2011–2015,"Buxton town, York County, Maine",09410,031,23,0.3648,0.0358,ACS 5-year 2015 (B19083)
2015,2011–2015,"Old Orchard Beach town, York County, Maine",55085,031,23,0.5084,0.0837,ACS 5-year 2015 (B19083)
2015,2011–2015,"South Berwick town, York County, Maine",70030,031,23,0.4319,0.0389,ACS 5-year 2015 (B19083)
2015,2011–2015,"Hollis town, York County, Maine",33665,031,23,0.3512,0.0359,ACS 5-year 2015 (B19083)
2015,2011–2015,"Lebanon town, York County, Maine",38425,031,23,0.3434,0.0388,ACS 5-year 2015 (B19083)
2015,2011–2015,"Wells town, York County, Maine",81475,031,23,0.4358,0.0390,ACS 5-year 2015 (B19083)
2015,2011–2015,"Gilead town, Oxford County, Maine",27505,017,23,0.3229,0.0987,ACS 5-year 2015 (B19083)
2015,2011–2015,"West Paris town, Oxford County, Maine",83890,017,23,0.3527,0.0293,ACS 5-year 2015 (B19083)
2015,2011–2015,"Hartford town, Oxford County, Maine",31670,017,23,0.3884,0.0691,ACS 5-year 2015 (B19083)
2015,2011–2015,"Kenduskeag town, Penobscot County, Maine",36325,019,23,0.4132,0.0459,ACS 5-year 2015 (B19083)
2015,2011–2015,"Blanchard UT, Piscataquis County, Maine",05560,021,23,0.2456,0.0693,ACS 5-year 2015 (B19083)
2015,2011–2015,"Milo town, Piscataquis County, Maine",46020,021,23,0.4167,0.0326,ACS 5-year 2015 (B19083)
2015,2011–2015,"Kingsbury plantation, Piscataquis County, Maine",37095,021,23,0.4594,0.1980,ACS 5-year 2015 (B19083)
2015,2011–2015,"Parkman town, Piscataquis County, Maine",56765,021,23,0.3562,0.0335,ACS 5-year 2015 (B19083)
2015,2011–2015,"Beaver Cove town, Piscataquis County, Maine",03740,021,23,0.3935,0.1099,ACS 5-year 2015 (B19083)
2015,2011–2015,"Isle au Haut town, Knox County, Maine",35135,013,23,0.3897,0.0815,ACS 5-year 2015 (B19083)
2015,2011–2015,"Vinalhaven town, Knox County, Maine",79130,013,23,0.4124,0.0516,ACS 5-year 2015 (B19083)
2015,2011–2015,"Hope town, Knox County, Maine",33840,013,23,0.3769,0.0347,ACS 5-year 2015 (B19083)
2015,2011–2015,"Friendship town, Knox County, Maine",26805,013,23,0.3829,0.0435,ACS 5-year 2015 (B19083)
2015,2011–2015,"North Haven town, Knox County, Maine",51620,013,23,0.4360,0.0685,ACS 5-year 2015 (B19083)
2015,2011–2015,"Hersey town, Aroostook County, Maine",32685,003,23,0.4300,0.1004,ACS 5-year 2015 (B19083)
2015,2011–2015,"New Canada town, Aroostook County, Maine",48575,003,23,0.4459,0.0541,ACS 5-year 2015 (B19083)
2015,2011–2015,"Cyr plantation, Aroostook County, Maine",15990,003,23,0.3779,0.1661,ACS 5-year 2015 (B19083)
2015,2011–2015,"Mars Hill town, Aroostook County, Maine",43710,003,23,0.4825,0.0430,ACS 5-year 2015 (B19083)
2015,2011–2015,"Crystal town, Aroostook County, Maine",15395,003,23,0.3843,0.0521,ACS 5-year 2015 (B19083)
2015,2011–2015,"Penobscot Indian Island Reservation, Aroostook County, Maine",57936,003,23,-666666666.0000,-222222222.0000,ACS 5-year 2015 (B19083)
2015,2011–2015,"Wade town, Aroostook County, Maine",79270,003,23,0.3970,0.0590,ACS 5-year 2015 (B19083)
2015,2011–2015,"Richmond town, Sagadahoc County, Maine",62645,023,23,0.3496,0.0269,ACS 5-year 2015 (B19083)
2015,2011–2015,"Trenton town, Hancock County, Maine",77415,009,23,0.4279,0.0522,ACS 5-year 2015 (B19083)
2015,2011–2015,"Amherst town, Hancock County, Maine",01185,009,23,0.4190,0.0591,ACS 5-year 2015 (B19083)
2015,2011–2015,"Lamoine town, Hancock County, Maine",38180,009,23,0.4409,0.0321,ACS 5-year 2015 (B19083)
2015,2011–2015,"Orland town, Hancock County, Maine",55505,009,23,0.3337,0.0341,ACS 5-year 2015 (B19083)
2015,2011–2015,"Muscle Ridge Islands UT, Knox County, Maine",47962,013,23,-666666666.0000,-222222222.0000,ACS 5-year 2015 (B19083)
2015,2011–2015,"Southport town, Lincoln County, Maine",71955,015,23,0.4715,0.0451,ACS 5-year 2015 (B19083)
2015,2011–2015,"Damariscotta town, Lincoln County, Maine",16235,015,23,0.4375,0.0471,ACS 5-year 2015 (B19083)
2015,2011–2015,"Newcastle town, Lincoln County, Maine",48645,015,23,0.4312,0.0335,ACS 5-year 2015 (B19083)
2016,2012–2016,"Albion town, Kennebec County, Maine",00590,011,23,0.3936,0.0302,ACS 5-year 2016 (B19083)
2016,2012–2016,"Belgrade town, Kennebec County, Maine",04020,011,23,0.3671,0.0337,ACS 5-year 2016 (B19083)
2016,2012–2016,"Manchester town, Kennebec County, Maine",43080,011,23,0.4671,0.0373,ACS 5-year 2016 (B19083)
2016,2012–2016,"Oakland town, Kennebec County, Maine",54560,011,23,0.4552,0.0518,ACS 5-year 2016 (B19083)
2016,2012–2016,"Winthrop town, Kennebec County, Maine",86970,011,23,0.3982,0.0351,ACS 5-year 2016 (B19083)
2016,2012–2016,"Oxbow plantation, Aroostook County, Maine",56205,003,23,0.2423,0.0833,ACS 5-year 2016 (B19083)
2016,2012–2016,"Monticello town, Aroostook County, Maine",46685,003,23,0.5039,0.1159,ACS 5-year 2016 (B19083)
2016,2012–2016,"Stockholm town, Aroostook County, Maine",74405,003,23,0.4600,0.0531,ACS 5-year 2016 (B19083)
2016,2012–2016,"New Sweden town, Aroostook County, Maine",49415,003,23,0.4228,0.0418,ACS 5-year 2016 (B19083)
2016,2012–2016,"Masardis town, Aroostook County, Maine",43990,003,23,0.3612,0.0495,ACS 5-year 2016 (B19083)
2016,2012–2016,"St. Francis town, Aroostook County, Maine",65025,003,23,0.4886,0.0482,ACS 5-year 2016 (B19083)
2016,2012–2016,"Caribou city, Aroostook County, Maine",10565,003,23,0.4657,0.0243,ACS 5-year 2016 (B19083)
2016,2012–2016,"Connor UT, Aroostook County, Maine",13900,003,23,0.4875,0.0615,ACS 5-year 2016 (B19083)
2016,2012–2016,"Houlton town, Aroostook County, Maine",33980,003,23,0.4448,0.0296,ACS 5-year 2016 (B19083)
2016,2012–2016,"Washburn town, Aroostook County, Maine",80285,003,23,0.4038,0.0586,ACS 5-year 2016 (B19083)
2016,2012–2016,"Chapman town, Aroostook County, Maine",12000,003,23,0.3207,0.0530,ACS 5-year 2016 (B19083)
2016,2012–2016,"Sherman town, Aroostook County, Maine",67790,003,23,0.3950,0.0350,ACS 5-year 2016 (B19083)
2016,2012–2016,"Freeport town, Cumberland County, Maine",26525,005,23,0.4937,0.0866,ACS 5-year 2016 (B19083)
2016,2012–2016,"New Sharon town, Franklin County, Maine",49345,007,23,0.3909,0.0351,ACS 5-year 2016 (B19083)
2016,2012–2016,"North Franklin UT, Franklin County, Maine",51400,007,23,0.2119,0.2407,ACS 5-year 2016 (B19083)
2016,2012–2016,"Bingham town, Somerset County, Maine",05000,025,23,0.4434,0.0486,ACS 5-year 2016 (B19083)
2016,2012–2016,"Central Somerset UT, Somerset County, Maine",11820,025,23,0.5172,0.1158,ACS 5-year 2016 (B19083)
2016,2012–2016,"Athens town, Somerset County, Maine",01885,025,23,0.4111,0.0378,ACS 5-year 2016 (B19083)
2016,2012–2016,"Norridgewock town, Somerset County, Maine",49835,025,23,0.3821,0.0443,ACS 5-year 2016 (B19083)
2016,2012–2016,"Cornville town, Somerset County, Maine",14555,025,23,0.4341,0.0655,ACS 5-year 2016 (B19083)
2016,2012–2016,"Highland plantation, Somerset County, Maine",32895,025,23,0.3253,0.0750,ACS 5-year 2016 (B19083)
2016,2012–2016,"Solon town, Somerset County, Maine",69505,025,23,0.3792,0.0473,ACS 5-year 2016 (B19083)
2016,2012–2016,"Lincoln town, Penobscot County, Maine",39475,019,23,0.4696,0.1011,ACS 5-year 2016 (B19083)
2016,2012–2016,"Veazie town, Penobscot County, Maine",78780,019,23,0.5089,0.0736,ACS 5-year 2016 (B19083)
2016,2012–2016,"Winn town, Penobscot County, Maine",86305,019,23,0.3783,0.0536,ACS 5-year 2016 (B19083)
2016,2012–2016,"Drew plantation, Penobscot County, Maine",18580,019,23,0.3173,0.1970,ACS 5-year 2016 (B19083)
2016,2012–2016,"Milford town, Penobscot County, Maine",45670,019,23,0.3409,0.0441,ACS 5-year 2016 (B19083)
2016,2012–2016,"Jonesboro town, Washington County, Maine",35905,029,23,0.4304,0.0619,ACS 5-year 2016 (B19083)
2016,2012–2016,"Baring plantation, Washington County, Maine",02970,029,23,0.4269,0.0513,ACS 5-year 2016 (B19083)
2016,2012–2016,"West Bath town, Sagadahoc County, Maine",81930,023,23,0.3839,0.0472,ACS 5-year 2016 (B19083)
2016,2012–2016,"Berwick town, York County, Maine",04720,031,23,0.3641,0.0411,ACS 5-year 2016 (B19083)
2016,2012–2016,"Falmouth town, Cumberland County, Maine",24495,005,23,0.5056,0.0527,ACS 5-year 2016 (B19083)
2016,2012–2016,"Baldwin town, Cumberland County, Maine",02655,005,23,0.3841,0.0321,ACS 5-year 2016 (B19083)
2016,2012–2016,"Bridgton town, Cumberland County, Maine",07170,005,23,0.4274,0.0635,ACS 5-year 2016 (B19083)
2016,2012–2016,"Appleton town, Knox County, Maine",01465,013,23,0.3903,0.0399,ACS 5-year 2016 (B19083)
2016,2012–2016,"Isle au Haut town, Knox County, Maine",35135,013,23,0.3792,0.0848,ACS 5-year 2016 (B19083)
2016,2012–2016,"Matinicus Isle plantation, Knox County, Maine",44165,013,23,0.5227,0.1345,ACS 5-year 2016 (B19083)
2016,2012–2016,"Hope town, Knox County, Maine",33840,013,23,0.3846,0.0336,ACS 5-year 2016 (B19083)
2016,2012–2016,"Friendship town, Knox County, Maine",26805,013,23,0.4047,0.0382,ACS 5-year 2016 (B19083)
2016,2012–2016,"Thomaston town, Knox County, Maine",76365,013,23,0.3926,0.0492,ACS 5-year 2016 (B19083)
2016,2012–2016,"Marshfield town, Washington County, Maine",43640,029,23,0.3810,0.0467,ACS 5-year 2016 (B19083)
2016,2012–2016,"North Washington UT, Washington County, Maine",53500,029,23,0.3590,0.0583,ACS 5-year 2016 (B19083)
2016,2012–2016,"Charlotte town, Washington County, Maine",12175,029,23,0.4399,0.0864,ACS 5-year 2016 (B19083)
2016,2012–2016,"Meddybemps town, Washington County, Maine",44760,029,23,0.3706,0.0953,ACS 5-year 2016 (B19083)
2016,2012–2016,"Standish town, Cumberland County, Maine",73670,005,23,0.3783,0.0288,ACS 5-year 2016 (B19083)
2016,2012–2016,"Scarborough town, Cumberland County, Maine",66145,005,23,0.4155,0.0227,ACS 5-year 2016 (B19083)
2016,2012–2016,"Westbrook city, Cumberland County, Maine",82105,005,23,0.4268,0.0178,ACS 5-year 2016 (B19083)
2016,2012–2016,"Gouldsboro town, Hancock County, Maine",28450,009,23,0.4977,0.0591,ACS 5-year 2016 (B19083)
2016,2012–2016,"Deer Isle town, Hancock County, Maine",17145,009,23,0.5483,0.0818,ACS 5-year 2016 (B19083)
2016,2012–2016,"Stonington town, Hancock County, Maine",74580,009,23,0.4476,0.0427,ACS 5-year 2016 (B19083)
2016,2012–2016,"Aurora town, Hancock County, Maine",02165,009,23,0.4146,0.1459,ACS 5-year 2016 (B19083)
2016,2012–2016,"Castine town, Hancock County, Maine",11265,009,23,0.5251,0.0688,ACS 5-year 2016 (B19083)
2016,2012–2016,"Bar Harbor town, Hancock County, Maine",02865,009,23,0.4361,0.0457,ACS 5-year 2016 (B19083)
2016,2012–2016,"Brooklin town, Hancock County, Maine",07800,009,23,0.5043,0.0676,ACS 5-year 2016 (B19083)
2016,2012–2016,"Penobscot Indian Island Reservation, Penobscot County, Maine",57936,019,23,0.4736,0.0423,ACS 5-year 2016 (B19083)
2016,2012–2016,"Greenville town, Piscataquis County, Maine",29535,021,23,0.3600,0.0507,ACS 5-year 2016 (B19083)
2016,2012–2016,"Wellington town, Piscataquis County, Maine",81405,021,23,0.5364,0.1339,ACS 5-year 2016 (B19083)
2016,2012–2016,"Minot town, Androscoggin County, Maine",46160,001,23,0.4406,0.1267,ACS 5-year 2016 (B19083)
2016,2012–2016,"Durham town, Androscoggin County, Maine",19105,001,23,0.3702,0.0428,ACS 5-year 2016 (B19083)
2016,2012–2016,"Lewiston city, Androscoggin County, Maine",38740,001,23,0.4488,0.0184,ACS 5-year 2016 (B19083)
2016,2012–2016,"Portland city, Cumberland County, Maine",60545,005,23,0.4765,0.0127,ACS 5-year 2016 (B19083)
2016,2012–2016,"Woolwich town, Sagadahoc County, Maine",87460,023,23,0.3171,0.0351,ACS 5-year 2016 (B19083)
2016,2012–2016,"Limerick town, York County, Maine",39195,031,23,0.3852,0.0379,ACS 5-year 2016 (B19083)
2016,2012–2016,"Monhegan plantation, Lincoln County, Maine",46335,015,23,0.4225,0.1687,ACS 5-year 2016 (B19083)
2016,2012–2016,"Damariscotta town, Lincoln County, Maine",16235,015,23,0.4092,0.0453,ACS 5-year 2016 (B19083)
2016,2012–2016,"Brooks town, Waldo County, Maine",07870,027,23,0.3960,0.0379,ACS 5-year 2016 (B19083)
2016,2012–2016,"Waldo town, Waldo County, Maine",79480,027,23,0.3818,0.0430,ACS 5-year 2016 (B19083)
2016,2012–2016,"Prospect town, Waldo County, Maine",61210,027,23,0.3209,0.0334,ACS 5-year 2016 (B19083)
2016,2012–2016,"Troy town, Waldo County, Maine",77625,027,23,0.3923,0.0390,ACS 5-year 2016 (B19083)
2016,2012–2016,"Islesboro town, Waldo County, Maine",35240,027,23,0.5697,0.0646,ACS 5-year 2016 (B19083)
2016,2012–2016,"Jackson town, Waldo County, Maine",35450,027,23,0.2972,0.0451,ACS 5-year 2016 (B19083)
2016,2012–2016,"Morrill town, Waldo County, Maine",47245,027,23,0.3939,0.0548,ACS 5-year 2016 (B19083)
2016,2012–2016,"Burlington town, Penobscot County, Maine",09200,019,23,0.4244,0.0755,ACS 5-year 2016 (B19083)
2016,2012–2016,"Dexter town, Penobscot County, Maine",17530,019,23,0.4299,0.0532,ACS 5-year 2016 (B19083)
2016,2012–2016,"Smyrna town, Aroostook County, Maine",69260,003,23,0.3522,0.0554,ACS 5-year 2016 (B19083)
2016,2012–2016,"Newcastle town, Lincoln County, Maine",48645,015,23,0.4188,0.0396,ACS 5-year 2016 (B19083)
2016,2012–2016,"North Oxford UT, Oxford County, Maine",52575,017,23,-666666666.0000,-222222222.0000,ACS 5-year 2016 (B19083)
2016,2012–2016,"Magalloway plantation, Oxford County, Maine",42835,017,23,0.3682,0.1286,ACS 5-year 2016 (B19083)
2016,2012–2016,"Sumner town, Oxford County, Maine",75035,017,23,0.3642,0.0335,ACS 5-year 2016 (B19083)
2016,2012–2016,"Somerville town, Lincoln County, Maine",69645,015,23,0.4025,0.0575,ACS 5-year 2016 (B19083)
2016,2012–2016,"Waldoboro town, Lincoln County, Maine",79550,015,23,0.4110,0.0368,ACS 5-year 2016 (B19083)
2016,2012–2016,"South Bristol town, Lincoln County, Maine",70240,015,23,0.4786,0.0450,ACS 5-year 2016 (B19083)
2016,2012–2016,"Peru town, Oxford County, Maine",58270,017,23,0.3653,0.0261,ACS 5-year 2016 (B19083)
2016,2012–2016,"Norway town, Oxford County, Maine",54000,017,23,0.4103,0.0377,ACS 5-year 2016 (B19083)
2016,2012–2016,"Byron town, Oxford County, Maine",09550,017,23,0.4563,0.1630,ACS 5-year 2016 (B19083)
2016,2012–2016,"Canton town, Oxford County, Maine",10005,017,23,0.3753,0.0433,ACS 5-year 2016 (B19083)
2016,2012–2016,"Newburgh town, Penobscot County, Maine",48505,019,23,0.4055,0.0422,ACS 5-year 2016 (B19083)
2016,2012–2016,"Lowell town, Penobscot County, Maine",41435,019,23,0.4000,0.0561,ACS 5-year 2016 (B19083)
2016,2012–2016,"Seboeis plantation, Penobscot County, Maine",67160,019,23,0.3646,0.1012,ACS 5-year 2016 (B19083)
2016,2012–2016,"Corinth town, Penobscot County, Maine",14380,019,23,0.3917,0.0427,ACS 5-year 2016 (B19083)
2016,2012–2016,"Garland town, Penobscot County, Maine",27190,019,23,0.4050,0.0544,ACS 5-year 2016 (B19083)
2016,2012–2016,"Chester town, Penobscot County, Maine",12525,019,23,0.4743,0.0518,ACS 5-year 2016 (B19083)
2016,2012–2016,"Argyle UT, Penobscot County, Maine",01500,019,23,0.3953,0.0631,ACS 5-year 2016 (B19083)
2016,2012–2016,"Northeast Piscataquis UT, Piscataquis County, Maine",51105,021,23,0.3647,0.0479,ACS 5-year 2016 (B19083)
2016,2012–2016,"Shirley town, Piscataquis County, Maine",68140,021,23,0.3912,0.0768,ACS 5-year 2016 (B19083)
2016,2012–2016,"Crawford town, Washington County, Maine",14940,029,23,0.3863,0.1160,ACS 5-year 2016 (B19083)
2016,2012–2016,"Harrington town, Washington County, Maine",31530,029,23,0.4004,0.0422,ACS 5-year 2016 (B19083)
2016,2012–2016,"Machias town, Washington County, Maine",41960,029,23,0.4172,0.0351,ACS 5-year 2016 (B19083)
2016,2012–2016,"Perry town, Washington County, Maine",58165,029,23,0.3750,0.0518,ACS 5-year 2016 (B19083)
2016,2012–2016,"Lubec town, Washington County, Maine",41610,029,23,0.4330,0.0344,ACS 5-year 2016 (B19083)
2016,2012–2016,"Passamaquoddy Pleasant Point Reservation, Washington County, Maine",57090,029,23,0.5073,0.0770,ACS 5-year 2016 (B19083)
2016,2012–2016,"Whitneyville town, Washington County, Maine",85290,029,23,0.3478,0.0748,ACS 5-year 2016 (B19083)
2016,2012–2016,"Topsfield town, Washington County, Maine",76895,029,23,0.3632,0.0475,ACS 5-year 2016 (B19083)
2016,2012–2016,"Danforth town, Washington County, Maine",16410,029,23,0.3435,0.0379,ACS 5-year 2016 (B19083)
2016,2012–2016,"Milbridge town, Washington County, Maine",45600,029,23,0.4593,0.0522,ACS 5-year 2016 (B19083)
2016,2012–2016,"Robbinston town, Washington County, Maine",63275,029,23,0.3582,0.0691,ACS 5-year 2016 (B19083)
2016,2012–2016,"Roque Bluffs town, Washington County, Maine",63940,029,23,0.4556,0.0846,ACS 5-year 2016 (B19083)
2016,2012–2016,"Passamaquoddy Indian Township Reservation, Washington County, Maine",57082,029,23,0.4255,0.0497,ACS 5-year 2016 (B19083)
2016,2012–2016,"Windham town, Cumberland County, Maine",86025,005,23,0.3931,0.0327,ACS 5-year 2016 (B19083)
2016,2012–2016,"North Yarmouth town, Cumberland County, Maine",53860,005,23,0.4054,0.0456,ACS 5-year 2016 (B19083)
2016,2012–2016,"Harrison town, Cumberland County, Maine",31600,005,23,0.4043,0.0519,ACS 5-year 2016 (B19083)
2016,2012–2016,"Cape Elizabeth town, Cumberland County, Maine",10180,005,23,0.4262,0.0284,ACS 5-year 2016 (B19083)
2016,2012–2016,"Long Island town, Cumberland County, Maine",41067,005,23,0.4718,0.0852,ACS 5-year 2016 (B19083)
2016,2012–2016,"Gray town, Cumberland County, Maine",28870,005,23,0.4242,0.0411,ACS 5-year 2016 (B19083)
2016,2012–2016,"Harpswell town, Cumberland County, Maine",31390,005,23,0.5018,0.0539,ACS 5-year 2016 (B19083)
2016,2012–2016,"Verona Island town, Hancock County, Maine",78925,009,23,0.4091,0.0477,ACS 5-year 2016 (B19083)
2016,2012–2016,"Westport Island town, Lincoln County, Maine",84140,015,23,0.4434,0.0623,ACS 5-year 2016 (B19083)
2016,2012–2016,"Phippsburg town, Sagadahoc County, Maine",58515,023,23,0.4755,0.1176,ACS 5-year 2016 (B19083)
2016,2012–2016,"Bowdoin town, Sagadahoc County, Maine",06260,023,23,0.4115,0.0509,ACS 5-year 2016 (B19083)
2016,2012–2016,"Bath city, Sagadahoc County, Maine",03355,023,23,0.4737,0.0625,ACS 5-year 2016 (B19083)
2016,2012–2016,"Newfield town, York County, Maine",48750,031,23,0.3866,0.0451,ACS 5-year 2016 (B19083)
2016,2012–2016,"Parsonsfield town, York County, Maine",56870,031,23,0.4693,0.0487,ACS 5-year 2016 (B19083)
2016,2012–2016,"York town, York County, Maine",87985,031,23,0.4562,0.0320,ACS 5-year 2016 (B19083)
2016,2012–2016,"Lyman town, York County, Maine",41750,031,23,0.3552,0.0551,ACS 5-year 2016 (B19083)
2016,2012–2016,"Acton town, York County, Maine",00275,031,23,0.3959,0.0544,ACS 5-year 2016 (B19083)
2016,2012–2016,"Buxton town, York County, Maine",09410,031,23,0.3824,0.0383,ACS 5-year 2016 (B19083)
2016,2012–2016,"Dayton town, York County, Maine",16725,031,23,0.3291,0.0279,ACS 5-year 2016 (B19083)
2016,2012–2016,"Limington town, York County, Maine",39405,031,23,0.3726,0.0426,ACS 5-year 2016 (B19083)
2016,2012–2016,"Old Orchard Beach town, York County, Maine",55085,031,23,0.5166,0.0848,ACS 5-year 2016 (B19083)
2016,2012–2016,"Ogunquit town, York County, Maine",54980,031,23,0.4751,0.0851,ACS 5-year 2016 (B19083)
2016,2012–2016,"Saco city, York County, Maine",64675,031,23,0.4161,0.0293,ACS 5-year 2016 (B19083)
2016,2012–2016,"South Berwick town, York County, Maine",70030,031,23,0.3953,0.0438,ACS 5-year 2016 (B19083)
2016,2012–2016,"Alfred town, York County, Maine",00730,031,23,0.3912,0.0383,ACS 5-year 2016 (B19083)
2016,2012–2016,"Biddeford city, York County, Maine",04860,031,23,0.4352,0.0299,ACS 5-year 2016 (B19083)
2016,2012–2016,"Eliot town, York County, Maine",22955,031,23,0.3792,0.0341,ACS 5-year 2016 (B19083)
2016,2012–2016,"Hollis town, York County, Maine",33665,031,23,0.3741,0.0266,ACS 5-year 2016 (B19083)
2016,2012–2016,"Kennebunk town, York County, Maine",36535,031,23,0.4809,0.0437,ACS 5-year 2016 (B19083)
2016,2012–2016,"North Berwick town, York County, Maine",50325,031,23,0.3584,0.0336,ACS 5-year 2016 (B19083)
2016,2012–2016,"Lebanon town, York County, Maine",38425,031,23,0.3465,0.0386,ACS 5-year 2016 (B19083)
2016,2012–2016,"Shapleigh town, York County, Maine",67475,031,23,0.3311,0.0249,ACS 5-year 2016 (B19083)
2016,2012–2016,"Waterboro town, York County, Maine",80530,031,23,0.3395,0.0449,ACS 5-year 2016 (B19083)
2016,2012–2016,"Wells town, York County, Maine",81475,031,23,0.4308,0.0410,ACS 5-year 2016 (B19083)
2016,2012–2016,"Kennebunkport town, York County, Maine",36745,031,23,0.4632,0.0429,ACS 5-year 2016 (B19083)
2016,2012–2016,"Sweden town, Oxford County, Maine",75595,017,23,0.4497,0.0612,ACS 5-year 2016 (B19083)
2016,2012–2016,"Gilead town, Oxford County, Maine",27505,017,23,0.3740,0.0635,ACS 5-year 2016 (B19083)
2016,2012–2016,"Milton UT, Oxford County, Maine",46105,017,23,0.3505,0.0909,ACS 5-year 2016 (B19083)
2016,2012–2016,"West Paris town, Oxford County, Maine",83890,017,23,0.4144,0.0448,ACS 5-year 2016 (B19083)
2016,2012–2016,"Buckfield town, Oxford County, Maine",08710,017,23,0.4118,0.0336,ACS 5-year 2016 (B19083)
2016,2012–2016,"Hartford town, Oxford County, Maine",31670,017,23,0.3993,0.0437,ACS 5-year 2016 (B19083)
2016,2012–2016,"Paris town, Oxford County, Maine",56625,017,23,0.4397,0.0402,ACS 5-year 2016 (B19083)
2016,2012–2016,"Newry town, Oxford County, Maine",49275,017,23,0.4605,0.0549,ACS 5-year 2016 (B19083)
2016,2012–2016,"Chebeague Island town, Cumberland County, Maine",12300,005,23,0.5376,0.0910,ACS 5-year 2016 (B19083)
2016,2012–2016,"Newport town, Penobscot County, Maine",49065,019,23,0.5037,0.0662,ACS 5-year 2016 (B19083)
2016,2012–2016,"Orrington town, Penobscot County, Maine",55680,019,23,0.3709,0.0427,ACS 5-year 2016 (B19083)
2016,2012–2016,"Lakeville town, Penobscot County, Maine",38005,019,23,0.5136,0.0985,ACS 5-year 2016 (B19083)
2016,2012–2016,"Mount Chase town, Penobscot County, Maine",47560,019,23,0.6037,0.1994,ACS 5-year 2016 (B19083)
2016,2012–2016,"Passadumkeag town, Penobscot County, Maine",57045,019,23,0.3618,0.0383,ACS 5-year 2016 (B19083)
2016,2012–2016,"Springfield town, Penobscot County, Maine",73250,019,23,0.3767,0.0490,ACS 5-year 2016 (B19083)
2016,2012–2016,"Bradley town, Penobscot County, Maine",06680,019,23,0.4590,0.0996,ACS 5-year 2016 (B19083)
2016,2012–2016,"Charleston town, Penobscot County, Maine",12105,019,23,0.3309,0.0364,ACS 5-year 2016 (B19083)
2016,2012–2016,"Carroll plantation, Penobscot County, Maine",10810,019,23,0.4675,0.1079,ACS 5-year 2016 (B19083)
2016,2012–2016,"Clifton town, Penobscot County, Maine",13365,019,23,0.3945,0.0555,ACS 5-year 2016 (B19083)
2016,2012–2016,"Stetson town, Penobscot County, Maine",74055,019,23,0.4229,0.0570,ACS 5-year 2016 (B19083)
2016,2012–2016,"Carmel town, Penobscot County, Maine",10670,019,23,0.3431,0.0355,ACS 5-year 2016 (B19083)
2016,2012–2016,"Woodville town, Penobscot County, Maine",87390,019,23,0.3512,0.0649,ACS 5-year 2016 (B19083)
2016,2012–2016,"Kenduskeag town, Penobscot County, Maine",36325,019,23,0.4012,0.0475,ACS 5-year 2016 (B19083)
2016,2012–2016,"Stacyville town, Penobscot County, Maine",73600,019,23,0.4449,0.0534,ACS 5-year 2016 (B19083)
2016,2012–2016,"Kingman UT, Penobscot County, Maine",37075,019,23,0.3536,0.0640,ACS 5-year 2016 (B19083)
2016,2012–2016,"Blanchard UT, Piscataquis County, Maine",05560,021,23,0.4088,0.0787,ACS 5-year 2016 (B19083)
2016,2012–2016,"Atkinson town, Piscataquis County, Maine",01920,021,23,0.5256,0.1440,ACS 5-year 2016 (B19083)
2016,2012–2016,"Milo town, Piscataquis County, Maine",46020,021,23,0.4247,0.0336,ACS 5-year 2016 (B19083)
2016,2012–2016,"Sangerville town, Piscataquis County, Maine",65865,021,23,0.4311,0.0395,ACS 5-year 2016 (B19083)
2016,2012–2016,"Guilford town, Piscataquis County, Maine",30095,021,23,0.4726,0.0721,ACS 5-year 2016 (B19083)
2016,2012–2016,"Kingsbury plantation, Piscataquis County, Maine",37095,021,23,-666666666.0000,-222222222.0000,ACS 5-year 2016 (B19083)
2016,2012–2016,"Poland town, Androscoggin County, Maine",60020,001,23,0.3789,0.0510,ACS 5-year 2016 (B19083)
2016,2012–2016,"Mechanic Falls town, Androscoggin County, Maine",44585,001,23,0.4247,0.0564,ACS 5-year 2016 (B19083)
2016,2012–2016,"Livermore Falls town, Androscoggin County, Maine",40770,001,23,0.4130,0.0395,ACS 5-year 2016 (B19083)
2016,2012–2016,"South Aroostook UT, Aroostook County, Maine",69930,003,23,0.3619,0.0565,ACS 5-year 2016 (B19083)
2016,2012–2016,"Oxford town, Oxford County, Maine",56310,017,23,0.4048,0.0459,ACS 5-year 2016 (B19083)
2016,2012–2016,"Rumford town, Oxford County, Maine",64290,017,23,0.4510,0.0297,ACS 5-year 2016 (B19083)
2016,2012–2016,"South Oxford UT, Oxford County, Maine",71755,017,23,0.4612,0.0441,ACS 5-year 2016 (B19083)
2016,2012–2016,"Waterford town, Oxford County, Maine",80635,017,23,0.4377,0.0804,ACS 5-year 2016 (B19083)
2016,2012–2016,"Lovell town, Oxford County, Maine",41365,017,23,0.4505,0.0645,ACS 5-year 2016 (B19083)
2016,2012–2016,"Roxbury town, Oxford County, Maine",64185,017,23,0.3916,0.0593,ACS 5-year 2016 (B19083)
2016,2012–2016,"Stoneham town, Oxford County, Maine",74510,017,23,0.5044,0.1069,ACS 5-year 2016 (B19083)
2016,2012–2016,"Upton town, Oxford County, Maine",78465,017,23,0.3203,0.0990,ACS 5-year 2016 (B19083)
2016,2012–2016,"Woodstock town, Oxford County, Maine",87355,017,23,0.3966,0.0649,ACS 5-year 2016 (B19083)
2016,2012–2016,"Bethel town, Oxford County, Maine",04825,017,23,0.4386,0.0650,ACS 5-year 2016 (B19083)
2016,2012–2016,"Brownfield town, Oxford County, Maine",08150,017,23,0.3894,0.0375,ACS 5-year 2016 (B19083)
2016,2012–2016,"Andover town, Oxford County, Maine",01325,017,23,0.3401,0.0380,ACS 5-year 2016 (B19083)
2016,2012–2016,"Dixfield town, Oxford County, Maine",17740,017,23,0.4121,0.0351,ACS 5-year 2016 (B19083)
2016,2012–2016,"Fryeburg town, Oxford County, Maine",26910,017,23,0.3783,0.0447,ACS 5-year 2016 (B19083)
2016,2012–2016,"Mexico town, Oxford County, Maine",45285,017,23,0.4385,0.0453,ACS 5-year 2016 (B19083)
2016,2012–2016,"Otisfield town, Oxford County, Maine",55960,017,23,0.3430,0.0407,ACS 5-year 2016 (B19083)
2016,2012–2016,"Hanover town, Oxford County, Maine",31110,017,23,0.3156,0.0616,ACS 5-year 2016 (B19083)
2016,2012–2016,"Hebron town, Oxford County, Maine",32370,017,23,0.3415,0.0348,ACS 5-year 2016 (B19083)
2016,2012–2016,"Hiram town, Oxford County, Maine",33315,017,23,0.4199,0.0339,ACS 5-year 2016 (B19083)
2016,2012–2016,"Stow town, Oxford County, Maine",74685,017,23,0.4004,0.0551,ACS 5-year 2016 (B19083)
2016,2012–2016,"Greenwood town, Oxford County, Maine",29710,017,23,0.4049,0.0630,ACS 5-year 2016 (B19083)
2016,2012–2016,"Porter town, Oxford County, Maine",60405,017,23,0.3912,0.0421,ACS 5-year 2016 (B19083)
2016,2012–2016,"Lincoln plantation, Oxford County, Maine",39422,017,23,0.5073,0.1892,ACS 5-year 2016 (B19083)
2016,2012–2016,"Denmark town, Oxford County, Maine",17250,017,23,0.4193,0.0566,ACS 5-year 2016 (B19083)
2016,2012–2016,"Bremen town, Lincoln County, Maine",06855,015,23,0.4288,0.0992,ACS 5-year 2016 (B19083)
2016,2012–2016,"Boothbay town, Lincoln County, Maine",06050,015,23,0.4359,0.0641,ACS 5-year 2016 (B19083)
2016,2012–2016,"Bristol town, Lincoln County, Maine",07485,015,23,0.4071,0.0289,ACS 5-year 2016 (B19083)
2016,2012–2016,"Dresden town, Lincoln County, Maine",18475,015,23,0.3862,0.0352,ACS 5-year 2016 (B19083)
2016,2012–2016,"Nobleboro town, Lincoln County, Maine",49660,015,23,0.3984,0.0286,ACS 5-year 2016 (B19083)
2016,2012–2016,"Whitefield town, Lincoln County, Maine",85010,015,23,0.4049,0.0605,ACS 5-year 2016 (B19083)
2016,2012–2016,"Wiscasset town, Lincoln County, Maine",87075,015,23,0.4742,0.0661,ACS 5-year 2016 (B19083)
2016,2012–2016,"Augusta city, Kennebec County, Maine",02100,011,23,0.4345,0.0276,ACS 5-year 2016 (B19083)
2016,2012–2016,"Clinton town, Kennebec County, Maine",13470,011,23,0.3581,0.0415,ACS 5-year 2016 (B19083)
2016,2012–2016,"Litchfield town, Kennebec County, Maine",40175,011,23,0.4022,0.0404,ACS 5-year 2016 (B19083)
2016,2012–2016,"Gardiner city, Kennebec County, Maine",27085,011,23,0.4207,0.0362,ACS 5-year 2016 (B19083)
2016,2012–2016,"Chelsea town, Kennebec County, Maine",12350,011,23,0.3635,0.0286,ACS 5-year 2016 (B19083)
2016,2012–2016,"Winslow town, Kennebec County, Maine",86515,011,23,0.4214,0.0239,ACS 5-year 2016 (B19083)
2016,2012–2016,"Randolph town, Kennebec County, Maine",61700,011,23,0.4105,0.0366,ACS 5-year 2016 (B19083)
2016,2012–2016,"Sidney town, Kennebec County, Maine",68385,011,23,0.3578,0.0345,ACS 5-year 2016 (B19083)
2016,2012–2016,"Hallowell city, Kennebec County, Maine",30550,011,23,0.4542,0.0492,ACS 5-year 2016 (B19083)
2016,2012–2016,"Vienna town, Kennebec County, Maine",79025,011,23,0.4850,0.1155,ACS 5-year 2016 (B19083)
2016,2012–2016,"Brewer city, Penobscot County, Maine",06925,019,23,0.4190,0.0563,ACS 5-year 2016 (B19083)
2016,2012–2016,"Corinna town, Penobscot County, Maine",14310,019,23,0.4269,0.0293,ACS 5-year 2016 (B19083)
2016,2012–2016,"Hammond town, Aroostook County, Maine",30725,003,23,0.3663,0.0794,ACS 5-year 2016 (B19083)
2016,2012–2016,"Limestone town, Aroostook County, Maine",39300,003,23,0.4014,0.0399,ACS 5-year 2016 (B19083)
2016,2012–2016,"New Limerick town, Aroostook County, Maine",48960,003,23,0.4129,0.0953,ACS 5-year 2016 (B19083)
2016,2012–2016,"Weston town, Aroostook County, Maine",83785,003,23,0.3643,0.1008,ACS 5-year 2016 (B19083)
2016,2012–2016,"Amity town, Aroostook County, Maine",01220,003,23,0.5193,0.1948,ACS 5-year 2016 (B19083)
2016,2012–2016,"Benton town, Kennebec County, Maine",04475,011,23,0.3888,0.0354,ACS 5-year 2016 (B19083)
2016,2012–2016,"Farmingdale town, Kennebec County, Maine",24670,011,23,0.4622,0.0480,ACS 5-year 2016 (B19083)
2016,2012–2016,"Monmouth town, Kennebec County, Maine",46405,011,23,0.4054,0.0510,ACS 5-year 2016 (B19083)
2016,2012–2016,"West Gardiner town, Kennebec County, Maine",82945,011,23,0.3285,0.0458,ACS 5-year 2016 (B19083)
2016,2012–2016,"Windsor town, Kennebec County, Maine",86165,011,23,0.3780,0.0311,ACS 5-year 2016 (B19083)
2016,2012–2016,"Unity UT, Kennebec County, Maine",78190,011,23,0.3569,0.1088,ACS 5-year 2016 (B19083)
2016,2012–2016,"Rome town, Kennebec County, Maine",63835,011,23,0.4370,0.0416,ACS 5-year 2016 (B19083)
2016,2012–2016,"China town, Kennebec County, Maine",12735,011,23,0.3772,0.0393,ACS 5-year 2016 (B19083)
2016,2012–2016,"Fayette town, Kennebec County, Maine",24950,011,23,0.3764,0.0323,ACS 5-year 2016 (B19083)
2016,2012–2016,"Readfield town, Kennebec County, Maine",62190,011,23,0.3659,0.0370,ACS 5-year 2016 (B19083)
2016,2012–2016,"Vassalboro town, Kennebec County, Maine",78745,011,23,0.3734,0.0388,ACS 5-year 2016 (B19083)
2016,2012–2016,"Waterville city, Kennebec County, Maine",80740,011,23,0.5390,0.0372,ACS 5-year 2016 (B19083)
2016,2012–2016,"Mount Vernon town, Kennebec County, Maine",47770,011,23,0.3795,0.0325,ACS 5-year 2016 (B19083)
2016,2012–2016,"Weld town, Franklin County, Maine",81300,007,23,0.3969,0.0448,ACS 5-year 2016 (B19083)
2016,2012–2016,"Phillips town, Franklin County, Maine",58445,007,23,0.3873,0.0358,ACS 5-year 2016 (B19083)
2016,2012–2016,"Rangeley plantation, Franklin County, Maine",61875,007,23,0.4292,0.0501,ACS 5-year 2016 (B19083)
2016,2012–2016,"Temple town, Franklin County, Maine",75980,007,23,0.4427,0.0618,ACS 5-year 2016 (B19083)
2016,2012–2016,"Chesterville town, Franklin County, Maine",12595,007,23,0.3898,0.0467,ACS 5-year 2016 (B19083)
2016,2012–2016,"Coplin plantation, Franklin County, Maine",14205,007,23,0.3651,0.0948,ACS 5-year 2016 (B19083)
2016,2012–2016,"Industry town, Franklin County, Maine",34820,007,23,0.4050,0.0363,ACS 5-year 2016 (B19083)
2016,2012–2016,"Jay town, Franklin County, Maine",35625,007,23,0.4136,0.0840,ACS 5-year 2016 (B19083)
2016,2012–2016,"Wyman UT, Franklin County, Maine",87680,007,23,0.2919,0.1745,ACS 5-year 2016 (B19083)
2016,2012–2016,"Farmington town, Franklin County, Maine",24775,007,23,0.4650,0.0484,ACS 5-year 2016 (B19083)
2016,2012–2016,"Sandy River plantation, Franklin County, Maine",65655,007,23,0.2731,0.0780,ACS 5-year 2016 (B19083)
2016,2012–2016,"Strong town, Franklin County, Maine",74825,007,23,0.3785,0.0396,ACS 5-year 2016 (B19083)
2016,2012–2016,"Rangeley town, Franklin County, Maine",61840,007,23,0.4588,0.0649,ACS 5-year 2016 (B19083)
2016,2012–2016,"Avon town, Franklin County, Maine",02235,007,23,0.4572,0.0744,ACS 5-year 2016 (B19083)
2016,2012–2016,"Carrabassett Valley town, Franklin County, Maine",10740,007,23,0.3659,0.0348,ACS 5-year 2016 (B19083)
2016,2012–2016,"West Central Franklin UT, Franklin County, Maine",82235,007,23,-666666666.0000,-222222222.0000,ACS 5-year 2016 (B19083)
2016,2012–2016,"Wilton town, Franklin County, Maine",85850,007,23,0.4426,0.0472,ACS 5-year 2016 (B19083)
2016,2012–2016,"Dallas plantation, Franklin County, Maine",16165,007,23,0.3763,0.0507,ACS 5-year 2016 (B19083)
2016,2012–2016,"Kingfield town, Franklin County, Maine",37025,007,23,0.3785,0.0392,ACS 5-year 2016 (B19083)
2016,2012–2016,"Carthage town, Franklin County, Maine",10915,007,23,0.4211,0.0505,ACS 5-year 2016 (B19083)
2016,2012–2016,"East Central Franklin UT, Franklin County, Maine",19865,007,23,0.3950,0.0581,ACS 5-year 2016 (B19083)
2016,2012–2016,"South Franklin UT, Franklin County, Maine",70760,007,23,0.3549,0.0756,ACS 5-year 2016 (B19083)
2016,2012–2016,"Eustis town, Franklin County, Maine",24005,007,23,0.4158,0.0429,ACS 5-year 2016 (B19083)
2016,2012–2016,"New Vineyard town, Franklin County, Maine",49520,007,23,0.4799,0.0559,ACS 5-year 2016 (B19083)
2016,2012–2016,"Merrill town, Aroostook County, Maine",45180,003,23,0.4213,0.0700,ACS 5-year 2016 (B19083)
2016,2012–2016,"Orient town, Aroostook County, Maine",55435,003,23,0.5087,0.0912,ACS 5-year 2016 (B19083)
2016,2012–2016,"Westfield town, Aroostook County, Maine",82770,003,23,0.3385,0.0533,ACS 5-year 2016 (B19083)
2016,2012–2016,"Haynesville town, Aroostook County, Maine",32195,003,23,0.3585,0.0841,ACS 5-year 2016 (B19083)
2016,2012–2016,"Perham town, Aroostook County, Maine",58060,003,23,0.3834,0.0693,ACS 5-year 2016 (B19083)
2016,2012–2016,"St. John plantation, Aroostook County, Maine",65200,003,23,0.4895,0.0580,ACS 5-year 2016 (B19083)
2016,2012–2016,"Fort Kent town, Aroostook County, Maine",25755,003,23,0.4243,0.0303,ACS 5-year 2016 (B19083)
2016,2012–2016,"Moro plantation, Aroostook County, Maine",47175,003,23,0.0779,0.0349,ACS 5-year 2016 (B19083)
2016,2012–2016,"Caswell town, Aroostook County, Maine",11335,003,23,0.4665,0.0631,ACS 5-year 2016 (B19083)
2016,2012–2016,"Northwest Aroostook UT, Aroostook County, Maine",53602,003,23,0.0135,0.0163,ACS 5-year 2016 (B19083)
2016,2012–2016,"Beddington town, Washington County, Maine",03810,029,23,0.4258,0.1033,ACS 5-year 2016 (B19083)
2016,2012–2016,"Addison town, Washington County, Maine",00380,029,23,0.4569,0.0915,ACS 5-year 2016 (B19083)
2016,2012–2016,"East Central Washington UT, Washington County, Maine",19870,029,23,0.4922,0.1056,ACS 5-year 2016 (B19083)
2016,2012–2016,"Eastport city, Washington County, Maine",21730,029,23,0.5188,0.0875,ACS 5-year 2016 (B19083)
2016,2012–2016,"Pembroke town, Washington County, Maine",57780,029,23,0.4121,0.0370,ACS 5-year 2016 (B19083)
2016,2012–2016,"Alexander town, Washington County, Maine",00660,029,23,0.3546,0.0620,ACS 5-year 2016 (B19083)
2016,2012–2016,"Columbia Falls town, Washington County, Maine",13820,029,23,0.3753,0.0431,ACS 5-year 2016 (B19083)
2016,2012–2016,"Deblois town, Washington County, Maine",16865,029,23,0.4029,0.1049,ACS 5-year 2016 (B19083)
2016,2012–2016,"Grand Lake Stream plantation, Washington County, Maine",28660,029,23,0.4681,0.0830,ACS 5-year 2016 (B19083)
2016,2012–2016,"Whiting town, Washington County, Maine",85185,029,23,0.3796,0.0421,ACS 5-year 2016 (B19083)
2016,2012–2016,"Baileyville town, Washington County, Maine",02480,029,23,0.3758,0.0348,ACS 5-year 2016 (B19083)
2016,2012–2016,"Beals town, Washington County, Maine",03670,029,23,0.4852,0.0793,ACS 5-year 2016 (B19083)
2016,2012–2016,"Cooper town, Washington County, Maine",14100,029,23,0.3800,0.0651,ACS 5-year 2016 (B19083)
2016,2012–2016,"Jonesport town, Washington County, Maine",36010,029,23,0.4570,0.0819,ACS 5-year 2016 (B19083)
2016,2012–2016,"Machiasport town, Washington County, Maine",42100,029,23,0.4697,0.1037,ACS 5-year 2016 (B19083)
2016,2012–2016,"Northfield town, Washington County, Maine",51375,029,23,0.3901,0.1483,ACS 5-year 2016 (B19083)
2016,2012–2016,"Steuben town, Washington County, Maine",74125,029,23,0.4304,0.0433,ACS 5-year 2016 (B19083)
2016,2012–2016,"Talmadge town, Washington County, Maine",75770,029,23,0.2995,0.0795,ACS 5-year 2016 (B19083)
2016,2012–2016,"Cherryfield town, Washington County, Maine",12455,029,23,0.4349,0.0622,ACS 5-year 2016 (B19083)
2016,2012–2016,"Caratunk town, Somerset County, Maine",10495,025,23,0.3096,0.0838,ACS 5-year 2016 (B19083)
2016,2012–2016,"Canaan town, Somerset County, Maine",09935,025,23,0.4037,0.0324,ACS 5-year 2016 (B19083)
2016,2012–2016,"Moose River town, Somerset County, Maine",47140,025,23,0.4446,0.0903,ACS 5-year 2016 (B19083)
2016,2012–2016,"Pittsfield town, Somerset County, Maine",59005,025,23,0.4193,0.0451,ACS 5-year 2016 (B19083)
2016,2012–2016,"Detroit town, Somerset County, Maine",17460,025,23,0.4909,0.0723,ACS 5-year 2016 (B19083)
2016,2012–2016,"Harmony town, Somerset County, Maine",31355,025,23,0.4386,0.0690,ACS 5-year 2016 (B19083)
2016,2012–2016,"Mercer town, Somerset County, Maine",45110,025,23,0.3850,0.0651,ACS 5-year 2016 (B19083)
2016,2012–2016,"Northeast Somerset UT, Somerset County, Maine",51114,025,23,0.3863,0.0712,ACS 5-year 2016 (B19083)
2016,2012–2016,"Ripley town, Somerset County, Maine",62995,025,23,0.3758,0.0475,ACS 5-year 2016 (B19083)
2016,2012–2016,"Starks town, Somerset County, Maine",73845,025,23,0.3867,0.0476,ACS 5-year 2016 (B19083)
2016,2012–2016,"The Forks plantation, Somerset County, Maine",76190,025,23,0.4645,0.1739,ACS 5-year 2016 (B19083)
2016,2012–2016,"Cambridge town, Somerset County, Maine",09655,025,23,0.4837,0.0643,ACS 5-year 2016 (B19083)
2016,2012–2016,"Jackman town, Somerset County, Maine",35345,025,23,0.4180,0.0568,ACS 5-year 2016 (B19083)
2016,2012–2016,"Skowhegan town, Somerset County, Maine",68910,025,23,0.4778,0.0359,ACS 5-year 2016 (B19083)
2016,2012–2016,"Lee town, Penobscot County, Maine",38530,019,23,0.5236,0.0817,ACS 5-year 2016 (B19083)
2016,2012–2016,"Hudson town, Penobscot County, Maine",34365,019,23,0.4017,0.0464,ACS 5-year 2016 (B19083)
2016,2012–2016,"Hampden town, Penobscot County, Maine",30795,019,23,0.3437,0.0307,ACS 5-year 2016 (B19083)
2016,2012–2016,"Millinocket town, Penobscot County, Maine",45810,019,23,0.4933,0.1031,ACS 5-year 2016 (B19083)
2016,2012–2016,"Orono town, Penobscot County, Maine",55565,019,23,0.5019,0.0292,ACS 5-year 2016 (B19083)
2016,2012–2016,"Whitney UT, Penobscot County, Maine",85230,019,23,-666666666.0000,-222222222.0000,ACS 5-year 2016 (B19083)
2016,2012–2016,"North Penobscot UT, Penobscot County, Maine",52710,019,23,0.3944,0.0583,ACS 5-year 2016 (B19083)
2016,2012–2016,"Prentiss UT, Penobscot County, Maine",60790,019,23,0.3946,0.1121,ACS 5-year 2016 (B19083)
2016,2012–2016,"Alton town, Penobscot County, Maine",01115,019,23,0.4006,0.0679,ACS 5-year 2016 (B19083)
2016,2012–2016,"Bangor city, Penobscot County, Maine",02795,019,23,0.4917,0.0248,ACS 5-year 2016 (B19083)
2016,2012–2016,"Edinburg town, Penobscot County, Maine",22710,019,23,0.2812,0.0489,ACS 5-year 2016 (B19083)
2016,2012–2016,"Columbia town, Washington County, Maine",13750,029,23,0.4800,0.1157,ACS 5-year 2016 (B19083)
2016,2012–2016,"Northwest Piscataquis UT, Piscataquis County, Maine",53628,021,23,0.3149,0.1496,ACS 5-year 2016 (B19083)
2016,2012–2016,"Abbot town, Piscataquis County, Maine",00100,021,23,0.4290,0.0548,ACS 5-year 2016 (B19083)
2016,2012–2016,"Parkman town, Piscataquis County, Maine",56765,021,23,0.3729,0.0293,ACS 5-year 2016 (B19083)
2016,2012–2016,"Bowerbank town, Piscataquis County, Maine",06400,021,23,0.4032,0.0675,ACS 5-year 2016 (B19083)
2016,2012–2016,"Medford town, Piscataquis County, Maine",44830,021,23,0.3519,0.0596,ACS 5-year 2016 (B19083)
2016,2012–2016,"Willimantic town, Piscataquis County, Maine",85710,021,23,0.4504,0.0985,ACS 5-year 2016 (B19083)
2016,2012–2016,"Beaver Cove town, Piscataquis County, Maine",03740,021,23,0.3417,0.1063,ACS 5-year 2016 (B19083)
2016,2012–2016,"Brownville town, Piscataquis County, Maine",08325,021,23,0.3889,0.0442,ACS 5-year 2016 (B19083)
2016,2012–2016,"Winterville plantation, Aroostook County, Maine",86865,003,23,0.4521,0.0996,ACS 5-year 2016 (B19083)
2016,2012–2016,"Hersey town, Aroostook County, Maine",32685,003,23,0.4999,0.1186,ACS 5-year 2016 (B19083)
2016,2012–2016,"Ashland town, Aroostook County, Maine",01710,003,23,0.4017,0.0383,ACS 5-year 2016 (B19083)
2016,2012–2016,"Garfield plantation, Aroostook County, Maine",27120,003,23,0.3471,0.1215,ACS 5-year 2016 (B19083)
2016,2012–2016,"Linneus town, Aroostook County, Maine",39965,003,23,0.3876,0.0472,ACS 5-year 2016 (B19083)
2016,2012–2016,"New Canada town, Aroostook County, Maine",48575,003,23,0.4504,0.0706,ACS 5-year 2016 (B19083)
2016,2012–2016,"Square Lake UT, Aroostook County, Maine",73472,003,23,0.3721,0.0356,ACS 5-year 2016 (B19083)
2016,2012–2016,"Central Aroostook UT, Aroostook County, Maine",11785,003,23,0.4116,0.1073,ACS 5-year 2016 (B19083)
2016,2012–2016,"Cyr plantation, Aroostook County, Maine",15990,003,23,0.3629,0.1392,ACS 5-year 2016 (B19083)
2016,2012–2016,"Frenchville town, Aroostook County, Maine",26735,003,23,0.3545,0.0322,ACS 5-year 2016 (B19083)
2016,2012–2016,"Madawaska town, Aroostook County, Maine",42520,003,23,0.3757,0.0338,ACS 5-year 2016 (B19083)
2016,2012–2016,"Mapleton town, Aroostook County, Maine",43255,003,23,0.4042,0.0369,ACS 5-year 2016 (B19083)
2016,2012–2016,"Mars Hill town, Aroostook County, Maine",43710,003,23,0.4952,0.0526,ACS 5-year 2016 (B19083)
2016,2012–2016,"Nashville plantation, Aroostook County, Maine",48120,003,23,0.2903,0.1824,ACS 5-year 2016 (B19083)
2016,2012–2016,"Crystal town, Aroostook County, Maine",15395,003,23,0.3888,0.0560,ACS 5-year 2016 (B19083)
2016,2012–2016,"Dyer Brook town, Aroostook County, Maine",19210,003,23,0.3367,0.0670,ACS 5-year 2016 (B19083)
2016,2012–2016,"Grand Isle town, Aroostook County, Maine",28590,003,23,0.4197,0.0467,ACS 5-year 2016 (B19083)
2016,2012–2016,"Penobscot Indian Island Reservation, Aroostook County, Maine",57936,003,23,-666666666.0000,-222222222.0000,ACS 5-year 2016 (B19083)
2016,2012–2016,"St. Agatha town, Aroostook County, Maine",64780,003,23,0.4523,0.0523,ACS 5-year 2016 (B19083)
2016,2012–2016,"Wade town, Aroostook County, Maine",79270,003,23,0.4187,0.0569,ACS 5-year 2016 (B19083)
2016,2012–2016,"Wallagrass town, Aroostook County, Maine",79865,003,23,0.4140,0.0427,ACS 5-year 2016 (B19083)
2016,2012–2016,"Allagash town, Aroostook County, Maine",00800,003,23,0.4124,0.0549,ACS 5-year 2016 (B19083)
2016,2012–2016,"Island Falls town, Aroostook County, Maine",35065,003,23,0.3930,0.0374,ACS 5-year 2016 (B19083)
2016,2012–2016,"Littleton town, Aroostook County, Maine",40595,003,23,0.3873,0.0390,ACS 5-year 2016 (B19083)
2016,2012–2016,"Portage Lake town, Aroostook County, Maine",60300,003,23,0.3691,0.0415,ACS 5-year 2016 (B19083)
2016,2012–2016,"Presque Isle city, Aroostook County, Maine",60825,003,23,0.4796,0.0449,ACS 5-year 2016 (B19083)
2016,2012–2016,"Reed plantation, Aroostook County, Maine",62400,003,23,0.3988,0.0591,ACS 5-year 2016 (B19083)
2016,2012–2016,"Bancroft town, Aroostook County, Maine",02760,003,23,0.4078,0.1258,ACS 5-year 2016 (B19083)
2016,2012–2016,"Blaine town, Aroostook County, Maine",05385,003,23,0.3402,0.0465,ACS 5-year 2016 (B19083)
2016,2012–2016,"Eagle Lake town, Aroostook County, Maine",19420,003,23,0.4767,0.0737,ACS 5-year 2016 (B19083)
2016,2012–2016,"Cary plantation, Aroostook County, Maine",11020,003,23,0.4484,0.0791,ACS 5-year 2016 (B19083)
2016,2012–2016,"Castle Hill town, Aroostook County, Maine",11300,003,23,0.3587,0.0451,ACS 5-year 2016 (B19083)
2016,2012–2016,"Fort Fairfield town, Aroostook County, Maine",25615,003,23,0.5447,0.0530,ACS 5-year 2016 (B19083)
2016,2012–2016,"Hodgdon town, Aroostook County, Maine",33385,003,23,0.3932,0.0350,ACS 5-year 2016 (B19083)
2016,2012–2016,"Oakfield town, Aroostook County, Maine",54385,003,23,0.3633,0.0309,ACS 5-year 2016 (B19083)
2016,2012–2016,"Van Buren town, Aroostook County, Maine",78570,003,23,0.4822,0.0315,ACS 5-year 2016 (B19083)
2016,2012–2016,"Westmanland town, Aroostook County, Maine",83540,003,23,0.3591,0.0941,ACS 5-year 2016 (B19083)
2016,2012–2016,"Woodland town, Aroostook County, Maine",87215,003,23,0.4509,0.0759,ACS 5-year 2016 (B19083)
2016,2012–2016,"Bridgewater town, Aroostook County, Maine",07065,003,23,0.4301,0.0548,ACS 5-year 2016 (B19083)
2016,2012–2016,"Ludlow town, Aroostook County, Maine",41715,003,23,0.4444,0.1016,ACS 5-year 2016 (B19083)
2016,2012–2016,"Macwahoc plantation, Aroostook County, Maine",42450,003,23,0.2749,0.0682,ACS 5-year 2016 (B19083)
2016,2012–2016,"Pownal town, Cumberland County, Maine",60685,005,23,0.3433,0.0298,ACS 5-year 2016 (B19083)
2016,2012–2016,"Yarmouth town, Cumberland County, Maine",87845,005,23,0.4798,0.0340,ACS 5-year 2016 (B19083)
2016,2012–2016,"Brunswick town, Cumberland County, Maine",08430,005,23,0.4581,0.0258,ACS 5-year 2016 (B19083)
2016,2012–2016,"Enfield town, Penobscot County, Maine",23620,019,23,0.4038,0.0622,ACS 5-year 2016 (B19083)
2016,2012–2016,"Howland town, Penobscot County, Maine",34190,019,23,0.4368,0.0449,ACS 5-year 2016 (B19083)
2016,2012–2016,"Greenbush town, Penobscot County, Maine",29185,019,23,0.4477,0.0789,ACS 5-year 2016 (B19083)
2016,2012–2016,"Etna town, Penobscot County, Maine",23865,019,23,0.3705,0.0428,ACS 5-year 2016 (B19083)
2016,2012–2016,"Exeter town, Penobscot County, Maine",24110,019,23,0.3983,0.0304,ACS 5-year 2016 (B19083)
2016,2012–2016,"Patten town, Penobscot County, Maine",57150,019,23,0.4023,0.0461,ACS 5-year 2016 (B19083)
2016,2012–2016,"Plymouth town, Penobscot County, Maine",59950,019,23,0.4192,0.0668,ACS 5-year 2016 (B19083)
2016,2012–2016,"Webster plantation, Penobscot County, Maine",81055,019,23,0.3782,0.1364,ACS 5-year 2016 (B19083)
2016,2012–2016,"Holden town, Penobscot County, Maine",33490,019,23,0.4278,0.0586,ACS 5-year 2016 (B19083)
2016,2012–2016,"Lagrange town, Penobscot County, Maine",37760,019,23,0.4028,0.0429,ACS 5-year 2016 (B19083)
2016,2012–2016,"Mattawamkeag town, Penobscot County, Maine",44270,019,23,0.4328,0.0371,ACS 5-year 2016 (B19083)
2016,2012–2016,"Bradford town, Penobscot County, Maine",06575,019,23,0.4137,0.0358,ACS 5-year 2016 (B19083)
2016,2012–2016,"Eddington town, Penobscot County, Maine",22535,019,23,0.3803,0.0365,ACS 5-year 2016 (B19083)
2016,2012–2016,"Dixmont town, Penobscot County, Maine",17950,019,23,0.4028,0.0429,ACS 5-year 2016 (B19083)
2016,2012–2016,"East Central Penobscot UT, Penobscot County, Maine",19868,019,23,0.3672,0.0470,ACS 5-year 2016 (B19083)
2016,2012–2016,"East Millinocket town, Penobscot County, Maine",21030,019,23,0.4213,0.0300,ACS 5-year 2016 (B19083)
2016,2012–2016,"Hermon town, Penobscot County, Maine",32510,019,23,0.3325,0.0426,ACS 5-year 2016 (B19083)
2016,2012–2016,"Levant town, Penobscot County, Maine",38705,019,23,0.3633,0.0456,ACS 5-year 2016 (B19083)
2016,2012–2016,"Maxfield town, Penobscot County, Maine",44340,019,23,0.3092,0.1117,ACS 5-year 2016 (B19083)
2016,2012–2016,"Medway town, Penobscot County, Maine",45005,019,23,0.3179,0.0328,ACS 5-year 2016 (B19083)
2016,2012–2016,"Old Town city, Penobscot County, Maine",55225,019,23,0.4589,0.0376,ACS 5-year 2016 (B19083)
2016,2012–2016,"Glenburn town, Penobscot County, Maine",27645,019,23,0.4226,0.0587,ACS 5-year 2016 (B19083)
2016,2012–2016,"Cutler town, Washington County, Maine",15920,029,23,0.4389,0.1294,ACS 5-year 2016 (B19083)
2016,2012–2016,"Dennysville town, Washington County, Maine",17355,029,23,0.4288,0.0360,ACS 5-year 2016 (B19083)
2016,2012–2016,"Vanceboro town, Washington County, Maine",78675,029,23,0.3740,0.0455,ACS 5-year 2016 (B19083)
2016,2012–2016,"Waite town, Washington County, Maine",79375,029,23,0.3276,0.0779,ACS 5-year 2016 (B19083)
2016,2012–2016,"Wesley town, Washington County, Maine",81685,029,23,0.4878,0.1065,ACS 5-year 2016 (B19083)
2016,2012–2016,"Codyville plantation, Washington County, Maine",13610,029,23,0.3596,0.4139,ACS 5-year 2016 (B19083)
2016,2012–2016,"Topsham town, Sagadahoc County, Maine",76960,023,23,0.3802,0.0223,ACS 5-year 2016 (B19083)
2016,2012–2016,"Perkins UT, Sagadahoc County, Maine",58070,023,23,-666666666.0000,-222222222.0000,ACS 5-year 2016 (B19083)
2016,2012–2016,"Georgetown town, Sagadahoc County, Maine",27295,023,23,0.4395,0.0512,ACS 5-year 2016 (B19083)
2016,2012–2016,"Arundel town, York County, Maine",01605,031,23,0.4149,0.0423,ACS 5-year 2016 (B19083)
2016,2012–2016,"Cornish town, York County, Maine",14485,031,23,0.5574,0.0851,ACS 5-year 2016 (B19083)
2016,2012–2016,"Kittery town, York County, Maine",37270,031,23,0.4027,0.0355,ACS 5-year 2016 (B19083)
2016,2012–2016,"Gorham town, Cumberland County, Maine",28240,005,23,0.4075,0.0268,ACS 5-year 2016 (B19083)
2016,2012–2016,"Sebago town, Cumberland County, Maine",66775,005,23,0.3992,0.0387,ACS 5-year 2016 (B19083)
2016,2012–2016,"Cumberland town, Cumberland County, Maine",15430,005,23,0.4335,0.0402,ACS 5-year 2016 (B19083)
2016,2012–2016,"Naples town, Cumberland County, Maine",48085,005,23,0.3578,0.0392,ACS 5-year 2016 (B19083)
2016,2012–2016,"Casco town, Cumberland County, Maine",11125,005,23,0.4750,0.0630,ACS 5-year 2016 (B19083)
2016,2012–2016,"South Portland city, Cumberland County, Maine",71990,005,23,0.4398,0.0209,ACS 5-year 2016 (B19083)
2016,2012–2016,"Frye Island town, Cumberland County, Maine",27025,005,23,0.4270,0.1249,ACS 5-year 2016 (B19083)
2016,2012–2016,"Criehaven UT, Knox County, Maine",15125,013,23,-666666666.0000,-222222222.0000,ACS 5-year 2016 (B19083)
2016,2012–2016,"Union town, Knox County, Maine",78115,013,23,0.3548,0.0459,ACS 5-year 2016 (B19083)
2016,2012–2016,"Cushing town, Knox County, Maine",15780,013,23,0.3894,0.0404,ACS 5-year 2016 (B19083)
2016,2012–2016,"St. George town, Knox County, Maine",65130,013,23,0.4541,0.0608,ACS 5-year 2016 (B19083)
2016,2012–2016,"Warren town, Knox County, Maine",80215,013,23,0.3399,0.0590,ACS 5-year 2016 (B19083)
2016,2012–2016,"Vinalhaven town, Knox County, Maine",79130,013,23,0.3984,0.0497,ACS 5-year 2016 (B19083)
2016,2012–2016,"Camden town, Knox County, Maine",09725,013,23,0.4488,0.0411,ACS 5-year 2016 (B19083)
2016,2012–2016,"Rockport town, Knox County, Maine",63660,013,23,0.3691,0.0406,ACS 5-year 2016 (B19083)
2016,2012–2016,"South Thomaston town, Knox County, Maine",72585,013,23,0.4038,0.0335,ACS 5-year 2016 (B19083)
2016,2012–2016,"Washington town, Knox County, Maine",80425,013,23,0.4008,0.0359,ACS 5-year 2016 (B19083)
2016,2012–2016,"Rockland city, Knox County, Maine",63590,013,23,0.4196,0.0276,ACS 5-year 2016 (B19083)
2016,2012–2016,"Owls Head town, Knox County, Maine",56135,013,23,0.3951,0.0288,ACS 5-year 2016 (B19083)
2016,2012–2016,"New Gloucester town, Cumberland County, Maine",48820,005,23,0.3498,0.0296,ACS 5-year 2016 (B19083)
2016,2012–2016,"Raymond town, Cumberland County, Maine",61945,005,23,0.3498,0.0310,ACS 5-year 2016 (B19083)
2016,2012–2016,"Easton town, Aroostook County, Maine",21380,003,23,0.4556,0.0396,ACS 5-year 2016 (B19083)
2016,2012–2016,"Glenwood plantation, Aroostook County, Maine",27855,003,23,-666666666.0000,-222222222.0000,ACS 5-year 2016 (B19083)
2016,2012–2016,"Hamlin town, Aroostook County, Maine",30690,003,23,0.4581,0.0710,ACS 5-year 2016 (B19083)
2016,2012–2016,"Brighton plantation, Somerset County, Maine",07380,025,23,0.2413,0.1179,ACS 5-year 2016 (B19083)
2016,2012–2016,"New Portland town, Somerset County, Maine",49205,025,23,0.3929,0.0617,ACS 5-year 2016 (B19083)
2016,2012–2016,"Palmyra town, Somerset County, Maine",56520,025,23,0.3968,0.0376,ACS 5-year 2016 (B19083)
2016,2012–2016,"Smithfield town, Somerset County, Maine",69155,025,23,0.3374,0.0529,ACS 5-year 2016 (B19083)
2016,2012–2016,"Embden town, Somerset County, Maine",23410,025,23,0.4717,0.0892,ACS 5-year 2016 (B19083)
2016,2012–2016,"Northwest Somerset UT, Somerset County, Maine",53636,025,23,-666666666.0000,-222222222.0000,ACS 5-year 2016 (B19083)
2016,2012–2016,"St. Albans town, Somerset County, Maine",64850,025,23,0.3639,0.0404,ACS 5-year 2016 (B19083)
2016,2012–2016,"West Forks plantation, Somerset County, Maine",82840,025,23,0.3915,0.2074,ACS 5-year 2016 (B19083)
2016,2012–2016,"Madison town, Somerset County, Maine",42660,025,23,0.4442,0.0446,ACS 5-year 2016 (B19083)
2016,2012–2016,"Anson town, Somerset County, Maine",01395,025,23,0.3737,0.0441,ACS 5-year 2016 (B19083)
2016,2012–2016,"Dennistown plantation, Somerset County, Maine",17285,025,23,0.0530,0.0516,ACS 5-year 2016 (B19083)
2016,2012–2016,"Fairfield town, Somerset County, Maine",24320,025,23,0.4110,0.0353,ACS 5-year 2016 (B19083)
2016,2012–2016,"Hartland town, Somerset County, Maine",31740,025,23,0.4684,0.0388,ACS 5-year 2016 (B19083)
2016,2012–2016,"Moscow town, Somerset County, Maine",47455,025,23,0.3646,0.0538,ACS 5-year 2016 (B19083)
2016,2012–2016,"Pleasant Ridge plantation, Somerset County, Maine",59705,025,23,0.3555,0.0897,ACS 5-year 2016 (B19083)
2016,2012–2016,"Seboomook Lake UT, Somerset County, Maine",67238,025,23,0.2993,0.1331,ACS 5-year 2016 (B19083)
2016,2012–2016,"Northwest Hancock UT, Hancock County, Maine",53620,009,23,-666666666.0000,-222222222.0000,ACS 5-year 2016 (B19083)
2016,2012–2016,"Otis town, Hancock County, Maine",55890,009,23,0.3749,0.0486,ACS 5-year 2016 (B19083)
2016,2012–2016,"Hancock town, Hancock County, Maine",30970,009,23,0.4053,0.0346,ACS 5-year 2016 (B19083)
2016,2012–2016,"Osborn town, Hancock County, Maine",55855,009,23,0.3305,0.0423,ACS 5-year 2016 (B19083)
2016,2012–2016,"Sorrento town, Hancock County, Maine",69750,009,23,0.4146,0.1235,ACS 5-year 2016 (B19083)
2016,2012–2016,"Sullivan town, Hancock County, Maine",74965,009,23,0.4583,0.0560,ACS 5-year 2016 (B19083)
2016,2012–2016,"Swans Island town, Hancock County, Maine",75455,009,23,0.4581,0.0384,ACS 5-year 2016 (B19083)
2016,2012–2016,"Sedgwick town, Hancock County, Maine",67300,009,23,0.4427,0.0346,ACS 5-year 2016 (B19083)
2016,2012–2016,"Tremont town, Hancock County, Maine",77345,009,23,0.4335,0.0451,ACS 5-year 2016 (B19083)
2016,2012–2016,"Brooksville town, Hancock County, Maine",07975,009,23,0.4605,0.0529,ACS 5-year 2016 (B19083)
2016,2012–2016,"Surry town, Hancock County, Maine",75280,009,23,0.4291,0.0443,ACS 5-year 2016 (B19083)
2016,2012–2016,"Franklin town, Hancock County, Maine",26350,009,23,0.3565,0.0446,ACS 5-year 2016 (B19083)
2016,2012–2016,"East Hancock UT, Hancock County, Maine",20405,009,23,0.2289,0.1353,ACS 5-year 2016 (B19083)
2016,2012–2016,"Ellsworth city, Hancock County, Maine",23200,009,23,0.4453,0.0396,ACS 5-year 2016 (B19083)
2016,2012–2016,"Mariaville town, Hancock County, Maine",43430,009,23,0.4332,0.0691,ACS 5-year 2016 (B19083)
2016,2012–2016,"Blue Hill town, Hancock County, Maine",05700,009,23,0.5314,0.0743,ACS 5-year 2016 (B19083)
2016,2012–2016,"Twombly Ridge UT, Penobscot County, Maine",78015,019,23,-666666666.0000,-222222222.0000,ACS 5-year 2016 (B19083)
2016,2012–2016,"Marshall Island UT, Hancock County, Maine",43578,009,23,-666666666.0000,-222222222.0000,ACS 5-year 2016 (B19083)
2016,2012–2016,"Sanford city, York County, Maine",65725,031,23,0.4356,0.0326,ACS 5-year 2016 (B19083)
2016,2012–2016,"Dover-Foxcroft town, Piscataquis County, Maine",18195,021,23,0.4187,0.0354,ACS 5-year 2016 (B19083)
2016,2012–2016,"Lake View plantation, Piscataquis County, Maine",37970,021,23,0.3850,0.1017,ACS 5-year 2016 (B19083)
2016,2012–2016,"Southeast Piscataquis UT, Piscataquis County, Maine",70655,021,23,0.4215,0.0595,ACS 5-year 2016 (B19083)
2016,2012–2016,"Monson town, Piscataquis County, Maine",46580,021,23,0.4114,0.0418,ACS 5-year 2016 (B19083)
2016,2012–2016,"Sebec town, Piscataquis County, Maine",66950,021,23,0.4633,0.0679,ACS 5-year 2016 (B19083)
2016,2012–2016,"Leeds town, Androscoggin County, Maine",38565,001,23,0.3470,0.0398,ACS 5-year 2016 (B19083)
2016,2012–2016,"Livermore town, Androscoggin County, Maine",40665,001,23,0.4051,0.0494,ACS 5-year 2016 (B19083)
2016,2012–2016,"Sabattus town, Androscoggin County, Maine",64570,001,23,0.3204,0.0433,ACS 5-year 2016 (B19083)
2016,2012–2016,"Wales town, Androscoggin County, Maine",79585,001,23,0.3247,0.0378,ACS 5-year 2016 (B19083)
2016,2012–2016,"Auburn city, Androscoggin County, Maine",02060,001,23,0.4742,0.0544,ACS 5-year 2016 (B19083)
2016,2012–2016,"Greene town, Androscoggin County, Maine",29255,001,23,0.3490,0.0410,ACS 5-year 2016 (B19083)
2016,2012–2016,"Lisbon town, Androscoggin County, Maine",40035,001,23,0.3916,0.0381,ACS 5-year 2016 (B19083)
2016,2012–2016,"Turner town, Androscoggin County, Maine",77800,001,23,0.3973,0.0371,ACS 5-year 2016 (B19083)
2016,2012–2016,"North Haven town, Knox County, Maine",51620,013,23,0.4319,0.0512,ACS 5-year 2016 (B19083)
2016,2012–2016,"Arrowsic town, Sagadahoc County, Maine",01570,023,23,0.4275,0.0861,ACS 5-year 2016 (B19083)
2016,2012–2016,"Bowdoinham town, Sagadahoc County, Maine",06365,023,23,0.4130,0.0559,ACS 5-year 2016 (B19083)
2016,2012–2016,"Richmond town, Sagadahoc County, Maine",62645,023,23,0.3482,0.0286,ACS 5-year 2016 (B19083)
2016,2012–2016,"Dedham town, Hancock County, Maine",16935,009,23,0.5388,0.0937,ACS 5-year 2016 (B19083)
2016,2012–2016,"Great Pond town, Hancock County, Maine",28975,009,23,0.4303,0.1674,ACS 5-year 2016 (B19083)
2016,2012–2016,"Mount Desert town, Hancock County, Maine",47630,009,23,0.4523,0.0629,ACS 5-year 2016 (B19083)
2016,2012–2016,"Trenton town, Hancock County, Maine",77415,009,23,0.4608,0.0804,ACS 5-year 2016 (B19083)
2016,2012–2016,"Eastbrook town, Hancock County, Maine",19770,009,23,0.3838,0.0541,ACS 5-year 2016 (B19083)
2016,2012–2016,"Frenchboro town, Hancock County, Maine",26595,009,23,0.2226,0.2536,ACS 5-year 2016 (B19083)
2016,2012–2016,"Amherst town, Hancock County, Maine",01185,009,23,0.4064,0.0605,ACS 5-year 2016 (B19083)
2016,2012–2016,"Bucksport town, Hancock County, Maine",08815,009,23,0.5586,0.1035,ACS 5-year 2016 (B19083)
2016,2012–2016,"Cranberry Isles town, Hancock County, Maine",14905,009,23,0.4335,0.0850,ACS 5-year 2016 (B19083)
2016,2012–2016,"Lamoine town, Hancock County, Maine",38180,009,23,0.4128,0.0374,ACS 5-year 2016 (B19083)
2016,2012–2016,"Penobscot town, Hancock County, Maine",57920,009,23,0.4127,0.0354,ACS 5-year 2016 (B19083)
2016,2012–2016,"Central Hancock UT, Hancock County, Maine",11800,009,23,0.2805,0.0634,ACS 5-year 2016 (B19083)
2016,2012–2016,"Winter Harbor town, Hancock County, Maine",86655,009,23,0.4490,0.0798,ACS 5-year 2016 (B19083)
2016,2012–2016,"Orland town, Hancock County, Maine",55505,009,23,0.3416,0.0306,ACS 5-year 2016 (B19083)
2016,2012–2016,"Waltham town, Hancock County, Maine",80040,009,23,0.3261,0.0531,ACS 5-year 2016 (B19083)
2016,2012–2016,"Southwest Harbor town, Hancock County, Maine",72865,009,23,0.4502,0.0716,ACS 5-year 2016 (B19083)
2016,2012–2016,"Muscle Ridge Islands UT, Knox County, Maine",47962,013,23,-666666666.0000,-222222222.0000,ACS 5-year 2016 (B19083)
2016,2012–2016,"Louds Island UT, Lincoln County, Maine",41280,015,23,-666666666.0000,-222222222.0000,ACS 5-year 2016 (B19083)
2016,2012–2016,"Boothbay Harbor town, Lincoln County, Maine",06120,015,23,0.4949,0.0557,ACS 5-year 2016 (B19083)
2016,2012–2016,"Southport town, Lincoln County, Maine",71955,015,23,0.4590,0.0390,ACS 5-year 2016 (B19083)
2016,2012–2016,"Alna town, Lincoln County, Maine",01010,015,23,0.3884,0.0436,ACS 5-year 2016 (B19083)
2016,2012–2016,"Hibberts gore, Lincoln County, Maine",32715,015,23,-666666666.0000,-222222222.0000,ACS 5-year 2016 (B19083)
2016,2012–2016,"Jefferson town, Lincoln County, Maine",35695,015,23,0.3342,0.0286,ACS 5-year 2016 (B19083)
2016,2012–2016,"Edgecomb town, Lincoln County, Maine",22675,015,23,0.4015,0.0445,ACS 5-year 2016 (B19083)
2016,2012–2016,"Belfast city, Waldo County, Maine",03950,027,23,0.4681,0.0618,ACS 5-year 2016 (B19083)
2016,2012–2016,"Knox town, Waldo County, Maine",37585,027,23,0.3321,0.0475,ACS 5-year 2016 (B19083)
2016,2012–2016,"Belmont town, Waldo County, Maine",04125,027,23,0.3974,0.0372,ACS 5-year 2016 (B19083)
2016,2012–2016,"Frankfort town, Waldo County, Maine",26280,027,23,0.4153,0.0562,ACS 5-year 2016 (B19083)
2016,2012–2016,"Monroe town, Waldo County, Maine",46475,027,23,0.4315,0.0345,ACS 5-year 2016 (B19083)
2016,2012–2016,"Montville town, Waldo County, Maine",46790,027,23,0.3474,0.0307,ACS 5-year 2016 (B19083)
2016,2012–2016,"Palermo town, Waldo County, Maine",56450,027,23,0.4413,0.0789,ACS 5-year 2016 (B19083)
2016,2012–2016,"Searsmont town, Waldo County, Maine",66565,027,23,0.4001,0.0457,ACS 5-year 2016 (B19083)
2016,2012–2016,"Stockton Springs town, Waldo County, Maine",74475,027,23,0.4472,0.0712,ACS 5-year 2016 (B19083)
2016,2012–2016,"Northport town, Waldo County, Maine",52845,027,23,0.4647,0.0410,ACS 5-year 2016 (B19083)
2016,2012–2016,"Unity town, Waldo County, Maine",78255,027,23,0.4616,0.0545,ACS 5-year 2016 (B19083)
2016,2012–2016,"Freedom town, Waldo County, Maine",26420,027,23,0.3647,0.0508,ACS 5-year 2016 (B19083)
2016,2012–2016,"Liberty town, Waldo County, Maine",39055,027,23,0.4289,0.0353,ACS 5-year 2016 (B19083)
2016,2012–2016,"Lincolnville town, Waldo County, Maine",39755,027,23,0.4278,0.0670,ACS 5-year 2016 (B19083)
2016,2012–2016,"Swanville town, Waldo County, Maine",75525,027,23,0.4406,0.0701,ACS 5-year 2016 (B19083)
2016,2012–2016,"Winterport town, Waldo County, Maine",86760,027,23,0.3579,0.0411,ACS 5-year 2016 (B19083)
2016,2012–2016,"Burnham town, Waldo County, Maine",09270,027,23,0.4935,0.0850,ACS 5-year 2016 (B19083)
2016,2012–2016,"Searsport town, Waldo County, Maine",66635,027,23,0.4207,0.0464,ACS 5-year 2016 (B19083)
2016,2012–2016,"Thorndike town, Waldo County, Maine",76610,027,23,0.4379,0.0525,ACS 5-year 2016 (B19083)
2016,2012–2016,"Pittston town, Kennebec County, Maine",59110,011,23,0.3633,0.0249,ACS 5-year 2016 (B19083)
2016,2012–2016,"Wayne town, Kennebec County, Maine",80880,011,23,0.3854,0.0444,ACS 5-year 2016 (B19083)
2016,2012–2016,"East Machias town, Washington County, Maine",20960,029,23,0.4085,0.0361,ACS 5-year 2016 (B19083)
2016,2012–2016,"Princeton town, Washington County, Maine",61035,029,23,0.4547,0.0589,ACS 5-year 2016 (B19083)
2016,2012–2016,"Calais city, Washington County, Maine",09585,029,23,0.5607,0.1551,ACS 5-year 2016 (B19083)
2017,2013–2017,"Hallowell city, Kennebec County, Maine",30550,011,23,0.4559,0.0489,ACS 5-year 2017 (B19083)
2017,2013–2017,"Vienna town, Kennebec County, Maine",79025,011,23,0.3748,0.0453,ACS 5-year 2017 (B19083)
2017,2013–2017,"Belgrade town, Kennebec County, Maine",04020,011,23,0.3369,0.0388,ACS 5-year 2017 (B19083)
2017,2013–2017,"Benton town, Kennebec County, Maine",04475,011,23,0.3692,0.0349,ACS 5-year 2017 (B19083)
2017,2013–2017,"Farmingdale town, Kennebec County, Maine",24670,011,23,0.4543,0.0516,ACS 5-year 2017 (B19083)
2017,2013–2017,"Manchester town, Kennebec County, Maine",43080,011,23,0.4576,0.0394,ACS 5-year 2017 (B19083)
2017,2013–2017,"Monmouth town, Kennebec County, Maine",46405,011,23,0.3911,0.0425,ACS 5-year 2017 (B19083)
2017,2013–2017,"West Gardiner town, Kennebec County, Maine",82945,011,23,0.3163,0.0401,ACS 5-year 2017 (B19083)
2017,2013–2017,"Windsor town, Kennebec County, Maine",86165,011,23,0.3843,0.0543,ACS 5-year 2017 (B19083)
2017,2013–2017,"Oakland town, Kennebec County, Maine",54560,011,23,0.4540,0.0436,ACS 5-year 2017 (B19083)
2017,2013–2017,"Unity UT, Kennebec County, Maine",78190,011,23,0.3585,0.1169,ACS 5-year 2017 (B19083)
2017,2013–2017,"Rome town, Kennebec County, Maine",63835,011,23,0.4658,0.0452,ACS 5-year 2017 (B19083)
2017,2013–2017,"Winthrop town, Kennebec County, Maine",86970,011,23,0.3966,0.0378,ACS 5-year 2017 (B19083)
2017,2013–2017,"China town, Kennebec County, Maine",12735,011,23,0.3861,0.0380,ACS 5-year 2017 (B19083)
2017,2013–2017,"Fayette town, Kennebec County, Maine",24950,011,23,0.3639,0.0436,ACS 5-year 2017 (B19083)
2017,2013–2017,"Readfield town, Kennebec County, Maine",62190,011,23,0.4152,0.0643,ACS 5-year 2017 (B19083)
2017,2013–2017,"Vassalboro town, Kennebec County, Maine",78745,011,23,0.3844,0.0401,ACS 5-year 2017 (B19083)
2017,2013–2017,"Waterville city, Kennebec County, Maine",80740,011,23,0.5111,0.0450,ACS 5-year 2017 (B19083)
2017,2013–2017,"Mount Vernon town, Kennebec County, Maine",47770,011,23,0.3860,0.0344,ACS 5-year 2017 (B19083)
2017,2013–2017,"Weld town, Franklin County, Maine",81300,007,23,0.4087,0.0452,ACS 5-year 2017 (B19083)
2017,2013–2017,"Phillips town, Franklin County, Maine",58445,007,23,0.3902,0.0314,ACS 5-year 2017 (B19083)
2017,2013–2017,"Rangeley plantation, Franklin County, Maine",61875,007,23,0.4253,0.0558,ACS 5-year 2017 (B19083)
2017,2013–2017,"Temple town, Franklin County, Maine",75980,007,23,0.4367,0.0375,ACS 5-year 2017 (B19083)
2017,2013–2017,"Chesterville town, Franklin County, Maine",12595,007,23,0.3900,0.0438,ACS 5-year 2017 (B19083)
2017,2013–2017,"Coplin plantation, Franklin County, Maine",14205,007,23,0.3579,0.0897,ACS 5-year 2017 (B19083)
2017,2013–2017,"Industry town, Franklin County, Maine",34820,007,23,0.3965,0.0379,ACS 5-year 2017 (B19083)
2017,2013–2017,"Jay town, Franklin County, Maine",35625,007,23,0.3355,0.0374,ACS 5-year 2017 (B19083)
2017,2013–2017,"Wyman UT, Franklin County, Maine",87680,007,23,0.3016,0.1000,ACS 5-year 2017 (B19083)
2017,2013–2017,"Lee town, Penobscot County, Maine",38530,019,23,0.4265,0.0461,ACS 5-year 2017 (B19083)
2017,2013–2017,"Hudson town, Penobscot County, Maine",34365,019,23,0.3858,0.0394,ACS 5-year 2017 (B19083)
2017,2013–2017,"Hampden town, Penobscot County, Maine",30795,019,23,0.3918,0.0466,ACS 5-year 2017 (B19083)
2017,2013–2017,"Lincoln town, Penobscot County, Maine",39475,019,23,0.4876,0.1051,ACS 5-year 2017 (B19083)
2017,2013–2017,"Millinocket town, Penobscot County, Maine",45810,019,23,0.4899,0.0994,ACS 5-year 2017 (B19083)
2017,2013–2017,"Orono town, Penobscot County, Maine",55565,019,23,0.4989,0.0298,ACS 5-year 2017 (B19083)
2017,2013–2017,"Veazie town, Penobscot County, Maine",78780,019,23,0.5083,0.0751,ACS 5-year 2017 (B19083)
2017,2013–2017,"Whitney UT, Penobscot County, Maine",85230,019,23,-666666666.0000,-222222222.0000,ACS 5-year 2017 (B19083)
2017,2013–2017,"North Penobscot UT, Penobscot County, Maine",52710,019,23,0.4210,0.0582,ACS 5-year 2017 (B19083)
2017,2013–2017,"Prentiss UT, Penobscot County, Maine",60790,019,23,0.3642,0.1153,ACS 5-year 2017 (B19083)
2017,2013–2017,"Winn town, Penobscot County, Maine",86305,019,23,0.3781,0.0551,ACS 5-year 2017 (B19083)
2017,2013–2017,"Alton town, Penobscot County, Maine",01115,019,23,0.3852,0.0555,ACS 5-year 2017 (B19083)
2017,2013–2017,"Bangor city, Penobscot County, Maine",02795,019,23,0.4948,0.0224,ACS 5-year 2017 (B19083)
2017,2013–2017,"Drew plantation, Penobscot County, Maine",18580,019,23,0.3786,0.1871,ACS 5-year 2017 (B19083)
2017,2013–2017,"Edinburg town, Penobscot County, Maine",22710,019,23,0.3473,0.0652,ACS 5-year 2017 (B19083)
2017,2013–2017,"Enfield town, Penobscot County, Maine",23620,019,23,0.3984,0.0542,ACS 5-year 2017 (B19083)
2017,2013–2017,"Howland town, Penobscot County, Maine",34190,019,23,0.4211,0.0473,ACS 5-year 2017 (B19083)
2017,2013–2017,"Greenbush town, Penobscot County, Maine",29185,019,23,0.4731,0.0913,ACS 5-year 2017 (B19083)
2017,2013–2017,"Etna town, Penobscot County, Maine",23865,019,23,0.3881,0.0495,ACS 5-year 2017 (B19083)
2017,2013–2017,"Exeter town, Penobscot County, Maine",24110,019,23,0.3908,0.0279,ACS 5-year 2017 (B19083)
2017,2013–2017,"Patten town, Penobscot County, Maine",57150,019,23,0.4152,0.0639,ACS 5-year 2017 (B19083)
2017,2013–2017,"Plymouth town, Penobscot County, Maine",59950,019,23,0.4113,0.0787,ACS 5-year 2017 (B19083)
2017,2013–2017,"Webster plantation, Penobscot County, Maine",81055,019,23,0.4501,0.1311,ACS 5-year 2017 (B19083)
2017,2013–2017,"Holden town, Penobscot County, Maine",33490,019,23,0.4177,0.0540,ACS 5-year 2017 (B19083)
2017,2013–2017,"Lagrange town, Penobscot County, Maine",37760,019,23,0.4002,0.0424,ACS 5-year 2017 (B19083)
2017,2013–2017,"Mattawamkeag town, Penobscot County, Maine",44270,019,23,0.4190,0.0342,ACS 5-year 2017 (B19083)
2017,2013–2017,"Bradford town, Penobscot County, Maine",06575,019,23,0.3757,0.0375,ACS 5-year 2017 (B19083)
2017,2013–2017,"Eddington town, Penobscot County, Maine",22535,019,23,0.3763,0.0369,ACS 5-year 2017 (B19083)
2017,2013–2017,"Dixmont town, Penobscot County, Maine",17950,019,23,0.3769,0.0392,ACS 5-year 2017 (B19083)
2017,2013–2017,"Albion town, Kennebec County, Maine",00590,011,23,0.3999,0.0276,ACS 5-year 2017 (B19083)
2017,2013–2017,"East Central Penobscot UT, Penobscot County, Maine",19868,019,23,0.3193,0.0553,ACS 5-year 2017 (B19083)
2017,2013–2017,"East Millinocket town, Penobscot County, Maine",21030,019,23,0.4383,0.0318,ACS 5-year 2017 (B19083)
2017,2013–2017,"Hermon town, Penobscot County, Maine",32510,019,23,0.3205,0.0383,ACS 5-year 2017 (B19083)
2017,2013–2017,"Levant town, Penobscot County, Maine",38705,019,23,0.3599,0.0460,ACS 5-year 2017 (B19083)
2017,2013–2017,"Maxfield town, Penobscot County, Maine",44340,019,23,0.2483,0.0960,ACS 5-year 2017 (B19083)
2017,2013–2017,"Medway town, Penobscot County, Maine",45005,019,23,0.3813,0.0464,ACS 5-year 2017 (B19083)
2017,2013–2017,"Old Town city, Penobscot County, Maine",55225,019,23,0.4853,0.0474,ACS 5-year 2017 (B19083)
2017,2013–2017,"Glenburn town, Penobscot County, Maine",27645,019,23,0.3871,0.0445,ACS 5-year 2017 (B19083)
2017,2013–2017,"Milford town, Penobscot County, Maine",45670,019,23,0.3448,0.0479,ACS 5-year 2017 (B19083)
2017,2013–2017,"Farmington town, Franklin County, Maine",24775,007,23,0.4629,0.0510,ACS 5-year 2017 (B19083)
2017,2013–2017,"Sandy River plantation, Franklin County, Maine",65655,007,23,0.2885,0.0860,ACS 5-year 2017 (B19083)
2017,2013–2017,"Strong town, Franklin County, Maine",74825,007,23,0.4090,0.0378,ACS 5-year 2017 (B19083)
2017,2013–2017,"Rangeley town, Franklin County, Maine",61840,007,23,0.4500,0.0552,ACS 5-year 2017 (B19083)
2017,2013–2017,"Avon town, Franklin County, Maine",02235,007,23,0.4239,0.0579,ACS 5-year 2017 (B19083)
2017,2013–2017,"Carrabassett Valley town, Franklin County, Maine",10740,007,23,0.4429,0.0797,ACS 5-year 2017 (B19083)
2017,2013–2017,"West Central Franklin UT, Franklin County, Maine",82235,007,23,-666666666.0000,-222222222.0000,ACS 5-year 2017 (B19083)
2017,2013–2017,"Wilton town, Franklin County, Maine",85850,007,23,0.4358,0.0413,ACS 5-year 2017 (B19083)
2017,2013–2017,"Dallas plantation, Franklin County, Maine",16165,007,23,0.3669,0.0608,ACS 5-year 2017 (B19083)
2017,2013–2017,"Kingfield town, Franklin County, Maine",37025,007,23,0.3663,0.0383,ACS 5-year 2017 (B19083)
2017,2013–2017,"New Sharon town, Franklin County, Maine",49345,007,23,0.3642,0.0336,ACS 5-year 2017 (B19083)
2017,2013–2017,"Carthage town, Franklin County, Maine",10915,007,23,0.4330,0.0689,ACS 5-year 2017 (B19083)
2017,2013–2017,"East Central Franklin UT, Franklin County, Maine",19865,007,23,0.4194,0.0603,ACS 5-year 2017 (B19083)
2017,2013–2017,"North Franklin UT, Franklin County, Maine",51400,007,23,0.1761,0.2122,ACS 5-year 2017 (B19083)
2017,2013–2017,"South Franklin UT, Franklin County, Maine",70760,007,23,0.3000,0.1186,ACS 5-year 2017 (B19083)
2017,2013–2017,"Eustis town, Franklin County, Maine",24005,007,23,0.4731,0.0544,ACS 5-year 2017 (B19083)
2017,2013–2017,"New Vineyard town, Franklin County, Maine",49520,007,23,0.4851,0.0514,ACS 5-year 2017 (B19083)
2017,2013–2017,"Bingham town, Somerset County, Maine",05000,025,23,0.4531,0.0473,ACS 5-year 2017 (B19083)
2017,2013–2017,"Caratunk town, Somerset County, Maine",10495,025,23,0.3337,0.1138,ACS 5-year 2017 (B19083)
2017,2013–2017,"Canaan town, Somerset County, Maine",09935,025,23,0.4026,0.0421,ACS 5-year 2017 (B19083)
2017,2013–2017,"Central Somerset UT, Somerset County, Maine",11820,025,23,0.5305,0.1206,ACS 5-year 2017 (B19083)
2017,2013–2017,"Moose River town, Somerset County, Maine",47140,025,23,0.4763,0.0778,ACS 5-year 2017 (B19083)
2017,2013–2017,"Pittsfield town, Somerset County, Maine",59005,025,23,0.4023,0.0412,ACS 5-year 2017 (B19083)
2017,2013–2017,"Detroit town, Somerset County, Maine",17460,025,23,0.4943,0.0760,ACS 5-year 2017 (B19083)
2017,2013–2017,"Athens town, Somerset County, Maine",01885,025,23,0.4207,0.0456,ACS 5-year 2017 (B19083)
2017,2013–2017,"Harmony town, Somerset County, Maine",31355,025,23,0.4303,0.0854,ACS 5-year 2017 (B19083)
2017,2013–2017,"Mercer town, Somerset County, Maine",45110,025,23,0.4633,0.1240,ACS 5-year 2017 (B19083)
2017,2013–2017,"Norridgewock town, Somerset County, Maine",49835,025,23,0.4064,0.0477,ACS 5-year 2017 (B19083)
2017,2013–2017,"Northeast Somerset UT, Somerset County, Maine",51114,025,23,0.4497,0.0648,ACS 5-year 2017 (B19083)
2017,2013–2017,"Ripley town, Somerset County, Maine",62995,025,23,0.3781,0.0614,ACS 5-year 2017 (B19083)
2017,2013–2017,"Cornville town, Somerset County, Maine",14555,025,23,0.4323,0.0753,ACS 5-year 2017 (B19083)
2017,2013–2017,"Starks town, Somerset County, Maine",73845,025,23,0.3816,0.0493,ACS 5-year 2017 (B19083)
2017,2013–2017,"The Forks plantation, Somerset County, Maine",76190,025,23,0.3062,0.1500,ACS 5-year 2017 (B19083)
2017,2013–2017,"Cambridge town, Somerset County, Maine",09655,025,23,0.4854,0.0757,ACS 5-year 2017 (B19083)
2017,2013–2017,"Highland plantation, Somerset County, Maine",32895,025,23,0.3380,0.1149,ACS 5-year 2017 (B19083)
2017,2013–2017,"Jackman town, Somerset County, Maine",35345,025,23,0.4064,0.0494,ACS 5-year 2017 (B19083)
2017,2013–2017,"Glenwood plantation, Aroostook County, Maine",27855,003,23,-666666666.0000,-222222222.0000,ACS 5-year 2017 (B19083)
2017,2013–2017,"Hamlin town, Aroostook County, Maine",30690,003,23,0.4718,0.0748,ACS 5-year 2017 (B19083)
2017,2013–2017,"Hammond town, Aroostook County, Maine",30725,003,23,0.3580,0.1048,ACS 5-year 2017 (B19083)
2017,2013–2017,"Limestone town, Aroostook County, Maine",39300,003,23,0.4032,0.0449,ACS 5-year 2017 (B19083)
2017,2013–2017,"New Limerick town, Aroostook County, Maine",48960,003,23,0.4167,0.1220,ACS 5-year 2017 (B19083)
2017,2013–2017,"Smyrna town, Aroostook County, Maine",69260,003,23,0.3591,0.0449,ACS 5-year 2017 (B19083)
2017,2013–2017,"Weston town, Aroostook County, Maine",83785,003,23,0.3891,0.0934,ACS 5-year 2017 (B19083)
2017,2013–2017,"Amity town, Aroostook County, Maine",01220,003,23,0.4494,0.2248,ACS 5-year 2017 (B19083)
2017,2013–2017,"Merrill town, Aroostook County, Maine",45180,003,23,0.4453,0.0711,ACS 5-year 2017 (B19083)
2017,2013–2017,"Orient town, Aroostook County, Maine",55435,003,23,0.6142,0.1247,ACS 5-year 2017 (B19083)
2017,2013–2017,"Westfield town, Aroostook County, Maine",82770,003,23,0.3906,0.0625,ACS 5-year 2017 (B19083)
2017,2013–2017,"Haynesville town, Aroostook County, Maine",32195,003,23,0.3606,0.0668,ACS 5-year 2017 (B19083)
2017,2013–2017,"Perham town, Aroostook County, Maine",58060,003,23,0.3261,0.0492,ACS 5-year 2017 (B19083)
2017,2013–2017,"St. John plantation, Aroostook County, Maine",65200,003,23,0.4805,0.0636,ACS 5-year 2017 (B19083)
2017,2013–2017,"Fort Kent town, Aroostook County, Maine",25755,003,23,0.4429,0.0393,ACS 5-year 2017 (B19083)
2017,2013–2017,"Moro plantation, Aroostook County, Maine",47175,003,23,0.0798,0.0512,ACS 5-year 2017 (B19083)
2017,2013–2017,"Caswell town, Aroostook County, Maine",11335,003,23,0.3999,0.0405,ACS 5-year 2017 (B19083)
2017,2013–2017,"Northwest Aroostook UT, Aroostook County, Maine",53602,003,23,0.1062,0.0996,ACS 5-year 2017 (B19083)
2017,2013–2017,"Beddington town, Washington County, Maine",03810,029,23,0.4980,0.0821,ACS 5-year 2017 (B19083)
2017,2013–2017,"Addison town, Washington County, Maine",00380,029,23,0.4969,0.0945,ACS 5-year 2017 (B19083)
2017,2013–2017,"Amherst town, Hancock County, Maine",01185,009,23,0.4092,0.0413,ACS 5-year 2017 (B19083)
2017,2013–2017,"Bucksport town, Hancock County, Maine",08815,009,23,0.5573,0.1139,ACS 5-year 2017 (B19083)
2017,2013–2017,"Cranberry Isles town, Hancock County, Maine",14905,009,23,0.4626,0.0870,ACS 5-year 2017 (B19083)
2017,2013–2017,"Lamoine town, Hancock County, Maine",38180,009,23,0.4364,0.0363,ACS 5-year 2017 (B19083)
2017,2013–2017,"Penobscot town, Hancock County, Maine",57920,009,23,0.4028,0.0379,ACS 5-year 2017 (B19083)
2017,2013–2017,"Central Hancock UT, Hancock County, Maine",11800,009,23,0.2906,0.0917,ACS 5-year 2017 (B19083)
2017,2013–2017,"Winter Harbor town, Hancock County, Maine",86655,009,23,0.4234,0.0560,ACS 5-year 2017 (B19083)
2017,2013–2017,"Orland town, Hancock County, Maine",55505,009,23,0.3546,0.0328,ACS 5-year 2017 (B19083)
2017,2013–2017,"Waltham town, Hancock County, Maine",80040,009,23,0.3504,0.0543,ACS 5-year 2017 (B19083)
2017,2013–2017,"Southwest Harbor town, Hancock County, Maine",72865,009,23,0.3727,0.0354,ACS 5-year 2017 (B19083)
2017,2013–2017,"Winterville plantation, Aroostook County, Maine",86865,003,23,0.4967,0.0964,ACS 5-year 2017 (B19083)
2017,2013–2017,"Hersey town, Aroostook County, Maine",32685,003,23,0.4331,0.1261,ACS 5-year 2017 (B19083)
2017,2013–2017,"Ashland town, Aroostook County, Maine",01710,003,23,0.4004,0.0375,ACS 5-year 2017 (B19083)
2017,2013–2017,"Garfield plantation, Aroostook County, Maine",27120,003,23,0.3778,0.1207,ACS 5-year 2017 (B19083)
2017,2013–2017,"Linneus town, Aroostook County, Maine",39965,003,23,0.3766,0.0349,ACS 5-year 2017 (B19083)
2017,2013–2017,"New Canada town, Aroostook County, Maine",48575,003,23,0.4245,0.0576,ACS 5-year 2017 (B19083)
2017,2013–2017,"Square Lake UT, Aroostook County, Maine",73472,003,23,0.3829,0.0385,ACS 5-year 2017 (B19083)
2017,2013–2017,"Central Aroostook UT, Aroostook County, Maine",11785,003,23,0.3300,0.1157,ACS 5-year 2017 (B19083)
2017,2013–2017,"Cyr plantation, Aroostook County, Maine",15990,003,23,0.4007,0.1295,ACS 5-year 2017 (B19083)
2017,2013–2017,"Frenchville town, Aroostook County, Maine",26735,003,23,0.3707,0.0474,ACS 5-year 2017 (B19083)
2017,2013–2017,"Madawaska town, Aroostook County, Maine",42520,003,23,0.3988,0.0323,ACS 5-year 2017 (B19083)
2017,2013–2017,"Mapleton town, Aroostook County, Maine",43255,003,23,0.4229,0.0393,ACS 5-year 2017 (B19083)
2017,2013–2017,"Mars Hill town, Aroostook County, Maine",43710,003,23,0.4943,0.0590,ACS 5-year 2017 (B19083)
2017,2013–2017,"Nashville plantation, Aroostook County, Maine",48120,003,23,0.2515,0.1844,ACS 5-year 2017 (B19083)
2017,2013–2017,"Oxbow plantation, Aroostook County, Maine",56205,003,23,0.1991,0.0787,ACS 5-year 2017 (B19083)
2017,2013–2017,"Crystal town, Aroostook County, Maine",15395,003,23,0.4228,0.0657,ACS 5-year 2017 (B19083)
2017,2013–2017,"Dyer Brook town, Aroostook County, Maine",19210,003,23,0.2836,0.0605,ACS 5-year 2017 (B19083)
2017,2013–2017,"Grand Isle town, Aroostook County, Maine",28590,003,23,0.4283,0.0434,ACS 5-year 2017 (B19083)
2017,2013–2017,"Monticello town, Aroostook County, Maine",46685,003,23,0.4666,0.0971,ACS 5-year 2017 (B19083)
2017,2013–2017,"Penobscot Indian Island Reservation, Aroostook County, Maine",57936,003,23,-666666666.0000,-222222222.0000,ACS 5-year 2017 (B19083)
2017,2013–2017,"St. Agatha town, Aroostook County, Maine",64780,003,23,0.4911,0.0753,ACS 5-year 2017 (B19083)
2017,2013–2017,"Stockholm town, Aroostook County, Maine",74405,003,23,0.4582,0.0572,ACS 5-year 2017 (B19083)
2017,2013–2017,"Wade town, Aroostook County, Maine",79270,003,23,0.3773,0.0621,ACS 5-year 2017 (B19083)
2017,2013–2017,"Wallagrass town, Aroostook County, Maine",79865,003,23,0.4047,0.0375,ACS 5-year 2017 (B19083)
2017,2013–2017,"Allagash town, Aroostook County, Maine",00800,003,23,0.4660,0.0621,ACS 5-year 2017 (B19083)
2017,2013–2017,"New Sweden town, Aroostook County, Maine",49415,003,23,0.4087,0.0553,ACS 5-year 2017 (B19083)
2017,2013–2017,"Island Falls town, Aroostook County, Maine",35065,003,23,0.4381,0.0483,ACS 5-year 2017 (B19083)
2017,2013–2017,"Littleton town, Aroostook County, Maine",40595,003,23,0.3838,0.0326,ACS 5-year 2017 (B19083)
2017,2013–2017,"Masardis town, Aroostook County, Maine",43990,003,23,0.3724,0.0672,ACS 5-year 2017 (B19083)
2017,2013–2017,"Portage Lake town, Aroostook County, Maine",60300,003,23,0.3845,0.0377,ACS 5-year 2017 (B19083)
2017,2013–2017,"Presque Isle city, Aroostook County, Maine",60825,003,23,0.4988,0.0452,ACS 5-year 2017 (B19083)
2017,2013–2017,"Reed plantation, Aroostook County, Maine",62400,003,23,0.4528,0.0870,ACS 5-year 2017 (B19083)
2017,2013–2017,"St. Francis town, Aroostook County, Maine",65025,003,23,0.4527,0.0567,ACS 5-year 2017 (B19083)
2017,2013–2017,"Bancroft town, Aroostook County, Maine",02760,003,23,0.4077,0.1475,ACS 5-year 2017 (B19083)
2017,2013–2017,"Blaine town, Aroostook County, Maine",05385,003,23,0.3824,0.0586,ACS 5-year 2017 (B19083)
2017,2013–2017,"Caribou city, Aroostook County, Maine",10565,003,23,0.4682,0.0294,ACS 5-year 2017 (B19083)
2017,2013–2017,"Eagle Lake town, Aroostook County, Maine",19420,003,23,0.4795,0.0718,ACS 5-year 2017 (B19083)
2017,2013–2017,"East Central Washington UT, Washington County, Maine",19870,029,23,0.4899,0.1016,ACS 5-year 2017 (B19083)
2017,2013–2017,"Eastport city, Washington County, Maine",21730,029,23,0.5168,0.0822,ACS 5-year 2017 (B19083)
2017,2013–2017,"Pembroke town, Washington County, Maine",57780,029,23,0.4079,0.0301,ACS 5-year 2017 (B19083)
2017,2013–2017,"Alexander town, Washington County, Maine",00660,029,23,0.3802,0.0471,ACS 5-year 2017 (B19083)
2017,2013–2017,"Columbia Falls town, Washington County, Maine",13820,029,23,0.3480,0.0475,ACS 5-year 2017 (B19083)
2017,2013–2017,"Deblois town, Washington County, Maine",16865,029,23,0.2283,0.0924,ACS 5-year 2017 (B19083)
2017,2013–2017,"Grand Lake Stream plantation, Washington County, Maine",28660,029,23,0.3866,0.1128,ACS 5-year 2017 (B19083)
2017,2013–2017,"Whiting town, Washington County, Maine",85185,029,23,0.3836,0.0337,ACS 5-year 2017 (B19083)
2017,2013–2017,"Baileyville town, Washington County, Maine",02480,029,23,0.3871,0.0375,ACS 5-year 2017 (B19083)
2017,2013–2017,"Beals town, Washington County, Maine",03670,029,23,0.4690,0.0803,ACS 5-year 2017 (B19083)
2017,2013–2017,"Cooper town, Washington County, Maine",14100,029,23,0.4062,0.0591,ACS 5-year 2017 (B19083)
2017,2013–2017,"East Machias town, Washington County, Maine",20960,029,23,0.4132,0.0365,ACS 5-year 2017 (B19083)
2017,2013–2017,"Jonesport town, Washington County, Maine",36010,029,23,0.4434,0.0733,ACS 5-year 2017 (B19083)
2017,2013–2017,"Machiasport town, Washington County, Maine",42100,029,23,0.4196,0.0603,ACS 5-year 2017 (B19083)
2017,2013–2017,"Northfield town, Washington County, Maine",51375,029,23,0.3875,0.1200,ACS 5-year 2017 (B19083)
2017,2013–2017,"Princeton town, Washington County, Maine",61035,029,23,0.3985,0.0472,ACS 5-year 2017 (B19083)
2017,2013–2017,"Steuben town, Washington County, Maine",74125,029,23,0.4406,0.0409,ACS 5-year 2017 (B19083)
2017,2013–2017,"Talmadge town, Washington County, Maine",75770,029,23,0.2712,0.0794,ACS 5-year 2017 (B19083)
2017,2013–2017,"Calais city, Washington County, Maine",09585,029,23,0.5936,0.1639,ACS 5-year 2017 (B19083)
2017,2013–2017,"Cherryfield town, Washington County, Maine",12455,029,23,0.4545,0.0527,ACS 5-year 2017 (B19083)
2017,2013–2017,"Columbia town, Washington County, Maine",13750,029,23,0.5087,0.1458,ACS 5-year 2017 (B19083)
2017,2013–2017,"Cutler town, Washington County, Maine",15920,029,23,0.4309,0.1288,ACS 5-year 2017 (B19083)
2017,2013–2017,"Dennysville town, Washington County, Maine",17355,029,23,0.4426,0.0438,ACS 5-year 2017 (B19083)
2017,2013–2017,"Jonesboro town, Washington County, Maine",35905,029,23,0.3575,0.0440,ACS 5-year 2017 (B19083)
2017,2013–2017,"Vanceboro town, Washington County, Maine",78675,029,23,0.3432,0.0476,ACS 5-year 2017 (B19083)
2017,2013–2017,"Waite town, Washington County, Maine",79375,029,23,0.3243,0.1115,ACS 5-year 2017 (B19083)
2017,2013–2017,"Wesley town, Washington County, Maine",81685,029,23,0.4117,0.0817,ACS 5-year 2017 (B19083)
2017,2013–2017,"Baring plantation, Washington County, Maine",02970,029,23,0.3310,0.0578,ACS 5-year 2017 (B19083)
2017,2013–2017,"Codyville plantation, Washington County, Maine",13610,029,23,0.2697,0.2021,ACS 5-year 2017 (B19083)
2017,2013–2017,"Crawford town, Washington County, Maine",14940,029,23,0.4345,0.1403,ACS 5-year 2017 (B19083)
2017,2013–2017,"Harrington town, Washington County, Maine",31530,029,23,0.3664,0.0403,ACS 5-year 2017 (B19083)
2017,2013–2017,"Machias town, Washington County, Maine",41960,029,23,0.4623,0.0312,ACS 5-year 2017 (B19083)
2017,2013–2017,"Marshfield town, Washington County, Maine",43640,029,23,0.3719,0.0451,ACS 5-year 2017 (B19083)
2017,2013–2017,"Perry town, Washington County, Maine",58165,029,23,0.4006,0.0411,ACS 5-year 2017 (B19083)
2017,2013–2017,"Lubec town, Washington County, Maine",41610,029,23,0.4287,0.0440,ACS 5-year 2017 (B19083)
2017,2013–2017,"North Washington UT, Washington County, Maine",53500,029,23,0.3814,0.0620,ACS 5-year 2017 (B19083)
2017,2013–2017,"Passamaquoddy Pleasant Point Reservation, Washington County, Maine",57090,029,23,0.4882,0.0851,ACS 5-year 2017 (B19083)
2017,2013–2017,"Whitneyville town, Washington County, Maine",85290,029,23,0.3618,0.0784,ACS 5-year 2017 (B19083)
2017,2013–2017,"Topsfield town, Washington County, Maine",76895,029,23,0.3450,0.0790,ACS 5-year 2017 (B19083)
2017,2013–2017,"Charlotte town, Washington County, Maine",12175,029,23,0.4244,0.1051,ACS 5-year 2017 (B19083)
2017,2013–2017,"Danforth town, Washington County, Maine",16410,029,23,0.3343,0.0447,ACS 5-year 2017 (B19083)
2017,2013–2017,"Milbridge town, Washington County, Maine",45600,029,23,0.4432,0.0516,ACS 5-year 2017 (B19083)
2017,2013–2017,"Robbinston town, Washington County, Maine",63275,029,23,0.4493,0.1194,ACS 5-year 2017 (B19083)
2017,2013–2017,"Meddybemps town, Washington County, Maine",44760,029,23,0.3624,0.0716,ACS 5-year 2017 (B19083)
2017,2013–2017,"Roque Bluffs town, Washington County, Maine",63940,029,23,0.4657,0.0760,ACS 5-year 2017 (B19083)
2017,2013–2017,"Passamaquoddy Indian Township Reservation, Washington County, Maine",57082,029,23,0.4570,0.0440,ACS 5-year 2017 (B19083)
2017,2013–2017,"Standish town, Cumberland County, Maine",73670,005,23,0.3744,0.0333,ACS 5-year 2017 (B19083)
2017,2013–2017,"Windham town, Cumberland County, Maine",86025,005,23,0.3798,0.0375,ACS 5-year 2017 (B19083)
2017,2013–2017,"North Yarmouth town, Cumberland County, Maine",53860,005,23,0.4109,0.0431,ACS 5-year 2017 (B19083)
2017,2013–2017,"Scarborough town, Cumberland County, Maine",66145,005,23,0.4107,0.0230,ACS 5-year 2017 (B19083)
2017,2013–2017,"Harrison town, Cumberland County, Maine",31600,005,23,0.4333,0.0473,ACS 5-year 2017 (B19083)
2017,2013–2017,"Cape Elizabeth town, Cumberland County, Maine",10180,005,23,0.4206,0.0319,ACS 5-year 2017 (B19083)
2017,2013–2017,"Long Island town, Cumberland County, Maine",41067,005,23,0.4945,0.0808,ACS 5-year 2017 (B19083)
2017,2013–2017,"Westbrook city, Cumberland County, Maine",82105,005,23,0.4368,0.0222,ACS 5-year 2017 (B19083)
2017,2013–2017,"Gray town, Cumberland County, Maine",28870,005,23,0.4095,0.0418,ACS 5-year 2017 (B19083)
2017,2013–2017,"Harpswell town, Cumberland County, Maine",31390,005,23,0.5064,0.0467,ACS 5-year 2017 (B19083)
2017,2013–2017,"Portland city, Cumberland County, Maine",60545,005,23,0.4706,0.0116,ACS 5-year 2017 (B19083)
2017,2013–2017,"Peru town, Oxford County, Maine",58270,017,23,0.3864,0.0361,ACS 5-year 2017 (B19083)
2017,2013–2017,"Sweden town, Oxford County, Maine",75595,017,23,0.4930,0.0810,ACS 5-year 2017 (B19083)
2017,2013–2017,"Gilead town, Oxford County, Maine",27505,017,23,0.3677,0.0644,ACS 5-year 2017 (B19083)
2017,2013–2017,"Milton UT, Oxford County, Maine",46105,017,23,0.3605,0.0642,ACS 5-year 2017 (B19083)
2017,2013–2017,"Norway town, Oxford County, Maine",54000,017,23,0.4051,0.0352,ACS 5-year 2017 (B19083)
2017,2013–2017,"West Paris town, Oxford County, Maine",83890,017,23,0.4050,0.0439,ACS 5-year 2017 (B19083)
2017,2013–2017,"Buckfield town, Oxford County, Maine",08710,017,23,0.4336,0.0452,ACS 5-year 2017 (B19083)
2017,2013–2017,"Byron town, Oxford County, Maine",09550,017,23,0.5135,0.1837,ACS 5-year 2017 (B19083)
2017,2013–2017,"Hartford town, Oxford County, Maine",31670,017,23,0.3807,0.0467,ACS 5-year 2017 (B19083)
2017,2013–2017,"Paris town, Oxford County, Maine",56625,017,23,0.4284,0.0476,ACS 5-year 2017 (B19083)
2017,2013–2017,"Canton town, Oxford County, Maine",10005,017,23,0.3841,0.0412,ACS 5-year 2017 (B19083)
2017,2013–2017,"Newry town, Oxford County, Maine",49275,017,23,0.4980,0.0450,ACS 5-year 2017 (B19083)
2017,2013–2017,"Pownal town, Cumberland County, Maine",60685,005,23,0.3438,0.0415,ACS 5-year 2017 (B19083)
2017,2013–2017,"Yarmouth town, Cumberland County, Maine",87845,005,23,0.4803,0.0346,ACS 5-year 2017 (B19083)
2017,2013–2017,"Brunswick town, Cumberland County, Maine",08430,005,23,0.4671,0.0230,ACS 5-year 2017 (B19083)
2017,2013–2017,"Freeport town, Cumberland County, Maine",26525,005,23,0.4808,0.0900,ACS 5-year 2017 (B19083)
2017,2013–2017,"New Gloucester town, Cumberland County, Maine",48820,005,23,0.3286,0.0282,ACS 5-year 2017 (B19083)
2017,2013–2017,"Raymond town, Cumberland County, Maine",61945,005,23,0.3607,0.0301,ACS 5-year 2017 (B19083)
2017,2013–2017,"Falmouth town, Cumberland County, Maine",24495,005,23,0.5031,0.0604,ACS 5-year 2017 (B19083)
2017,2013–2017,"Gorham town, Cumberland County, Maine",28240,005,23,0.3955,0.0277,ACS 5-year 2017 (B19083)
2017,2013–2017,"Sebago town, Cumberland County, Maine",66775,005,23,0.3918,0.0472,ACS 5-year 2017 (B19083)
2017,2013–2017,"Baldwin town, Cumberland County, Maine",02655,005,23,0.3877,0.0396,ACS 5-year 2017 (B19083)
2017,2013–2017,"Cumberland town, Cumberland County, Maine",15430,005,23,0.4508,0.0461,ACS 5-year 2017 (B19083)
2017,2013–2017,"Naples town, Cumberland County, Maine",48085,005,23,0.3750,0.0416,ACS 5-year 2017 (B19083)
2017,2013–2017,"Casco town, Cumberland County, Maine",11125,005,23,0.4761,0.0640,ACS 5-year 2017 (B19083)
2017,2013–2017,"Bridgton town, Cumberland County, Maine",07170,005,23,0.4227,0.0646,ACS 5-year 2017 (B19083)
2017,2013–2017,"South Portland city, Cumberland County, Maine",71990,005,23,0.4457,0.0242,ACS 5-year 2017 (B19083)
2017,2013–2017,"Frye Island town, Cumberland County, Maine",27025,005,23,0.3321,0.1025,ACS 5-year 2017 (B19083)
2017,2013–2017,"Appleton town, Knox County, Maine",01465,013,23,0.3881,0.0415,ACS 5-year 2017 (B19083)
2017,2013–2017,"Criehaven UT, Knox County, Maine",15125,013,23,-666666666.0000,-222222222.0000,ACS 5-year 2017 (B19083)
2017,2013–2017,"Union town, Knox County, Maine",78115,013,23,0.3245,0.0331,ACS 5-year 2017 (B19083)
2017,2013–2017,"Cushing town, Knox County, Maine",15780,013,23,0.3669,0.0367,ACS 5-year 2017 (B19083)
2017,2013–2017,"Isle au Haut town, Knox County, Maine",35135,013,23,0.4251,0.1123,ACS 5-year 2017 (B19083)
2017,2013–2017,"St. George town, Knox County, Maine",65130,013,23,0.4403,0.0530,ACS 5-year 2017 (B19083)
2017,2013–2017,"Warren town, Knox County, Maine",80215,013,23,0.3261,0.0597,ACS 5-year 2017 (B19083)
2017,2013–2017,"Matinicus Isle plantation, Knox County, Maine",44165,013,23,0.5031,0.0992,ACS 5-year 2017 (B19083)
2017,2013–2017,"Vinalhaven town, Knox County, Maine",79130,013,23,0.4279,0.0520,ACS 5-year 2017 (B19083)
2017,2013–2017,"Camden town, Knox County, Maine",09725,013,23,0.4444,0.0465,ACS 5-year 2017 (B19083)
2017,2013–2017,"Rockport town, Knox County, Maine",63660,013,23,0.4500,0.0910,ACS 5-year 2017 (B19083)
2017,2013–2017,"Hope town, Knox County, Maine",33840,013,23,0.4150,0.0323,ACS 5-year 2017 (B19083)
2017,2013–2017,"South Thomaston town, Knox County, Maine",72585,013,23,0.4151,0.0481,ACS 5-year 2017 (B19083)
2017,2013–2017,"Washington town, Knox County, Maine",80425,013,23,0.5724,0.1489,ACS 5-year 2017 (B19083)
2017,2013–2017,"Friendship town, Knox County, Maine",26805,013,23,0.3901,0.0385,ACS 5-year 2017 (B19083)
2017,2013–2017,"Rockland city, Knox County, Maine",63590,013,23,0.4355,0.0325,ACS 5-year 2017 (B19083)
2017,2013–2017,"Owls Head town, Knox County, Maine",56135,013,23,0.4152,0.0491,ACS 5-year 2017 (B19083)
2017,2013–2017,"Thomaston town, Knox County, Maine",76365,013,23,0.4029,0.0548,ACS 5-year 2017 (B19083)
2017,2013–2017,"North Haven town, Knox County, Maine",51620,013,23,0.4007,0.0435,ACS 5-year 2017 (B19083)
2017,2013–2017,"Arrowsic town, Sagadahoc County, Maine",01570,023,23,0.4396,0.0810,ACS 5-year 2017 (B19083)
2017,2013–2017,"Bowdoinham town, Sagadahoc County, Maine",06365,023,23,0.3799,0.0557,ACS 5-year 2017 (B19083)
2017,2013–2017,"Richmond town, Sagadahoc County, Maine",62645,023,23,0.3775,0.0376,ACS 5-year 2017 (B19083)
2017,2013–2017,"Oxford town, Oxford County, Maine",56310,017,23,0.3789,0.0422,ACS 5-year 2017 (B19083)
2017,2013–2017,"Rumford town, Oxford County, Maine",64290,017,23,0.4342,0.0267,ACS 5-year 2017 (B19083)
2017,2013–2017,"South Oxford UT, Oxford County, Maine",71755,017,23,0.4453,0.0575,ACS 5-year 2017 (B19083)
2017,2013–2017,"Waterford town, Oxford County, Maine",80635,017,23,0.4136,0.0769,ACS 5-year 2017 (B19083)
2017,2013–2017,"Lovell town, Oxford County, Maine",41365,017,23,0.4563,0.0642,ACS 5-year 2017 (B19083)
2017,2013–2017,"Roxbury town, Oxford County, Maine",64185,017,23,0.3823,0.0550,ACS 5-year 2017 (B19083)
2017,2013–2017,"Easton town, Aroostook County, Maine",21380,003,23,0.4661,0.0426,ACS 5-year 2017 (B19083)
2017,2013–2017,"Stoneham town, Oxford County, Maine",74510,017,23,0.3969,0.0610,ACS 5-year 2017 (B19083)
2017,2013–2017,"Upton town, Oxford County, Maine",78465,017,23,0.4752,0.1186,ACS 5-year 2017 (B19083)
2017,2013–2017,"Woodstock town, Oxford County, Maine",87355,017,23,0.4234,0.0621,ACS 5-year 2017 (B19083)
2017,2013–2017,"Bethel town, Oxford County, Maine",04825,017,23,0.4536,0.0499,ACS 5-year 2017 (B19083)
2017,2013–2017,"Brownfield town, Oxford County, Maine",08150,017,23,0.3639,0.0425,ACS 5-year 2017 (B19083)
2017,2013–2017,"Andover town, Oxford County, Maine",01325,017,23,0.3594,0.0370,ACS 5-year 2017 (B19083)
2017,2013–2017,"Dixfield town, Oxford County, Maine",17740,017,23,0.4635,0.0705,ACS 5-year 2017 (B19083)
2017,2013–2017,"Fryeburg town, Oxford County, Maine",26910,017,23,0.3424,0.0301,ACS 5-year 2017 (B19083)
2017,2013–2017,"Mexico town, Oxford County, Maine",45285,017,23,0.4127,0.0597,ACS 5-year 2017 (B19083)
2017,2013–2017,"Otisfield town, Oxford County, Maine",55960,017,23,0.3726,0.0459,ACS 5-year 2017 (B19083)
2017,2013–2017,"Hanover town, Oxford County, Maine",31110,017,23,0.2881,0.0751,ACS 5-year 2017 (B19083)
2017,2013–2017,"Hebron town, Oxford County, Maine",32370,017,23,0.3348,0.0354,ACS 5-year 2017 (B19083)
2017,2013–2017,"Hiram town, Oxford County, Maine",33315,017,23,0.4231,0.0375,ACS 5-year 2017 (B19083)
2017,2013–2017,"North Oxford UT, Oxford County, Maine",52575,017,23,-666666666.0000,-222222222.0000,ACS 5-year 2017 (B19083)
2017,2013–2017,"Stow town, Oxford County, Maine",74685,017,23,0.3931,0.0583,ACS 5-year 2017 (B19083)
2017,2013–2017,"Greenwood town, Oxford County, Maine",29710,017,23,0.4129,0.0626,ACS 5-year 2017 (B19083)
2017,2013–2017,"Porter town, Oxford County, Maine",60405,017,23,0.3848,0.0405,ACS 5-year 2017 (B19083)
2017,2013–2017,"Magalloway plantation, Oxford County, Maine",42835,017,23,0.3958,0.1018,ACS 5-year 2017 (B19083)
2017,2013–2017,"Lincoln plantation, Oxford County, Maine",39422,017,23,0.4357,0.0775,ACS 5-year 2017 (B19083)
2017,2013–2017,"Denmark town, Oxford County, Maine",17250,017,23,0.4018,0.0614,ACS 5-year 2017 (B19083)
2017,2013–2017,"Sumner town, Oxford County, Maine",75035,017,23,0.3697,0.0377,ACS 5-year 2017 (B19083)
2017,2013–2017,"Skowhegan town, Somerset County, Maine",68910,025,23,0.4568,0.0321,ACS 5-year 2017 (B19083)
2017,2013–2017,"Solon town, Somerset County, Maine",69505,025,23,0.3466,0.0449,ACS 5-year 2017 (B19083)
2017,2013–2017,"Verona Island town, Hancock County, Maine",78925,009,23,0.3627,0.0482,ACS 5-year 2017 (B19083)
2017,2013–2017,"Westport Island town, Lincoln County, Maine",84140,015,23,0.4456,0.0748,ACS 5-year 2017 (B19083)
2017,2013–2017,"Twombly Ridge UT, Penobscot County, Maine",78015,019,23,-666666666.0000,-222222222.0000,ACS 5-year 2017 (B19083)
2017,2013–2017,"Marshall Island UT, Hancock County, Maine",43578,009,23,-666666666.0000,-222222222.0000,ACS 5-year 2017 (B19083)
2017,2013–2017,"Penobscot Indian Island Reservation, Penobscot County, Maine",57936,019,23,0.4972,0.0408,ACS 5-year 2017 (B19083)
2017,2013–2017,"Sanford city, York County, Maine",65725,031,23,0.4419,0.0383,ACS 5-year 2017 (B19083)
2017,2013–2017,"Muscle Ridge Islands UT, Knox County, Maine",47962,013,23,-666666666.0000,-222222222.0000,ACS 5-year 2017 (B19083)
2017,2013–2017,"Louds Island UT, Lincoln County, Maine",41280,015,23,-666666666.0000,-222222222.0000,ACS 5-year 2017 (B19083)
2017,2013–2017,"Chebeague Island town, Cumberland County, Maine",12300,005,23,0.5652,0.1024,ACS 5-year 2017 (B19083)
2017,2013–2017,"Newburgh town, Penobscot County, Maine",48505,019,23,0.4066,0.0415,ACS 5-year 2017 (B19083)
2017,2013–2017,"Newport town, Penobscot County, Maine",49065,019,23,0.5010,0.0528,ACS 5-year 2017 (B19083)
2017,2013–2017,"Orrington town, Penobscot County, Maine",55680,019,23,0.3992,0.0418,ACS 5-year 2017 (B19083)
2017,2013–2017,"Lakeville town, Penobscot County, Maine",38005,019,23,0.4665,0.1440,ACS 5-year 2017 (B19083)
2017,2013–2017,"Lowell town, Penobscot County, Maine",41435,019,23,0.4208,0.0528,ACS 5-year 2017 (B19083)
2017,2013–2017,"Mount Chase town, Penobscot County, Maine",47560,019,23,0.6669,0.1154,ACS 5-year 2017 (B19083)
2017,2013–2017,"Passadumkeag town, Penobscot County, Maine",57045,019,23,0.4234,0.0957,ACS 5-year 2017 (B19083)
2017,2013–2017,"Seboeis plantation, Penobscot County, Maine",67160,019,23,0.2720,0.1798,ACS 5-year 2017 (B19083)
2017,2013–2017,"Springfield town, Penobscot County, Maine",73250,019,23,0.4152,0.0464,ACS 5-year 2017 (B19083)
2017,2013–2017,"Bradley town, Penobscot County, Maine",06680,019,23,0.4678,0.1084,ACS 5-year 2017 (B19083)
2017,2013–2017,"Charleston town, Penobscot County, Maine",12105,019,23,0.3871,0.1257,ACS 5-year 2017 (B19083)
2017,2013–2017,"Corinth town, Penobscot County, Maine",14380,019,23,0.3876,0.0514,ACS 5-year 2017 (B19083)
2017,2013–2017,"Carroll plantation, Penobscot County, Maine",10810,019,23,0.4422,0.1012,ACS 5-year 2017 (B19083)
2017,2013–2017,"Clifton town, Penobscot County, Maine",13365,019,23,0.3745,0.0551,ACS 5-year 2017 (B19083)
2017,2013–2017,"Garland town, Penobscot County, Maine",27190,019,23,0.4305,0.0593,ACS 5-year 2017 (B19083)
2017,2013–2017,"Stetson town, Penobscot County, Maine",74055,019,23,0.3884,0.0614,ACS 5-year 2017 (B19083)
2017,2013–2017,"Carmel town, Penobscot County, Maine",10670,019,23,0.3465,0.0401,ACS 5-year 2017 (B19083)
2017,2013–2017,"Woodville town, Penobscot County, Maine",87390,019,23,0.3489,0.0801,ACS 5-year 2017 (B19083)
2017,2013–2017,"Chester town, Penobscot County, Maine",12525,019,23,0.4844,0.0544,ACS 5-year 2017 (B19083)
2017,2013–2017,"Kenduskeag town, Penobscot County, Maine",36325,019,23,0.3470,0.0440,ACS 5-year 2017 (B19083)
2017,2013–2017,"Stacyville town, Penobscot County, Maine",73600,019,23,0.4240,0.0500,ACS 5-year 2017 (B19083)
2017,2013–2017,"Argyle UT, Penobscot County, Maine",01500,019,23,0.4076,0.0629,ACS 5-year 2017 (B19083)
2017,2013–2017,"Kingman UT, Penobscot County, Maine",37075,019,23,0.3314,0.0539,ACS 5-year 2017 (B19083)
2017,2013–2017,"Blanchard UT, Piscataquis County, Maine",05560,021,23,0.3910,0.1104,ACS 5-year 2017 (B19083)
2017,2013–2017,"Northeast Piscataquis UT, Piscataquis County, Maine",51105,021,23,0.4608,0.0848,ACS 5-year 2017 (B19083)
2017,2013–2017,"Atkinson town, Piscataquis County, Maine",01920,021,23,0.5681,0.1459,ACS 5-year 2017 (B19083)
2017,2013–2017,"Milo town, Piscataquis County, Maine",46020,021,23,0.4224,0.0329,ACS 5-year 2017 (B19083)
2017,2013–2017,"Sangerville town, Piscataquis County, Maine",65865,021,23,0.4231,0.0437,ACS 5-year 2017 (B19083)
2017,2013–2017,"Shirley town, Piscataquis County, Maine",68140,021,23,0.3588,0.0603,ACS 5-year 2017 (B19083)
2017,2013–2017,"Guilford town, Piscataquis County, Maine",30095,021,23,0.4676,0.0659,ACS 5-year 2017 (B19083)
2017,2013–2017,"Kingsbury plantation, Piscataquis County, Maine",37095,021,23,-666666666.0000,-222222222.0000,ACS 5-year 2017 (B19083)
2017,2013–2017,"Northwest Piscataquis UT, Piscataquis County, Maine",53628,021,23,0.3294,0.1789,ACS 5-year 2017 (B19083)
2017,2013–2017,"Abbot town, Piscataquis County, Maine",00100,021,23,0.4528,0.0603,ACS 5-year 2017 (B19083)
2017,2013–2017,"Parkman town, Piscataquis County, Maine",56765,021,23,0.3835,0.0336,ACS 5-year 2017 (B19083)
2017,2013–2017,"Bowerbank town, Piscataquis County, Maine",06400,021,23,0.3898,0.0547,ACS 5-year 2017 (B19083)
2017,2013–2017,"Medford town, Piscataquis County, Maine",44830,021,23,0.3523,0.0685,ACS 5-year 2017 (B19083)
2017,2013–2017,"Willimantic town, Piscataquis County, Maine",85710,021,23,0.3538,0.0714,ACS 5-year 2017 (B19083)
2017,2013–2017,"Beaver Cove town, Piscataquis County, Maine",03740,021,23,0.3235,0.1051,ACS 5-year 2017 (B19083)
2017,2013–2017,"Brownville town, Piscataquis County, Maine",08325,021,23,0.4003,0.0391,ACS 5-year 2017 (B19083)
2017,2013–2017,"Brighton plantation, Somerset County, Maine",07380,025,23,0.2835,0.1119,ACS 5-year 2017 (B19083)
2017,2013–2017,"New Portland town, Somerset County, Maine",49205,025,23,0.3996,0.0525,ACS 5-year 2017 (B19083)
2017,2013–2017,"Palmyra town, Somerset County, Maine",56520,025,23,0.4061,0.0352,ACS 5-year 2017 (B19083)
2017,2013–2017,"Smithfield town, Somerset County, Maine",69155,025,23,0.3512,0.0524,ACS 5-year 2017 (B19083)
2017,2013–2017,"Embden town, Somerset County, Maine",23410,025,23,0.4850,0.1006,ACS 5-year 2017 (B19083)
2017,2013–2017,"Northwest Somerset UT, Somerset County, Maine",53636,025,23,-666666666.0000,-222222222.0000,ACS 5-year 2017 (B19083)
2017,2013–2017,"St. Albans town, Somerset County, Maine",64850,025,23,0.3843,0.0489,ACS 5-year 2017 (B19083)
2017,2013–2017,"West Forks plantation, Somerset County, Maine",82840,025,23,0.3936,0.2499,ACS 5-year 2017 (B19083)
2017,2013–2017,"Madison town, Somerset County, Maine",42660,025,23,0.4449,0.0371,ACS 5-year 2017 (B19083)
2017,2013–2017,"Anson town, Somerset County, Maine",01395,025,23,0.3843,0.0442,ACS 5-year 2017 (B19083)
2017,2013–2017,"Dennistown plantation, Somerset County, Maine",17285,025,23,0.0557,0.0544,ACS 5-year 2017 (B19083)
2017,2013–2017,"Fairfield town, Somerset County, Maine",24320,025,23,0.4210,0.0367,ACS 5-year 2017 (B19083)
2017,2013–2017,"Hartland town, Somerset County, Maine",31740,025,23,0.4505,0.0332,ACS 5-year 2017 (B19083)
2017,2013–2017,"Moscow town, Somerset County, Maine",47455,025,23,0.3797,0.0458,ACS 5-year 2017 (B19083)
2017,2013–2017,"Pleasant Ridge plantation, Somerset County, Maine",59705,025,23,0.3331,0.1028,ACS 5-year 2017 (B19083)
2017,2013–2017,"Seboomook Lake UT, Somerset County, Maine",67238,025,23,0.2751,0.2081,ACS 5-year 2017 (B19083)
2017,2013–2017,"Gouldsboro town, Hancock County, Maine",28450,009,23,0.5002,0.0498,ACS 5-year 2017 (B19083)
2017,2013–2017,"Northwest Hancock UT, Hancock County, Maine",53620,009,23,-666666666.0000,-222222222.0000,ACS 5-year 2017 (B19083)
2017,2013–2017,"Bristol town, Lincoln County, Maine",07485,015,23,0.4404,0.0468,ACS 5-year 2017 (B19083)
2017,2013–2017,"Somerville town, Lincoln County, Maine",69645,015,23,0.3924,0.0590,ACS 5-year 2017 (B19083)
2017,2013–2017,"Dresden town, Lincoln County, Maine",18475,015,23,0.3580,0.0335,ACS 5-year 2017 (B19083)
2017,2013–2017,"Nobleboro town, Lincoln County, Maine",49660,015,23,0.4136,0.0411,ACS 5-year 2017 (B19083)
2017,2013–2017,"Waldoboro town, Lincoln County, Maine",79550,015,23,0.4263,0.0327,ACS 5-year 2017 (B19083)
2017,2013–2017,"Whitefield town, Lincoln County, Maine",85010,015,23,0.4397,0.0643,ACS 5-year 2017 (B19083)
2017,2013–2017,"Wiscasset town, Lincoln County, Maine",87075,015,23,0.5122,0.0600,ACS 5-year 2017 (B19083)
2017,2013–2017,"South Bristol town, Lincoln County, Maine",70240,015,23,0.4955,0.0467,ACS 5-year 2017 (B19083)
2017,2013–2017,"Phippsburg town, Sagadahoc County, Maine",58515,023,23,0.4607,0.1067,ACS 5-year 2017 (B19083)
2017,2013–2017,"Woolwich town, Sagadahoc County, Maine",87460,023,23,0.3097,0.0320,ACS 5-year 2017 (B19083)
2017,2013–2017,"Bowdoin town, Sagadahoc County, Maine",06260,023,23,0.3869,0.0530,ACS 5-year 2017 (B19083)
2017,2013–2017,"Bath city, Sagadahoc County, Maine",03355,023,23,0.5087,0.0513,ACS 5-year 2017 (B19083)
2017,2013–2017,"Topsham town, Sagadahoc County, Maine",76960,023,23,0.3618,0.0273,ACS 5-year 2017 (B19083)
2017,2013–2017,"West Bath town, Sagadahoc County, Maine",81930,023,23,0.4546,0.0745,ACS 5-year 2017 (B19083)
2017,2013–2017,"Perkins UT, Sagadahoc County, Maine",58070,023,23,-666666666.0000,-222222222.0000,ACS 5-year 2017 (B19083)
2017,2013–2017,"Georgetown town, Sagadahoc County, Maine",27295,023,23,0.4410,0.0633,ACS 5-year 2017 (B19083)
2017,2013–2017,"Arundel town, York County, Maine",01605,031,23,0.4173,0.0532,ACS 5-year 2017 (B19083)
2017,2013–2017,"Berwick town, York County, Maine",04720,031,23,0.3630,0.0364,ACS 5-year 2017 (B19083)
2017,2013–2017,"Cornish town, York County, Maine",14485,031,23,0.5963,0.1099,ACS 5-year 2017 (B19083)
2017,2013–2017,"Kittery town, York County, Maine",37270,031,23,0.4158,0.0289,ACS 5-year 2017 (B19083)
2017,2013–2017,"Limerick town, York County, Maine",39195,031,23,0.4104,0.0421,ACS 5-year 2017 (B19083)
2017,2013–2017,"Newfield town, York County, Maine",48750,031,23,0.3726,0.0461,ACS 5-year 2017 (B19083)
2017,2013–2017,"Parsonsfield town, York County, Maine",56870,031,23,0.4502,0.0557,ACS 5-year 2017 (B19083)
2017,2013–2017,"York town, York County, Maine",87985,031,23,0.4698,0.0472,ACS 5-year 2017 (B19083)
2017,2013–2017,"Lyman town, York County, Maine",41750,031,23,0.3488,0.0600,ACS 5-year 2017 (B19083)
2017,2013–2017,"Acton town, York County, Maine",00275,031,23,0.3732,0.0476,ACS 5-year 2017 (B19083)
2017,2013–2017,"Buxton town, York County, Maine",09410,031,23,0.4198,0.0764,ACS 5-year 2017 (B19083)
2017,2013–2017,"Dayton town, York County, Maine",16725,031,23,0.3244,0.0270,ACS 5-year 2017 (B19083)
2017,2013–2017,"Limington town, York County, Maine",39405,031,23,0.3850,0.0467,ACS 5-year 2017 (B19083)
2017,2013–2017,"Old Orchard Beach town, York County, Maine",55085,031,23,0.5409,0.0705,ACS 5-year 2017 (B19083)
2017,2013–2017,"Ogunquit town, York County, Maine",54980,031,23,0.4742,0.0879,ACS 5-year 2017 (B19083)
2017,2013–2017,"Saco city, York County, Maine",64675,031,23,0.4063,0.0244,ACS 5-year 2017 (B19083)
2017,2013–2017,"South Berwick town, York County, Maine",70030,031,23,0.3992,0.0468,ACS 5-year 2017 (B19083)
2017,2013–2017,"Alfred town, York County, Maine",00730,031,23,0.3747,0.0336,ACS 5-year 2017 (B19083)
2017,2013–2017,"Biddeford city, York County, Maine",04860,031,23,0.4406,0.0308,ACS 5-year 2017 (B19083)
2017,2013–2017,"Eliot town, York County, Maine",22955,031,23,0.3448,0.0295,ACS 5-year 2017 (B19083)
2017,2013–2017,"Hollis town, York County, Maine",33665,031,23,0.3874,0.0333,ACS 5-year 2017 (B19083)
2017,2013–2017,"Kennebunk town, York County, Maine",36535,031,23,0.5030,0.0458,ACS 5-year 2017 (B19083)
2017,2013–2017,"North Berwick town, York County, Maine",50325,031,23,0.3544,0.0305,ACS 5-year 2017 (B19083)
2017,2013–2017,"Lebanon town, York County, Maine",38425,031,23,0.3339,0.0482,ACS 5-year 2017 (B19083)
2017,2013–2017,"Shapleigh town, York County, Maine",67475,031,23,0.3000,0.0321,ACS 5-year 2017 (B19083)
2017,2013–2017,"Waterboro town, York County, Maine",80530,031,23,0.3367,0.0391,ACS 5-year 2017 (B19083)
2017,2013–2017,"Wells town, York County, Maine",81475,031,23,0.4121,0.0308,ACS 5-year 2017 (B19083)
2017,2013–2017,"Kennebunkport town, York County, Maine",36745,031,23,0.4628,0.0414,ACS 5-year 2017 (B19083)
2017,2013–2017,"Boothbay Harbor town, Lincoln County, Maine",06120,015,23,0.4859,0.0535,ACS 5-year 2017 (B19083)
2017,2013–2017,"Monhegan plantation, Lincoln County, Maine",46335,015,23,0.4373,0.1618,ACS 5-year 2017 (B19083)
2017,2013–2017,"Southport town, Lincoln County, Maine",71955,015,23,0.4741,0.0526,ACS 5-year 2017 (B19083)
2017,2013–2017,"Alna town, Lincoln County, Maine",01010,015,23,0.3931,0.0428,ACS 5-year 2017 (B19083)
2017,2013–2017,"Hibberts gore, Lincoln County, Maine",32715,015,23,-666666666.0000,-222222222.0000,ACS 5-year 2017 (B19083)
2017,2013–2017,"Damariscotta town, Lincoln County, Maine",16235,015,23,0.4160,0.0434,ACS 5-year 2017 (B19083)
2017,2013–2017,"Jefferson town, Lincoln County, Maine",35695,015,23,0.3407,0.0350,ACS 5-year 2017 (B19083)
2017,2013–2017,"Edgecomb town, Lincoln County, Maine",22675,015,23,0.4113,0.0422,ACS 5-year 2017 (B19083)
2017,2013–2017,"Newcastle town, Lincoln County, Maine",48645,015,23,0.4512,0.0389,ACS 5-year 2017 (B19083)
2017,2013–2017,"Belfast city, Waldo County, Maine",03950,027,23,0.4559,0.0751,ACS 5-year 2017 (B19083)
2017,2013–2017,"Knox town, Waldo County, Maine",37585,027,23,0.3516,0.0553,ACS 5-year 2017 (B19083)
2017,2013–2017,"Belmont town, Waldo County, Maine",04125,027,23,0.3925,0.0361,ACS 5-year 2017 (B19083)
2017,2013–2017,"Brooks town, Waldo County, Maine",07870,027,23,0.3826,0.0511,ACS 5-year 2017 (B19083)
2017,2013–2017,"Frankfort town, Waldo County, Maine",26280,027,23,0.3853,0.0444,ACS 5-year 2017 (B19083)
2017,2013–2017,"Monroe town, Waldo County, Maine",46475,027,23,0.4409,0.0390,ACS 5-year 2017 (B19083)
2017,2013–2017,"Waldo town, Waldo County, Maine",79480,027,23,0.3797,0.0362,ACS 5-year 2017 (B19083)
2017,2013–2017,"Montville town, Waldo County, Maine",46790,027,23,0.3197,0.0314,ACS 5-year 2017 (B19083)
2017,2013–2017,"Palermo town, Waldo County, Maine",56450,027,23,0.5330,0.1140,ACS 5-year 2017 (B19083)
2017,2013–2017,"Prospect town, Waldo County, Maine",61210,027,23,0.3103,0.0430,ACS 5-year 2017 (B19083)
2017,2013–2017,"Searsmont town, Waldo County, Maine",66565,027,23,0.4149,0.0472,ACS 5-year 2017 (B19083)
2017,2013–2017,"Stockton Springs town, Waldo County, Maine",74475,027,23,0.4695,0.0724,ACS 5-year 2017 (B19083)
2017,2013–2017,"Troy town, Waldo County, Maine",77625,027,23,0.3718,0.0347,ACS 5-year 2017 (B19083)
2017,2013–2017,"Northport town, Waldo County, Maine",52845,027,23,0.4835,0.0536,ACS 5-year 2017 (B19083)
2017,2013–2017,"Unity town, Waldo County, Maine",78255,027,23,0.4740,0.0493,ACS 5-year 2017 (B19083)
2017,2013–2017,"Freedom town, Waldo County, Maine",26420,027,23,0.4394,0.1061,ACS 5-year 2017 (B19083)
2017,2013–2017,"Islesboro town, Waldo County, Maine",35240,027,23,0.5626,0.0598,ACS 5-year 2017 (B19083)
2017,2013–2017,"Liberty town, Waldo County, Maine",39055,027,23,0.4130,0.0455,ACS 5-year 2017 (B19083)
2017,2013–2017,"Lincolnville town, Waldo County, Maine",39755,027,23,0.4467,0.0634,ACS 5-year 2017 (B19083)
2017,2013–2017,"Jackson town, Waldo County, Maine",35450,027,23,0.3493,0.0469,ACS 5-year 2017 (B19083)
2017,2013–2017,"Swanville town, Waldo County, Maine",75525,027,23,0.4595,0.0757,ACS 5-year 2017 (B19083)
2017,2013–2017,"Winterport town, Waldo County, Maine",86760,027,23,0.3455,0.0447,ACS 5-year 2017 (B19083)
2017,2013–2017,"Morrill town, Waldo County, Maine",47245,027,23,0.3911,0.0519,ACS 5-year 2017 (B19083)
2017,2013–2017,"Burnham town, Waldo County, Maine",09270,027,23,0.4934,0.0790,ACS 5-year 2017 (B19083)
2017,2013–2017,"Searsport town, Waldo County, Maine",66635,027,23,0.4196,0.0466,ACS 5-year 2017 (B19083)
2017,2013–2017,"Thorndike town, Waldo County, Maine",76610,027,23,0.4444,0.0488,ACS 5-year 2017 (B19083)
2017,2013–2017,"Burlington town, Penobscot County, Maine",09200,019,23,0.4656,0.0870,ACS 5-year 2017 (B19083)
2017,2013–2017,"Brewer city, Penobscot County, Maine",06925,019,23,0.4227,0.0751,ACS 5-year 2017 (B19083)
2017,2013–2017,"Corinna town, Penobscot County, Maine",14310,019,23,0.4350,0.0377,ACS 5-year 2017 (B19083)
2017,2013–2017,"Dexter town, Penobscot County, Maine",17530,019,23,0.4403,0.0518,ACS 5-year 2017 (B19083)
2017,2013–2017,"Augusta city, Kennebec County, Maine",02100,011,23,0.4301,0.0218,ACS 5-year 2017 (B19083)
2017,2013–2017,"Clinton town, Kennebec County, Maine",13470,011,23,0.3564,0.0475,ACS 5-year 2017 (B19083)
2017,2013–2017,"Litchfield town, Kennebec County, Maine",40175,011,23,0.3711,0.0362,ACS 5-year 2017 (B19083)
2017,2013–2017,"Pittston town, Kennebec County, Maine",59110,011,23,0.3507,0.0287,ACS 5-year 2017 (B19083)
2017,2013–2017,"Gardiner city, Kennebec County, Maine",27085,011,23,0.4127,0.0288,ACS 5-year 2017 (B19083)
2017,2013–2017,"Chelsea town, Kennebec County, Maine",12350,011,23,0.3846,0.0333,ACS 5-year 2017 (B19083)
2017,2013–2017,"Wayne town, Kennebec County, Maine",80880,011,23,0.4458,0.0777,ACS 5-year 2017 (B19083)
2017,2013–2017,"Winslow town, Kennebec County, Maine",86515,011,23,0.4109,0.0245,ACS 5-year 2017 (B19083)
2017,2013–2017,"Randolph town, Kennebec County, Maine",61700,011,23,0.4400,0.0589,ACS 5-year 2017 (B19083)
2017,2013–2017,"Otis town, Hancock County, Maine",55890,009,23,0.4565,0.0895,ACS 5-year 2017 (B19083)
2017,2013–2017,"Deer Isle town, Hancock County, Maine",17145,009,23,0.5339,0.0859,ACS 5-year 2017 (B19083)
2017,2013–2017,"Osborn town, Hancock County, Maine",55855,009,23,0.3983,0.0802,ACS 5-year 2017 (B19083)
2017,2013–2017,"Sorrento town, Hancock County, Maine",69750,009,23,0.3579,0.0979,ACS 5-year 2017 (B19083)
2017,2013–2017,"Stonington town, Hancock County, Maine",74580,009,23,0.4294,0.0394,ACS 5-year 2017 (B19083)
2017,2013–2017,"Sullivan town, Hancock County, Maine",74965,009,23,0.4293,0.0426,ACS 5-year 2017 (B19083)
2017,2013–2017,"Swans Island town, Hancock County, Maine",75455,009,23,0.3907,0.0567,ACS 5-year 2017 (B19083)
2017,2013–2017,"Aurora town, Hancock County, Maine",02165,009,23,0.3764,0.1088,ACS 5-year 2017 (B19083)
2017,2013–2017,"Sedgwick town, Hancock County, Maine",67300,009,23,0.4772,0.0632,ACS 5-year 2017 (B19083)
2017,2013–2017,"Tremont town, Hancock County, Maine",77345,009,23,0.4364,0.0577,ACS 5-year 2017 (B19083)
2017,2013–2017,"Brooksville town, Hancock County, Maine",07975,009,23,0.4833,0.0549,ACS 5-year 2017 (B19083)
2017,2013–2017,"Castine town, Hancock County, Maine",11265,009,23,0.4815,0.0477,ACS 5-year 2017 (B19083)
2017,2013–2017,"Surry town, Hancock County, Maine",75280,009,23,0.4658,0.0527,ACS 5-year 2017 (B19083)
2017,2013–2017,"Franklin town, Hancock County, Maine",26350,009,23,0.3827,0.0414,ACS 5-year 2017 (B19083)
2017,2013–2017,"Bar Harbor town, Hancock County, Maine",02865,009,23,0.4388,0.0440,ACS 5-year 2017 (B19083)
2017,2013–2017,"East Hancock UT, Hancock County, Maine",20405,009,23,0.3318,0.1409,ACS 5-year 2017 (B19083)
2017,2013–2017,"Ellsworth city, Hancock County, Maine",23200,009,23,0.4357,0.0387,ACS 5-year 2017 (B19083)
2017,2013–2017,"Brooklin town, Hancock County, Maine",07800,009,23,0.4976,0.0679,ACS 5-year 2017 (B19083)
2017,2013–2017,"Mariaville town, Hancock County, Maine",43430,009,23,0.4350,0.0886,ACS 5-year 2017 (B19083)
2017,2013–2017,"Blue Hill town, Hancock County, Maine",05700,009,23,0.4909,0.0735,ACS 5-year 2017 (B19083)
2017,2013–2017,"Dover-Foxcroft town, Piscataquis County, Maine",18195,021,23,0.4155,0.0405,ACS 5-year 2017 (B19083)
2017,2013–2017,"Greenville town, Piscataquis County, Maine",29535,021,23,0.4094,0.0614,ACS 5-year 2017 (B19083)
2017,2013–2017,"Lake View plantation, Piscataquis County, Maine",37970,021,23,0.4120,0.0944,ACS 5-year 2017 (B19083)
2017,2013–2017,"Southeast Piscataquis UT, Piscataquis County, Maine",70655,021,23,0.4282,0.0668,ACS 5-year 2017 (B19083)
2017,2013–2017,"Wellington town, Piscataquis County, Maine",81405,021,23,0.5550,0.1523,ACS 5-year 2017 (B19083)
2017,2013–2017,"Monson town, Piscataquis County, Maine",46580,021,23,0.4933,0.0813,ACS 5-year 2017 (B19083)
2017,2013–2017,"Sebec town, Piscataquis County, Maine",66950,021,23,0.4792,0.0880,ACS 5-year 2017 (B19083)
2017,2013–2017,"Leeds town, Androscoggin County, Maine",38565,001,23,0.3818,0.0437,ACS 5-year 2017 (B19083)
2017,2013–2017,"Minot town, Androscoggin County, Maine",46160,001,23,0.4375,0.1233,ACS 5-year 2017 (B19083)
2017,2013–2017,"Livermore town, Androscoggin County, Maine",40665,001,23,0.4012,0.0494,ACS 5-year 2017 (B19083)
2017,2013–2017,"Sabattus town, Androscoggin County, Maine",64570,001,23,0.3360,0.0368,ACS 5-year 2017 (B19083)
2017,2013–2017,"Durham town, Androscoggin County, Maine",19105,001,23,0.3529,0.0341,ACS 5-year 2017 (B19083)
2017,2013–2017,"Wales town, Androscoggin County, Maine",79585,001,23,0.3395,0.0334,ACS 5-year 2017 (B19083)
2017,2013–2017,"Auburn city, Androscoggin County, Maine",02060,001,23,0.4317,0.0197,ACS 5-year 2017 (B19083)
2017,2013–2017,"Greene town, Androscoggin County, Maine",29255,001,23,0.3533,0.0419,ACS 5-year 2017 (B19083)
2017,2013–2017,"Lewiston city, Androscoggin County, Maine",38740,001,23,0.4576,0.0270,ACS 5-year 2017 (B19083)
2017,2013–2017,"Lisbon town, Androscoggin County, Maine",40035,001,23,0.3891,0.0334,ACS 5-year 2017 (B19083)
2017,2013–2017,"Turner town, Androscoggin County, Maine",77800,001,23,0.3825,0.0392,ACS 5-year 2017 (B19083)
2017,2013–2017,"Poland town, Androscoggin County, Maine",60020,001,23,0.3428,0.0368,ACS 5-year 2017 (B19083)
2017,2013–2017,"Mechanic Falls town, Androscoggin County, Maine",44585,001,23,0.3937,0.0647,ACS 5-year 2017 (B19083)
2017,2013–2017,"Livermore Falls town, Androscoggin County, Maine",40770,001,23,0.4232,0.0440,ACS 5-year 2017 (B19083)
2017,2013–2017,"South Aroostook UT, Aroostook County, Maine",69930,003,23,0.4008,0.0610,ACS 5-year 2017 (B19083)
2017,2013–2017,"Cary plantation, Aroostook County, Maine",11020,003,23,0.4401,0.0955,ACS 5-year 2017 (B19083)
2017,2013–2017,"Castle Hill town, Aroostook County, Maine",11300,003,23,0.3748,0.0659,ACS 5-year 2017 (B19083)
2017,2013–2017,"Connor UT, Aroostook County, Maine",13900,003,23,0.5563,0.0919,ACS 5-year 2017 (B19083)
2017,2013–2017,"Fort Fairfield town, Aroostook County, Maine",25615,003,23,0.5616,0.0517,ACS 5-year 2017 (B19083)
2017,2013–2017,"Hodgdon town, Aroostook County, Maine",33385,003,23,0.3794,0.0332,ACS 5-year 2017 (B19083)
2017,2013–2017,"Houlton town, Aroostook County, Maine",33980,003,23,0.4589,0.0384,ACS 5-year 2017 (B19083)
2017,2013–2017,"Oakfield town, Aroostook County, Maine",54385,003,23,0.3341,0.0371,ACS 5-year 2017 (B19083)
2017,2013–2017,"Van Buren town, Aroostook County, Maine",78570,003,23,0.4741,0.0374,ACS 5-year 2017 (B19083)
2017,2013–2017,"Washburn town, Aroostook County, Maine",80285,003,23,0.4282,0.0424,ACS 5-year 2017 (B19083)
2017,2013–2017,"Westmanland town, Aroostook County, Maine",83540,003,23,0.3586,0.0722,ACS 5-year 2017 (B19083)
2017,2013–2017,"Woodland town, Aroostook County, Maine",87215,003,23,0.3821,0.0344,ACS 5-year 2017 (B19083)
2017,2013–2017,"Bridgewater town, Aroostook County, Maine",07065,003,23,0.4412,0.0667,ACS 5-year 2017 (B19083)
2017,2013–2017,"Chapman town, Aroostook County, Maine",12000,003,23,0.3045,0.0566,ACS 5-year 2017 (B19083)
2017,2013–2017,"Ludlow town, Aroostook County, Maine",41715,003,23,0.4468,0.1165,ACS 5-year 2017 (B19083)
2017,2013–2017,"Macwahoc plantation, Aroostook County, Maine",42450,003,23,0.2935,0.1034,ACS 5-year 2017 (B19083)
2017,2013–2017,"Sherman town, Aroostook County, Maine",67790,003,23,0.4037,0.0342,ACS 5-year 2017 (B19083)
2017,2013–2017,"Dedham town, Hancock County, Maine",16935,009,23,0.5186,0.0982,ACS 5-year 2017 (B19083)
2017,2013–2017,"Great Pond town, Hancock County, Maine",28975,009,23,0.4492,0.2002,ACS 5-year 2017 (B19083)
2017,2013–2017,"Hancock town, Hancock County, Maine",30970,009,23,0.4122,0.0470,ACS 5-year 2017 (B19083)
2017,2013–2017,"Mount Desert town, Hancock County, Maine",47630,009,23,0.4481,0.0709,ACS 5-year 2017 (B19083)
2017,2013–2017,"Trenton town, Hancock County, Maine",77415,009,23,0.4452,0.0848,ACS 5-year 2017 (B19083)
2017,2013–2017,"Eastbrook town, Hancock County, Maine",19770,009,23,0.3642,0.0536,ACS 5-year 2017 (B19083)
2017,2013–2017,"Frenchboro town, Hancock County, Maine",26595,009,23,0.3875,0.2512,ACS 5-year 2017 (B19083)
2017,2013–2017,"Bremen town, Lincoln County, Maine",06855,015,23,0.3903,0.0487,ACS 5-year 2017 (B19083)
2017,2013–2017,"Boothbay town, Lincoln County, Maine",06050,015,23,0.4374,0.0565,ACS 5-year 2017 (B19083)
2017,2013–2017,"Sidney town, Kennebec County, Maine",68385,011,23,0.3756,0.0357,ACS 5-year 2017 (B19083)
2018,2014–2018,"Moose River town, Somerset County, Maine",47140,025,23,0.4652,0.0680,ACS 5-year 2018 (B19083)
2018,2014–2018,"Pittsfield town, Somerset County, Maine",59005,025,23,0.4190,0.0410,ACS 5-year 2018 (B19083)
2018,2014–2018,"Detroit town, Somerset County, Maine",17460,025,23,0.5304,0.0626,ACS 5-year 2018 (B19083)
2018,2014–2018,"Athens town, Somerset County, Maine",01885,025,23,0.4063,0.0420,ACS 5-year 2018 (B19083)
2018,2014–2018,"Harmony town, Somerset County, Maine",31355,025,23,0.3880,0.0374,ACS 5-year 2018 (B19083)
2018,2014–2018,"Mercer town, Somerset County, Maine",45110,025,23,0.4524,0.1191,ACS 5-year 2018 (B19083)
2018,2014–2018,"Norridgewock town, Somerset County, Maine",49835,025,23,0.4241,0.0727,ACS 5-year 2018 (B19083)
2018,2014–2018,"Northeast Somerset UT, Somerset County, Maine",51114,025,23,0.4523,0.0441,ACS 5-year 2018 (B19083)
2018,2014–2018,"Ripley town, Somerset County, Maine",62995,025,23,0.3809,0.0691,ACS 5-year 2018 (B19083)
2018,2014–2018,"Cornville town, Somerset County, Maine",14555,025,23,0.4680,0.0578,ACS 5-year 2018 (B19083)
2018,2014–2018,"Starks town, Somerset County, Maine",73845,025,23,0.3998,0.0553,ACS 5-year 2018 (B19083)
2018,2014–2018,"The Forks plantation, Somerset County, Maine",76190,025,23,0.3300,0.1074,ACS 5-year 2018 (B19083)
2018,2014–2018,"Cambridge town, Somerset County, Maine",09655,025,23,0.4891,0.0699,ACS 5-year 2018 (B19083)
2018,2014–2018,"Highland plantation, Somerset County, Maine",32895,025,23,0.3467,0.0922,ACS 5-year 2018 (B19083)
2018,2014–2018,"Jackman town, Somerset County, Maine",35345,025,23,0.4129,0.0467,ACS 5-year 2018 (B19083)
2018,2014–2018,"Island Falls town, Aroostook County, Maine",35065,003,23,0.4668,0.0490,ACS 5-year 2018 (B19083)
2018,2014–2018,"Littleton town, Aroostook County, Maine",40595,003,23,0.3921,0.0327,ACS 5-year 2018 (B19083)
2018,2014–2018,"Masardis town, Aroostook County, Maine",43990,003,23,0.3557,0.0500,ACS 5-year 2018 (B19083)
2018,2014–2018,"Portage Lake town, Aroostook County, Maine",60300,003,23,0.3592,0.0301,ACS 5-year 2018 (B19083)
2018,2014–2018,"Presque Isle city, Aroostook County, Maine",60825,003,23,0.5218,0.0398,ACS 5-year 2018 (B19083)
2018,2014–2018,"Reed plantation, Aroostook County, Maine",62400,003,23,0.4924,0.0968,ACS 5-year 2018 (B19083)
2018,2014–2018,"St. Francis town, Aroostook County, Maine",65025,003,23,0.3891,0.0553,ACS 5-year 2018 (B19083)
2018,2014–2018,"Bancroft town, Aroostook County, Maine",02760,003,23,0.3963,0.1357,ACS 5-year 2018 (B19083)
2018,2014–2018,"Blaine town, Aroostook County, Maine",05385,003,23,0.4283,0.0773,ACS 5-year 2018 (B19083)
2018,2014–2018,"Caribou city, Aroostook County, Maine",10565,003,23,0.4613,0.0332,ACS 5-year 2018 (B19083)
2018,2014–2018,"Eagle Lake town, Aroostook County, Maine",19420,003,23,0.4609,0.0785,ACS 5-year 2018 (B19083)
2018,2014–2018,"Cary plantation, Aroostook County, Maine",11020,003,23,0.5051,0.0930,ACS 5-year 2018 (B19083)
2018,2014–2018,"Solon town, Somerset County, Maine",69505,025,23,0.3453,0.0389,ACS 5-year 2018 (B19083)
2018,2014–2018,"Lee town, Penobscot County, Maine",38530,019,23,0.4614,0.0499,ACS 5-year 2018 (B19083)
2018,2014–2018,"Hudson town, Penobscot County, Maine",34365,019,23,0.3623,0.0399,ACS 5-year 2018 (B19083)
2018,2014–2018,"Hampden town, Penobscot County, Maine",30795,019,23,0.3949,0.0485,ACS 5-year 2018 (B19083)
2018,2014–2018,"Lincoln town, Penobscot County, Maine",39475,019,23,0.4941,0.0761,ACS 5-year 2018 (B19083)
2018,2014–2018,"Millinocket town, Penobscot County, Maine",45810,019,23,0.4963,0.1086,ACS 5-year 2018 (B19083)
2018,2014–2018,"Orono town, Penobscot County, Maine",55565,019,23,0.5012,0.0296,ACS 5-year 2018 (B19083)
2018,2014–2018,"Whitney UT, Penobscot County, Maine",85230,019,23,-666666666.0000,-222222222.0000,ACS 5-year 2018 (B19083)
2018,2014–2018,"North Penobscot UT, Penobscot County, Maine",52710,019,23,0.4111,0.0627,ACS 5-year 2018 (B19083)
2018,2014–2018,"Winn town, Penobscot County, Maine",86305,019,23,0.3867,0.0564,ACS 5-year 2018 (B19083)
2018,2014–2018,"Alton town, Penobscot County, Maine",01115,019,23,0.3954,0.0658,ACS 5-year 2018 (B19083)
2018,2014–2018,"Bangor city, Penobscot County, Maine",02795,019,23,0.5031,0.0245,ACS 5-year 2018 (B19083)
2018,2014–2018,"Edinburg town, Penobscot County, Maine",22710,019,23,0.3750,0.0543,ACS 5-year 2018 (B19083)
2018,2014–2018,"Enfield town, Penobscot County, Maine",23620,019,23,0.4000,0.0625,ACS 5-year 2018 (B19083)
2018,2014–2018,"Greenbush town, Penobscot County, Maine",29185,019,23,0.4795,0.0886,ACS 5-year 2018 (B19083)
2018,2014–2018,"Etna town, Penobscot County, Maine",23865,019,23,0.3600,0.0449,ACS 5-year 2018 (B19083)
2018,2014–2018,"Patten town, Penobscot County, Maine",57150,019,23,0.4097,0.0517,ACS 5-year 2018 (B19083)
2018,2014–2018,"Plymouth town, Penobscot County, Maine",59950,019,23,0.4150,0.0726,ACS 5-year 2018 (B19083)
2018,2014–2018,"Webster plantation, Penobscot County, Maine",81055,019,23,0.4350,0.1315,ACS 5-year 2018 (B19083)
2018,2014–2018,"Lagrange town, Penobscot County, Maine",37760,019,23,0.4125,0.0381,ACS 5-year 2018 (B19083)
2018,2014–2018,"Mattawamkeag town, Penobscot County, Maine",44270,019,23,0.4191,0.0287,ACS 5-year 2018 (B19083)
2018,2014–2018,"Eddington town, Penobscot County, Maine",22535,019,23,0.3598,0.0335,ACS 5-year 2018 (B19083)
2018,2014–2018,"Dixmont town, Penobscot County, Maine",17950,019,23,0.4017,0.0439,ACS 5-year 2018 (B19083)
2018,2014–2018,"East Central Penobscot UT, Penobscot County, Maine",19868,019,23,0.4207,0.0983,ACS 5-year 2018 (B19083)
2018,2014–2018,"Hermon town, Penobscot County, Maine",32510,019,23,0.3364,0.0396,ACS 5-year 2018 (B19083)
2018,2014–2018,"Levant town, Penobscot County, Maine",38705,019,23,0.3542,0.0545,ACS 5-year 2018 (B19083)
2018,2014–2018,"Medway town, Penobscot County, Maine",45005,019,23,0.3812,0.0401,ACS 5-year 2018 (B19083)
2018,2014–2018,"Old Town city, Penobscot County, Maine",55225,019,23,0.4797,0.0502,ACS 5-year 2018 (B19083)
2018,2014–2018,"Glenburn town, Penobscot County, Maine",27645,019,23,0.3858,0.0397,ACS 5-year 2018 (B19083)
2018,2014–2018,"Cutler town, Washington County, Maine",15920,029,23,0.4401,0.1315,ACS 5-year 2018 (B19083)
2018,2014–2018,"Dennysville town, Washington County, Maine",17355,029,23,0.4842,0.0660,ACS 5-year 2018 (B19083)
2018,2014–2018,"Vanceboro town, Washington County, Maine",78675,029,23,0.3131,0.0489,ACS 5-year 2018 (B19083)
2018,2014–2018,"Waite town, Washington County, Maine",79375,029,23,0.3513,0.1214,ACS 5-year 2018 (B19083)
2018,2014–2018,"Bowdoin town, Sagadahoc County, Maine",06260,023,23,0.4002,0.0453,ACS 5-year 2018 (B19083)
2018,2014–2018,"Limerick town, York County, Maine",39195,031,23,0.4386,0.0469,ACS 5-year 2018 (B19083)
2018,2014–2018,"Newfield town, York County, Maine",48750,031,23,0.3604,0.0420,ACS 5-year 2018 (B19083)
2018,2014–2018,"York town, York County, Maine",87985,031,23,0.4542,0.0435,ACS 5-year 2018 (B19083)
2018,2014–2018,"Lyman town, York County, Maine",41750,031,23,0.3604,0.0590,ACS 5-year 2018 (B19083)
2018,2014–2018,"Buxton town, York County, Maine",09410,031,23,0.4085,0.0684,ACS 5-year 2018 (B19083)
2018,2014–2018,"Dayton town, York County, Maine",16725,031,23,0.3069,0.0261,ACS 5-year 2018 (B19083)
2018,2014–2018,"Limington town, York County, Maine",39405,031,23,0.3525,0.0373,ACS 5-year 2018 (B19083)
2018,2014–2018,"Ogunquit town, York County, Maine",54980,031,23,0.4173,0.0445,ACS 5-year 2018 (B19083)
2018,2014–2018,"Saco city, York County, Maine",64675,031,23,0.3974,0.0325,ACS 5-year 2018 (B19083)
2018,2014–2018,"Alfred town, York County, Maine",00730,031,23,0.3881,0.0366,ACS 5-year 2018 (B19083)
2018,2014–2018,"Biddeford city, York County, Maine",04860,031,23,0.4529,0.0340,ACS 5-year 2018 (B19083)
2018,2014–2018,"Eliot town, York County, Maine",22955,031,23,0.3488,0.0285,ACS 5-year 2018 (B19083)
2018,2014–2018,"Kennebunk town, York County, Maine",36535,031,23,0.4835,0.0418,ACS 5-year 2018 (B19083)
2018,2014–2018,"North Berwick town, York County, Maine",50325,031,23,0.3712,0.0307,ACS 5-year 2018 (B19083)
2018,2014–2018,"Shapleigh town, York County, Maine",67475,031,23,0.2858,0.0291,ACS 5-year 2018 (B19083)
2018,2014–2018,"Waterboro town, York County, Maine",80530,031,23,0.3566,0.0472,ACS 5-year 2018 (B19083)
2018,2014–2018,"Kennebunkport town, York County, Maine",36745,031,23,0.4575,0.0445,ACS 5-year 2018 (B19083)
2018,2014–2018,"Peru town, Oxford County, Maine",58270,017,23,0.3833,0.0356,ACS 5-year 2018 (B19083)
2018,2014–2018,"Gilead town, Oxford County, Maine",27505,017,23,0.3588,0.0746,ACS 5-year 2018 (B19083)
2018,2014–2018,"Milton UT, Oxford County, Maine",46105,017,23,0.3684,0.0898,ACS 5-year 2018 (B19083)
2018,2014–2018,"Norway town, Oxford County, Maine",54000,017,23,0.4158,0.0371,ACS 5-year 2018 (B19083)
2018,2014–2018,"Buckfield town, Oxford County, Maine",08710,017,23,0.4051,0.0490,ACS 5-year 2018 (B19083)
2018,2014–2018,"Byron town, Oxford County, Maine",09550,017,23,0.4954,0.1300,ACS 5-year 2018 (B19083)
2018,2014–2018,"Paris town, Oxford County, Maine",56625,017,23,0.4143,0.0459,ACS 5-year 2018 (B19083)
2018,2014–2018,"Milbridge town, Washington County, Maine",45600,029,23,0.4446,0.0490,ACS 5-year 2018 (B19083)
2018,2014–2018,"Harrington town, Washington County, Maine",31530,029,23,0.3539,0.0418,ACS 5-year 2018 (B19083)
2018,2014–2018,"Machias town, Washington County, Maine",41960,029,23,0.4882,0.0394,ACS 5-year 2018 (B19083)
2018,2014–2018,"Corinth town, Penobscot County, Maine",14380,019,23,0.3911,0.0510,ACS 5-year 2018 (B19083)
2018,2014–2018,"Carroll plantation, Penobscot County, Maine",10810,019,23,0.4279,0.0785,ACS 5-year 2018 (B19083)
2018,2014–2018,"Clifton town, Penobscot County, Maine",13365,019,23,0.3930,0.0653,ACS 5-year 2018 (B19083)
2018,2014–2018,"Garland town, Penobscot County, Maine",27190,019,23,0.4373,0.0626,ACS 5-year 2018 (B19083)
2018,2014–2018,"Stetson town, Penobscot County, Maine",74055,019,23,0.4124,0.0560,ACS 5-year 2018 (B19083)
2018,2014–2018,"Carmel town, Penobscot County, Maine",10670,019,23,0.3274,0.0326,ACS 5-year 2018 (B19083)
2018,2014–2018,"Woodville town, Penobscot County, Maine",87390,019,23,0.3713,0.0710,ACS 5-year 2018 (B19083)
2018,2014–2018,"Chester town, Penobscot County, Maine",12525,019,23,0.4480,0.0610,ACS 5-year 2018 (B19083)
2018,2014–2018,"Kenduskeag town, Penobscot County, Maine",36325,019,23,0.3594,0.0412,ACS 5-year 2018 (B19083)
2018,2014–2018,"Stacyville town, Penobscot County, Maine",73600,019,23,0.4112,0.0521,ACS 5-year 2018 (B19083)
2018,2014–2018,"Argyle UT, Penobscot County, Maine",01500,019,23,0.4010,0.0786,ACS 5-year 2018 (B19083)
2018,2014–2018,"Blanchard UT, Piscataquis County, Maine",05560,021,23,0.3972,0.1187,ACS 5-year 2018 (B19083)
2018,2014–2018,"Northeast Piscataquis UT, Piscataquis County, Maine",51105,021,23,0.4541,0.0898,ACS 5-year 2018 (B19083)
2018,2014–2018,"Atkinson town, Piscataquis County, Maine",01920,021,23,0.5422,0.1319,ACS 5-year 2018 (B19083)
2018,2014–2018,"Sangerville town, Piscataquis County, Maine",65865,021,23,0.4273,0.0377,ACS 5-year 2018 (B19083)
2018,2014–2018,"Shirley town, Piscataquis County, Maine",68140,021,23,0.4251,0.0713,ACS 5-year 2018 (B19083)
2018,2014–2018,"Kingsbury plantation, Piscataquis County, Maine",37095,021,23,-666666666.0000,-222222222.0000,ACS 5-year 2018 (B19083)
2018,2014–2018,"Northwest Piscataquis UT, Piscataquis County, Maine",53628,021,23,0.4008,0.1322,ACS 5-year 2018 (B19083)
2018,2014–2018,"Parkman town, Piscataquis County, Maine",56765,021,23,0.4100,0.0316,ACS 5-year 2018 (B19083)
2018,2014–2018,"Bowerbank town, Piscataquis County, Maine",06400,021,23,0.3877,0.0483,ACS 5-year 2018 (B19083)
2018,2014–2018,"Medford town, Piscataquis County, Maine",44830,021,23,0.3368,0.0763,ACS 5-year 2018 (B19083)
2018,2014–2018,"Beaver Cove town, Piscataquis County, Maine",03740,021,23,0.2732,0.1053,ACS 5-year 2018 (B19083)
2018,2014–2018,"Brownville town, Piscataquis County, Maine",08325,021,23,0.3802,0.0396,ACS 5-year 2018 (B19083)
2018,2014–2018,"Hersey town, Aroostook County, Maine",32685,003,23,0.4886,0.1529,ACS 5-year 2018 (B19083)
2018,2014–2018,"Ashland town, Aroostook County, Maine",01710,003,23,0.3678,0.0382,ACS 5-year 2018 (B19083)
2018,2014–2018,"Garfield plantation, Aroostook County, Maine",27120,003,23,0.3230,0.1097,ACS 5-year 2018 (B19083)
2018,2014–2018,"New Canada town, Aroostook County, Maine",48575,003,23,0.4126,0.0720,ACS 5-year 2018 (B19083)
2018,2014–2018,"Square Lake UT, Aroostook County, Maine",73472,003,23,0.4234,0.0408,ACS 5-year 2018 (B19083)
2018,2014–2018,"Cyr plantation, Aroostook County, Maine",15990,003,23,0.3842,0.1264,ACS 5-year 2018 (B19083)
2018,2014–2018,"Frenchville town, Aroostook County, Maine",26735,003,23,0.3624,0.0406,ACS 5-year 2018 (B19083)
2018,2014–2018,"Madawaska town, Aroostook County, Maine",42520,003,23,0.4126,0.0365,ACS 5-year 2018 (B19083)
2018,2014–2018,"Mars Hill town, Aroostook County, Maine",43710,003,23,0.4951,0.0592,ACS 5-year 2018 (B19083)
2018,2014–2018,"Nashville plantation, Aroostook County, Maine",48120,003,23,0.3806,0.1877,ACS 5-year 2018 (B19083)
2018,2014–2018,"Crystal town, Aroostook County, Maine",15395,003,23,0.4129,0.0757,ACS 5-year 2018 (B19083)
2018,2014–2018,"Dyer Brook town, Aroostook County, Maine",19210,003,23,0.2846,0.0556,ACS 5-year 2018 (B19083)
2018,2014–2018,"Grand Isle town, Aroostook County, Maine",28590,003,23,0.4567,0.0466,ACS 5-year 2018 (B19083)
2018,2014–2018,"Penobscot Indian Island Reservation, Aroostook County, Maine",57936,003,23,-666666666.0000,-222222222.0000,ACS 5-year 2018 (B19083)
2018,2014–2018,"St. Agatha town, Aroostook County, Maine",64780,003,23,0.4930,0.0669,ACS 5-year 2018 (B19083)
2018,2014–2018,"Wade town, Aroostook County, Maine",79270,003,23,0.3887,0.0737,ACS 5-year 2018 (B19083)
2018,2014–2018,"Wallagrass town, Aroostook County, Maine",79865,003,23,0.3997,0.0405,ACS 5-year 2018 (B19083)
2018,2014–2018,"Allagash town, Aroostook County, Maine",00800,003,23,0.4992,0.0514,ACS 5-year 2018 (B19083)
2018,2014–2018,"Charleston town, Penobscot County, Maine",12105,019,23,0.4622,0.1474,ACS 5-year 2018 (B19083)
2018,2014–2018,"Georgetown town, Sagadahoc County, Maine",27295,023,23,0.4348,0.0618,ACS 5-year 2018 (B19083)
2018,2014–2018,"Arundel town, York County, Maine",01605,031,23,0.3877,0.0407,ACS 5-year 2018 (B19083)
2018,2014–2018,"Berwick town, York County, Maine",04720,031,23,0.3472,0.0446,ACS 5-year 2018 (B19083)
2018,2014–2018,"Cornish town, York County, Maine",14485,031,23,0.5767,0.0945,ACS 5-year 2018 (B19083)
2018,2014–2018,"Kittery town, York County, Maine",37270,031,23,0.4245,0.0299,ACS 5-year 2018 (B19083)
2018,2014–2018,"Falmouth town, Cumberland County, Maine",24495,005,23,0.4971,0.0504,ACS 5-year 2018 (B19083)
2018,2014–2018,"Gorham town, Cumberland County, Maine",28240,005,23,0.3842,0.0293,ACS 5-year 2018 (B19083)
2018,2014–2018,"Sebago town, Cumberland County, Maine",66775,005,23,0.4009,0.0498,ACS 5-year 2018 (B19083)
2018,2014–2018,"Baldwin town, Cumberland County, Maine",02655,005,23,0.3934,0.0412,ACS 5-year 2018 (B19083)
2018,2014–2018,"Cumberland town, Cumberland County, Maine",15430,005,23,0.4560,0.0580,ACS 5-year 2018 (B19083)
2018,2014–2018,"Naples town, Cumberland County, Maine",48085,005,23,0.3654,0.0491,ACS 5-year 2018 (B19083)
2018,2014–2018,"Casco town, Cumberland County, Maine",11125,005,23,0.4245,0.0511,ACS 5-year 2018 (B19083)
2018,2014–2018,"Bridgton town, Cumberland County, Maine",07170,005,23,0.3909,0.0513,ACS 5-year 2018 (B19083)
2018,2014–2018,"South Portland city, Cumberland County, Maine",71990,005,23,0.4381,0.0245,ACS 5-year 2018 (B19083)
2018,2014–2018,"Frye Island town, Cumberland County, Maine",27025,005,23,0.2761,0.0768,ACS 5-year 2018 (B19083)
2018,2014–2018,"Appleton town, Knox County, Maine",01465,013,23,0.3990,0.0367,ACS 5-year 2018 (B19083)
2018,2014–2018,"Criehaven UT, Knox County, Maine",15125,013,23,-666666666.0000,-222222222.0000,ACS 5-year 2018 (B19083)
2018,2014–2018,"Union town, Knox County, Maine",78115,013,23,0.3368,0.0383,ACS 5-year 2018 (B19083)
2018,2014–2018,"Cushing town, Knox County, Maine",15780,013,23,0.3937,0.0372,ACS 5-year 2018 (B19083)
2018,2014–2018,"Isle au Haut town, Knox County, Maine",35135,013,23,0.2886,0.2045,ACS 5-year 2018 (B19083)
2018,2014–2018,"St. George town, Knox County, Maine",65130,013,23,0.4530,0.0648,ACS 5-year 2018 (B19083)
2018,2014–2018,"Warren town, Knox County, Maine",80215,013,23,0.3399,0.0559,ACS 5-year 2018 (B19083)
2018,2014–2018,"Matinicus Isle plantation, Knox County, Maine",44165,013,23,0.5737,0.1221,ACS 5-year 2018 (B19083)
2018,2014–2018,"Camden town, Knox County, Maine",09725,013,23,0.4353,0.0428,ACS 5-year 2018 (B19083)
2018,2014–2018,"Chebeague Island town, Cumberland County, Maine",12300,005,23,0.5670,0.0932,ACS 5-year 2018 (B19083)
2018,2014–2018,"Canton town, Oxford County, Maine",10005,017,23,0.4180,0.0400,ACS 5-year 2018 (B19083)
2018,2014–2018,"Wesley town, Washington County, Maine",81685,029,23,0.3751,0.0800,ACS 5-year 2018 (B19083)
2018,2014–2018,"Codyville plantation, Washington County, Maine",13610,029,23,0.1428,0.0592,ACS 5-year 2018 (B19083)
2018,2014–2018,"Topsham town, Sagadahoc County, Maine",76960,023,23,0.3839,0.0382,ACS 5-year 2018 (B19083)
2018,2014–2018,"Perkins UT, Sagadahoc County, Maine",58070,023,23,-666666666.0000,-222222222.0000,ACS 5-year 2018 (B19083)
2018,2014–2018,"Skowhegan town, Somerset County, Maine",68910,025,23,0.4326,0.0274,ACS 5-year 2018 (B19083)
2018,2014–2018,"Castine town, Hancock County, Maine",11265,009,23,0.4776,0.0651,ACS 5-year 2018 (B19083)
2018,2014–2018,"Surry town, Hancock County, Maine",75280,009,23,0.4709,0.0501,ACS 5-year 2018 (B19083)
2018,2014–2018,"Franklin town, Hancock County, Maine",26350,009,23,0.4116,0.0463,ACS 5-year 2018 (B19083)
2018,2014–2018,"Bar Harbor town, Hancock County, Maine",02865,009,23,0.4365,0.0399,ACS 5-year 2018 (B19083)
2018,2014–2018,"East Hancock UT, Hancock County, Maine",20405,009,23,0.3329,0.1378,ACS 5-year 2018 (B19083)
2018,2014–2018,"Ellsworth city, Hancock County, Maine",23200,009,23,0.4318,0.0384,ACS 5-year 2018 (B19083)
2018,2014–2018,"Brooklin town, Hancock County, Maine",07800,009,23,0.4869,0.0754,ACS 5-year 2018 (B19083)
2018,2014–2018,"Mariaville town, Hancock County, Maine",43430,009,23,0.4810,0.0700,ACS 5-year 2018 (B19083)
2018,2014–2018,"Blue Hill town, Hancock County, Maine",05700,009,23,0.4527,0.0655,ACS 5-year 2018 (B19083)
2018,2014–2018,"Twombly Ridge UT, Penobscot County, Maine",78015,019,23,-666666666.0000,-222222222.0000,ACS 5-year 2018 (B19083)
2018,2014–2018,"Penobscot Indian Island Reservation, Penobscot County, Maine",57936,019,23,0.4836,0.0438,ACS 5-year 2018 (B19083)
2018,2014–2018,"Castle Hill town, Aroostook County, Maine",11300,003,23,0.4117,0.0652,ACS 5-year 2018 (B19083)
2018,2014–2018,"Marshall Island UT, Hancock County, Maine",43578,009,23,-666666666.0000,-222222222.0000,ACS 5-year 2018 (B19083)
2018,2014–2018,"Sanford city, York County, Maine",65725,031,23,0.4241,0.0246,ACS 5-year 2018 (B19083)
2018,2014–2018,"Brooks town, Waldo County, Maine",07870,027,23,0.3575,0.0416,ACS 5-year 2018 (B19083)
2018,2014–2018,"Frankfort town, Waldo County, Maine",26280,027,23,0.3631,0.0381,ACS 5-year 2018 (B19083)
2018,2014–2018,"Monroe town, Waldo County, Maine",46475,027,23,0.4598,0.0496,ACS 5-year 2018 (B19083)
2018,2014–2018,"Waldo town, Waldo County, Maine",79480,027,23,0.4602,0.0850,ACS 5-year 2018 (B19083)
2018,2014–2018,"Montville town, Waldo County, Maine",46790,027,23,0.3332,0.0349,ACS 5-year 2018 (B19083)
2018,2014–2018,"Palermo town, Waldo County, Maine",56450,027,23,0.5052,0.1159,ACS 5-year 2018 (B19083)
2018,2014–2018,"Prospect town, Waldo County, Maine",61210,027,23,0.3800,0.0578,ACS 5-year 2018 (B19083)
2018,2014–2018,"Searsmont town, Waldo County, Maine",66565,027,23,0.3911,0.0433,ACS 5-year 2018 (B19083)
2018,2014–2018,"Stockton Springs town, Waldo County, Maine",74475,027,23,0.4513,0.0777,ACS 5-year 2018 (B19083)
2018,2014–2018,"Troy town, Waldo County, Maine",77625,027,23,0.3655,0.0327,ACS 5-year 2018 (B19083)
2018,2014–2018,"Northport town, Waldo County, Maine",52845,027,23,0.4770,0.0609,ACS 5-year 2018 (B19083)
2018,2014–2018,"Unity town, Waldo County, Maine",78255,027,23,0.4531,0.0477,ACS 5-year 2018 (B19083)
2018,2014–2018,"Freedom town, Waldo County, Maine",26420,027,23,0.3794,0.1211,ACS 5-year 2018 (B19083)
2018,2014–2018,"Islesboro town, Waldo County, Maine",35240,027,23,0.5535,0.0669,ACS 5-year 2018 (B19083)
2018,2014–2018,"Liberty town, Waldo County, Maine",39055,027,23,0.3915,0.0473,ACS 5-year 2018 (B19083)
2018,2014–2018,"Lincolnville town, Waldo County, Maine",39755,027,23,0.4457,0.0639,ACS 5-year 2018 (B19083)
2018,2014–2018,"Jackson town, Waldo County, Maine",35450,027,23,0.3550,0.0454,ACS 5-year 2018 (B19083)
2018,2014–2018,"Swanville town, Waldo County, Maine",75525,027,23,0.4737,0.0777,ACS 5-year 2018 (B19083)
2018,2014–2018,"Winterport town, Waldo County, Maine",86760,027,23,0.3752,0.0407,ACS 5-year 2018 (B19083)
2018,2014–2018,"Morrill town, Waldo County, Maine",47245,027,23,0.4164,0.0452,ACS 5-year 2018 (B19083)
2018,2014–2018,"Burnham town, Waldo County, Maine",09270,027,23,0.5262,0.0860,ACS 5-year 2018 (B19083)
2018,2014–2018,"Searsport town, Waldo County, Maine",66635,027,23,0.4305,0.0389,ACS 5-year 2018 (B19083)
2018,2014–2018,"Thorndike town, Waldo County, Maine",76610,027,23,0.4549,0.0532,ACS 5-year 2018 (B19083)
2018,2014–2018,"Brewer city, Penobscot County, Maine",06925,019,23,0.4196,0.0476,ACS 5-year 2018 (B19083)
2018,2014–2018,"Corinna town, Penobscot County, Maine",14310,019,23,0.4169,0.0314,ACS 5-year 2018 (B19083)
2018,2014–2018,"Dexter town, Penobscot County, Maine",17530,019,23,0.4117,0.0397,ACS 5-year 2018 (B19083)
2018,2014–2018,"Limestone town, Aroostook County, Maine",39300,003,23,0.3957,0.0452,ACS 5-year 2018 (B19083)
2018,2014–2018,"New Limerick town, Aroostook County, Maine",48960,003,23,0.4617,0.1265,ACS 5-year 2018 (B19083)
2018,2014–2018,"Weston town, Aroostook County, Maine",83785,003,23,0.3596,0.0696,ACS 5-year 2018 (B19083)
2018,2014–2018,"Amity town, Aroostook County, Maine",01220,003,23,0.4810,0.1690,ACS 5-year 2018 (B19083)
2018,2014–2018,"Merrill town, Aroostook County, Maine",45180,003,23,0.4022,0.0806,ACS 5-year 2018 (B19083)
2018,2014–2018,"Westfield town, Aroostook County, Maine",82770,003,23,0.4169,0.0562,ACS 5-year 2018 (B19083)
2018,2014–2018,"Haynesville town, Aroostook County, Maine",32195,003,23,0.4759,0.1036,ACS 5-year 2018 (B19083)
2018,2014–2018,"St. John plantation, Aroostook County, Maine",65200,003,23,0.4737,0.0651,ACS 5-year 2018 (B19083)
2018,2014–2018,"Fort Kent town, Aroostook County, Maine",25755,003,23,0.4331,0.0306,ACS 5-year 2018 (B19083)
2018,2014–2018,"Caswell town, Aroostook County, Maine",11335,003,23,0.4282,0.0411,ACS 5-year 2018 (B19083)
2018,2014–2018,"Northwest Aroostook UT, Aroostook County, Maine",53602,003,23,0.1197,0.1009,ACS 5-year 2018 (B19083)
2018,2014–2018,"Beddington town, Washington County, Maine",03810,029,23,0.4507,0.0964,ACS 5-year 2018 (B19083)
2018,2014–2018,"East Central Washington UT, Washington County, Maine",19870,029,23,0.4792,0.1059,ACS 5-year 2018 (B19083)
2018,2014–2018,"Eastport city, Washington County, Maine",21730,029,23,0.5479,0.0915,ACS 5-year 2018 (B19083)
2018,2014–2018,"Alexander town, Washington County, Maine",00660,029,23,0.3846,0.0511,ACS 5-year 2018 (B19083)
2018,2014–2018,"Columbia Falls town, Washington County, Maine",13820,029,23,0.3692,0.0497,ACS 5-year 2018 (B19083)
2018,2014–2018,"Deblois town, Washington County, Maine",16865,029,23,0.1970,0.0748,ACS 5-year 2018 (B19083)
2018,2014–2018,"Connor UT, Aroostook County, Maine",13900,003,23,0.5396,0.0737,ACS 5-year 2018 (B19083)
2018,2014–2018,"Fort Fairfield town, Aroostook County, Maine",25615,003,23,0.5033,0.0617,ACS 5-year 2018 (B19083)
2018,2014–2018,"Hodgdon town, Aroostook County, Maine",33385,003,23,0.4049,0.0440,ACS 5-year 2018 (B19083)
2018,2014–2018,"Houlton town, Aroostook County, Maine",33980,003,23,0.4794,0.0284,ACS 5-year 2018 (B19083)
2018,2014–2018,"Oakfield town, Aroostook County, Maine",54385,003,23,0.3839,0.0429,ACS 5-year 2018 (B19083)
2018,2014–2018,"Van Buren town, Aroostook County, Maine",78570,003,23,0.4684,0.0355,ACS 5-year 2018 (B19083)
2018,2014–2018,"Washburn town, Aroostook County, Maine",80285,003,23,0.4173,0.0394,ACS 5-year 2018 (B19083)
2018,2014–2018,"Westmanland town, Aroostook County, Maine",83540,003,23,0.3587,0.0858,ACS 5-year 2018 (B19083)
2018,2014–2018,"Woodland town, Aroostook County, Maine",87215,003,23,0.3964,0.0360,ACS 5-year 2018 (B19083)
2018,2014–2018,"Chapman town, Aroostook County, Maine",12000,003,23,0.3337,0.0478,ACS 5-year 2018 (B19083)
2018,2014–2018,"Ludlow town, Aroostook County, Maine",41715,003,23,0.4529,0.0994,ACS 5-year 2018 (B19083)
2018,2014–2018,"Sherman town, Aroostook County, Maine",67790,003,23,0.4128,0.0409,ACS 5-year 2018 (B19083)
2018,2014–2018,"Pownal town, Cumberland County, Maine",60685,005,23,0.3481,0.0404,ACS 5-year 2018 (B19083)
2018,2014–2018,"Yarmouth town, Cumberland County, Maine",87845,005,23,0.4916,0.0369,ACS 5-year 2018 (B19083)
2018,2014–2018,"Freeport town, Cumberland County, Maine",26525,005,23,0.4798,0.0817,ACS 5-year 2018 (B19083)
2018,2014–2018,"New Gloucester town, Cumberland County, Maine",48820,005,23,0.3177,0.0318,ACS 5-year 2018 (B19083)
2018,2014–2018,"Easton town, Aroostook County, Maine",21380,003,23,0.4379,0.0433,ACS 5-year 2018 (B19083)
2018,2014–2018,"Glenwood plantation, Aroostook County, Maine",27855,003,23,-666666666.0000,-222222222.0000,ACS 5-year 2018 (B19083)
2018,2014–2018,"Hamlin town, Aroostook County, Maine",30690,003,23,0.4956,0.0673,ACS 5-year 2018 (B19083)
2018,2014–2018,"New Portland town, Somerset County, Maine",49205,025,23,0.4167,0.0503,ACS 5-year 2018 (B19083)
2018,2014–2018,"Palmyra town, Somerset County, Maine",56520,025,23,0.3956,0.0321,ACS 5-year 2018 (B19083)
2018,2014–2018,"Embden town, Somerset County, Maine",23410,025,23,0.4554,0.0900,ACS 5-year 2018 (B19083)
2018,2014–2018,"Northwest Somerset UT, Somerset County, Maine",53636,025,23,-666666666.0000,-222222222.0000,ACS 5-year 2018 (B19083)
2018,2014–2018,"St. Albans town, Somerset County, Maine",64850,025,23,0.5047,0.1311,ACS 5-year 2018 (B19083)
2018,2014–2018,"Madison town, Somerset County, Maine",42660,025,23,0.4793,0.0682,ACS 5-year 2018 (B19083)
2018,2014–2018,"Anson town, Somerset County, Maine",01395,025,23,0.4132,0.0409,ACS 5-year 2018 (B19083)
2018,2014–2018,"Fairfield town, Somerset County, Maine",24320,025,23,0.4376,0.0352,ACS 5-year 2018 (B19083)
2018,2014–2018,"Hartland town, Somerset County, Maine",31740,025,23,0.4635,0.0327,ACS 5-year 2018 (B19083)
2018,2014–2018,"Moscow town, Somerset County, Maine",47455,025,23,0.3726,0.0502,ACS 5-year 2018 (B19083)
2018,2014–2018,"Seboomook Lake UT, Somerset County, Maine",67238,025,23,-666666666.0000,-222222222.0000,ACS 5-year 2018 (B19083)
2018,2014–2018,"Gouldsboro town, Hancock County, Maine",28450,009,23,0.5706,0.0625,ACS 5-year 2018 (B19083)
2018,2014–2018,"Northwest Hancock UT, Hancock County, Maine",53620,009,23,-666666666.0000,-222222222.0000,ACS 5-year 2018 (B19083)
2018,2014–2018,"Deer Isle town, Hancock County, Maine",17145,009,23,0.5528,0.0937,ACS 5-year 2018 (B19083)
2018,2014–2018,"Hancock town, Hancock County, Maine",30970,009,23,0.4993,0.1005,ACS 5-year 2018 (B19083)
2018,2014–2018,"Sorrento town, Hancock County, Maine",69750,009,23,0.3852,0.1044,ACS 5-year 2018 (B19083)
2018,2014–2018,"Stonington town, Hancock County, Maine",74580,009,23,0.4352,0.0535,ACS 5-year 2018 (B19083)
2018,2014–2018,"Swans Island town, Hancock County, Maine",75455,009,23,0.4200,0.0628,ACS 5-year 2018 (B19083)
2018,2014–2018,"Aurora town, Hancock County, Maine",02165,009,23,0.3826,0.0910,ACS 5-year 2018 (B19083)
2018,2014–2018,"Sedgwick town, Hancock County, Maine",67300,009,23,0.4716,0.0659,ACS 5-year 2018 (B19083)
2018,2014–2018,"Brooksville town, Hancock County, Maine",07975,009,23,0.4710,0.0543,ACS 5-year 2018 (B19083)
2018,2014–2018,"Whiting town, Washington County, Maine",85185,029,23,0.3781,0.0359,ACS 5-year 2018 (B19083)
2018,2014–2018,"Baileyville town, Washington County, Maine",02480,029,23,0.3792,0.0312,ACS 5-year 2018 (B19083)
2018,2014–2018,"Beals town, Washington County, Maine",03670,029,23,0.4907,0.0919,ACS 5-year 2018 (B19083)
2018,2014–2018,"Perry town, Washington County, Maine",58165,029,23,0.3927,0.0389,ACS 5-year 2018 (B19083)
2018,2014–2018,"Lubec town, Washington County, Maine",41610,029,23,0.4378,0.0398,ACS 5-year 2018 (B19083)
2018,2014–2018,"North Washington UT, Washington County, Maine",53500,029,23,0.3889,0.0634,ACS 5-year 2018 (B19083)
2018,2014–2018,"Passamaquoddy Pleasant Point Reservation, Washington County, Maine",57090,029,23,0.4172,0.0434,ACS 5-year 2018 (B19083)
2018,2014–2018,"Whitneyville town, Washington County, Maine",85290,029,23,0.5146,0.1459,ACS 5-year 2018 (B19083)
2018,2014–2018,"Topsfield town, Washington County, Maine",76895,029,23,0.3460,0.0545,ACS 5-year 2018 (B19083)
2018,2014–2018,"Charlotte town, Washington County, Maine",12175,029,23,0.4000,0.0625,ACS 5-year 2018 (B19083)
2018,2014–2018,"Danforth town, Washington County, Maine",16410,029,23,0.3507,0.0363,ACS 5-year 2018 (B19083)
2018,2014–2018,"Greenville town, Piscataquis County, Maine",29535,021,23,0.3916,0.0638,ACS 5-year 2018 (B19083)
2018,2014–2018,"Lake View plantation, Piscataquis County, Maine",37970,021,23,0.4007,0.0764,ACS 5-year 2018 (B19083)
2018,2014–2018,"Southeast Piscataquis UT, Piscataquis County, Maine",70655,021,23,0.4299,0.0844,ACS 5-year 2018 (B19083)
2018,2014–2018,"Wellington town, Piscataquis County, Maine",81405,021,23,0.4121,0.0555,ACS 5-year 2018 (B19083)
2018,2014–2018,"Monson town, Piscataquis County, Maine",46580,021,23,0.5170,0.1058,ACS 5-year 2018 (B19083)
2018,2014–2018,"Sebec town, Piscataquis County, Maine",66950,021,23,0.4256,0.0576,ACS 5-year 2018 (B19083)
2018,2014–2018,"Leeds town, Androscoggin County, Maine",38565,001,23,0.3939,0.0602,ACS 5-year 2018 (B19083)
2018,2014–2018,"Minot town, Androscoggin County, Maine",46160,001,23,0.3506,0.0348,ACS 5-year 2018 (B19083)
2018,2014–2018,"Dresden town, Lincoln County, Maine",18475,015,23,0.3442,0.0388,ACS 5-year 2018 (B19083)
2018,2014–2018,"Nobleboro town, Lincoln County, Maine",49660,015,23,0.3826,0.0408,ACS 5-year 2018 (B19083)
2018,2014–2018,"Waldoboro town, Lincoln County, Maine",79550,015,23,0.4252,0.0353,ACS 5-year 2018 (B19083)
2018,2014–2018,"Whitefield town, Lincoln County, Maine",85010,015,23,0.4605,0.0659,ACS 5-year 2018 (B19083)
2018,2014–2018,"Wiscasset town, Lincoln County, Maine",87075,015,23,0.4443,0.0527,ACS 5-year 2018 (B19083)
2018,2014–2018,"South Bristol town, Lincoln County, Maine",70240,015,23,0.5046,0.0411,ACS 5-year 2018 (B19083)
2018,2014–2018,"Augusta city, Kennebec County, Maine",02100,011,23,0.4425,0.0211,ACS 5-year 2018 (B19083)
2018,2014–2018,"Clinton town, Kennebec County, Maine",13470,011,23,0.3878,0.0487,ACS 5-year 2018 (B19083)
2018,2014–2018,"Litchfield town, Kennebec County, Maine",40175,011,23,0.3839,0.0380,ACS 5-year 2018 (B19083)
2018,2014–2018,"Pittston town, Kennebec County, Maine",59110,011,23,0.3635,0.0324,ACS 5-year 2018 (B19083)
2018,2014–2018,"Gardiner city, Kennebec County, Maine",27085,011,23,0.4547,0.0494,ACS 5-year 2018 (B19083)
2018,2014–2018,"Chelsea town, Kennebec County, Maine",12350,011,23,0.3995,0.0400,ACS 5-year 2018 (B19083)
2018,2014–2018,"Wayne town, Kennebec County, Maine",80880,011,23,0.4492,0.0753,ACS 5-year 2018 (B19083)
2018,2014–2018,"Livermore town, Androscoggin County, Maine",40665,001,23,0.3974,0.0465,ACS 5-year 2018 (B19083)
2018,2014–2018,"Durham town, Androscoggin County, Maine",19105,001,23,0.3773,0.0334,ACS 5-year 2018 (B19083)
2018,2014–2018,"Wales town, Androscoggin County, Maine",79585,001,23,0.2946,0.0301,ACS 5-year 2018 (B19083)
2018,2014–2018,"Auburn city, Androscoggin County, Maine",02060,001,23,0.4284,0.0172,ACS 5-year 2018 (B19083)
2018,2014–2018,"Lewiston city, Androscoggin County, Maine",38740,001,23,0.4639,0.0321,ACS 5-year 2018 (B19083)
2018,2014–2018,"Lisbon town, Androscoggin County, Maine",40035,001,23,0.3815,0.0444,ACS 5-year 2018 (B19083)
2018,2014–2018,"Poland town, Androscoggin County, Maine",60020,001,23,0.3620,0.0381,ACS 5-year 2018 (B19083)
2018,2014–2018,"Mechanic Falls town, Androscoggin County, Maine",44585,001,23,0.3907,0.0658,ACS 5-year 2018 (B19083)
2018,2014–2018,"Livermore Falls town, Androscoggin County, Maine",40770,001,23,0.4049,0.0409,ACS 5-year 2018 (B19083)
2018,2014–2018,"Oxford town, Oxford County, Maine",56310,017,23,0.3895,0.0417,ACS 5-year 2018 (B19083)
2018,2014–2018,"Rumford town, Oxford County, Maine",64290,017,23,0.4218,0.0254,ACS 5-year 2018 (B19083)
2018,2014–2018,"Waterford town, Oxford County, Maine",80635,017,23,0.3940,0.0719,ACS 5-year 2018 (B19083)
2018,2014–2018,"Lovell town, Oxford County, Maine",41365,017,23,0.4800,0.0649,ACS 5-year 2018 (B19083)
2018,2014–2018,"Roxbury town, Oxford County, Maine",64185,017,23,0.3547,0.0523,ACS 5-year 2018 (B19083)
2018,2014–2018,"Upton town, Oxford County, Maine",78465,017,23,0.5217,0.1283,ACS 5-year 2018 (B19083)
2018,2014–2018,"Woodstock town, Oxford County, Maine",87355,017,23,0.4425,0.0549,ACS 5-year 2018 (B19083)
2018,2014–2018,"Brownfield town, Oxford County, Maine",08150,017,23,0.3918,0.0465,ACS 5-year 2018 (B19083)
2018,2014–2018,"Andover town, Oxford County, Maine",01325,017,23,0.3644,0.0297,ACS 5-year 2018 (B19083)
2018,2014–2018,"Fryeburg town, Oxford County, Maine",26910,017,23,0.3686,0.0384,ACS 5-year 2018 (B19083)
2018,2014–2018,"Mexico town, Oxford County, Maine",45285,017,23,0.3981,0.0596,ACS 5-year 2018 (B19083)
2018,2014–2018,"Otisfield town, Oxford County, Maine",55960,017,23,0.3830,0.0439,ACS 5-year 2018 (B19083)
2018,2014–2018,"Hebron town, Oxford County, Maine",32370,017,23,0.3401,0.0357,ACS 5-year 2018 (B19083)
2018,2014–2018,"Hiram town, Oxford County, Maine",33315,017,23,0.4342,0.0406,ACS 5-year 2018 (B19083)
2018,2014–2018,"Stow town, Oxford County, Maine",74685,017,23,0.3731,0.0477,ACS 5-year 2018 (B19083)
2018,2014–2018,"Greenwood town, Oxford County, Maine",29710,017,23,0.3729,0.0547,ACS 5-year 2018 (B19083)
2018,2014–2018,"Magalloway plantation, Oxford County, Maine",42835,017,23,0.3827,0.1611,ACS 5-year 2018 (B19083)
2018,2014–2018,"Lincoln plantation, Oxford County, Maine",39422,017,23,0.4824,0.0829,ACS 5-year 2018 (B19083)
2018,2014–2018,"Denmark town, Oxford County, Maine",17250,017,23,0.4315,0.0559,ACS 5-year 2018 (B19083)
2018,2014–2018,"Bremen town, Lincoln County, Maine",06855,015,23,0.3994,0.0572,ACS 5-year 2018 (B19083)
2018,2014–2018,"Boothbay town, Lincoln County, Maine",06050,015,23,0.4431,0.0671,ACS 5-year 2018 (B19083)
2018,2014–2018,"Somerville town, Lincoln County, Maine",69645,015,23,0.3182,0.0551,ACS 5-year 2018 (B19083)
2018,2014–2018,"Dover-Foxcroft town, Piscataquis County, Maine",18195,021,23,0.4764,0.0474,ACS 5-year 2018 (B19083)
2018,2014–2018,"Rockport town, Knox County, Maine",63660,013,23,0.4595,0.0905,ACS 5-year 2018 (B19083)
2018,2014–2018,"South Thomaston town, Knox County, Maine",72585,013,23,0.4326,0.0839,ACS 5-year 2018 (B19083)
2018,2014–2018,"Washington town, Knox County, Maine",80425,013,23,0.5714,0.1427,ACS 5-year 2018 (B19083)
2018,2014–2018,"Rockland city, Knox County, Maine",63590,013,23,0.4552,0.0393,ACS 5-year 2018 (B19083)
2018,2014–2018,"Owls Head town, Knox County, Maine",56135,013,23,0.4450,0.0592,ACS 5-year 2018 (B19083)
2018,2014–2018,"Thomaston town, Knox County, Maine",76365,013,23,0.3454,0.0570,ACS 5-year 2018 (B19083)
2018,2014–2018,"Arrowsic town, Sagadahoc County, Maine",01570,023,23,0.4860,0.0853,ACS 5-year 2018 (B19083)
2018,2014–2018,"Bowdoinham town, Sagadahoc County, Maine",06365,023,23,0.3541,0.0558,ACS 5-year 2018 (B19083)
2018,2014–2018,"Dedham town, Hancock County, Maine",16935,009,23,0.4410,0.0687,ACS 5-year 2018 (B19083)
2018,2014–2018,"Great Pond town, Hancock County, Maine",28975,009,23,0.3165,0.0470,ACS 5-year 2018 (B19083)
2018,2014–2018,"Mount Desert town, Hancock County, Maine",47630,009,23,0.5221,0.0629,ACS 5-year 2018 (B19083)
2018,2014–2018,"Eastbrook town, Hancock County, Maine",19770,009,23,0.4173,0.0780,ACS 5-year 2018 (B19083)
2018,2014–2018,"Frenchboro town, Hancock County, Maine",26595,009,23,0.1555,0.1263,ACS 5-year 2018 (B19083)
2018,2014–2018,"Bucksport town, Hancock County, Maine",08815,009,23,0.4705,0.0888,ACS 5-year 2018 (B19083)
2018,2014–2018,"Cranberry Isles town, Hancock County, Maine",14905,009,23,0.4782,0.0877,ACS 5-year 2018 (B19083)
2018,2014–2018,"Penobscot town, Hancock County, Maine",57920,009,23,0.4058,0.0351,ACS 5-year 2018 (B19083)
2018,2014–2018,"Central Hancock UT, Hancock County, Maine",11800,009,23,0.4118,0.0834,ACS 5-year 2018 (B19083)
2018,2014–2018,"Winter Harbor town, Hancock County, Maine",86655,009,23,0.4394,0.0495,ACS 5-year 2018 (B19083)
2018,2014–2018,"Waltham town, Hancock County, Maine",80040,009,23,0.3814,0.0544,ACS 5-year 2018 (B19083)
2018,2014–2018,"Southwest Harbor town, Hancock County, Maine",72865,009,23,0.3923,0.0304,ACS 5-year 2018 (B19083)
2018,2014–2018,"Louds Island UT, Lincoln County, Maine",41280,015,23,-666666666.0000,-222222222.0000,ACS 5-year 2018 (B19083)
2018,2014–2018,"Boothbay Harbor town, Lincoln County, Maine",06120,015,23,0.5035,0.0553,ACS 5-year 2018 (B19083)
2018,2014–2018,"Southport town, Lincoln County, Maine",71955,015,23,0.4558,0.0470,ACS 5-year 2018 (B19083)
2018,2014–2018,"Alna town, Lincoln County, Maine",01010,015,23,0.4195,0.0467,ACS 5-year 2018 (B19083)
2018,2014–2018,"Hibberts gore, Lincoln County, Maine",32715,015,23,-666666666.0000,-222222222.0000,ACS 5-year 2018 (B19083)
2018,2014–2018,"Jefferson town, Lincoln County, Maine",35695,015,23,0.3406,0.0366,ACS 5-year 2018 (B19083)
2018,2014–2018,"Edgecomb town, Lincoln County, Maine",22675,015,23,0.4255,0.0335,ACS 5-year 2018 (B19083)
2018,2014–2018,"Belfast city, Waldo County, Maine",03950,027,23,0.4385,0.0678,ACS 5-year 2018 (B19083)
2018,2014–2018,"Knox town, Waldo County, Maine",37585,027,23,0.3845,0.0741,ACS 5-year 2018 (B19083)
2018,2014–2018,"Belmont town, Waldo County, Maine",04125,027,23,0.3887,0.0408,ACS 5-year 2018 (B19083)
2018,2014–2018,"Newburgh town, Penobscot County, Maine",48505,019,23,0.4154,0.0394,ACS 5-year 2018 (B19083)
2018,2014–2018,"Newport town, Penobscot County, Maine",49065,019,23,0.4739,0.0372,ACS 5-year 2018 (B19083)
2018,2014–2018,"Orrington town, Penobscot County, Maine",55680,019,23,0.3884,0.0374,ACS 5-year 2018 (B19083)
2018,2014–2018,"Lakeville town, Penobscot County, Maine",38005,019,23,0.5839,0.1449,ACS 5-year 2018 (B19083)
2018,2014–2018,"Lowell town, Penobscot County, Maine",41435,019,23,0.4100,0.0669,ACS 5-year 2018 (B19083)
2018,2014–2018,"Mount Chase town, Penobscot County, Maine",47560,019,23,0.5806,0.1620,ACS 5-year 2018 (B19083)
2018,2014–2018,"Passadumkeag town, Penobscot County, Maine",57045,019,23,0.4266,0.0877,ACS 5-year 2018 (B19083)
2018,2014–2018,"Seboeis plantation, Penobscot County, Maine",67160,019,23,0.2605,0.1037,ACS 5-year 2018 (B19083)
2018,2014–2018,"Robbinston town, Washington County, Maine",63275,029,23,0.5063,0.0972,ACS 5-year 2018 (B19083)
2018,2014–2018,"Meddybemps town, Washington County, Maine",44760,029,23,0.3667,0.0658,ACS 5-year 2018 (B19083)
2018,2014–2018,"Roque Bluffs town, Washington County, Maine",63940,029,23,0.4806,0.0975,ACS 5-year 2018 (B19083)
2018,2014–2018,"Passamaquoddy Indian Township Reservation, Washington County, Maine",57082,029,23,0.4838,0.0460,ACS 5-year 2018 (B19083)
2018,2014–2018,"Standish town, Cumberland County, Maine",73670,005,23,0.3645,0.0350,ACS 5-year 2018 (B19083)
2018,2014–2018,"Windham town, Cumberland County, Maine",86025,005,23,0.3802,0.0343,ACS 5-year 2018 (B19083)
2018,2014–2018,"North Yarmouth town, Cumberland County, Maine",53860,005,23,0.3973,0.0341,ACS 5-year 2018 (B19083)
2018,2014–2018,"Scarborough town, Cumberland County, Maine",66145,005,23,0.4164,0.0228,ACS 5-year 2018 (B19083)
2018,2014–2018,"Harrison town, Cumberland County, Maine",31600,005,23,0.4234,0.0348,ACS 5-year 2018 (B19083)
2018,2014–2018,"Cape Elizabeth town, Cumberland County, Maine",10180,005,23,0.4276,0.0298,ACS 5-year 2018 (B19083)
2018,2014–2018,"Long Island town, Cumberland County, Maine",41067,005,23,0.4856,0.0915,ACS 5-year 2018 (B19083)
2018,2014–2018,"Westbrook city, Cumberland County, Maine",82105,005,23,0.4196,0.0228,ACS 5-year 2018 (B19083)
2018,2014–2018,"Gray town, Cumberland County, Maine",28870,005,23,0.3778,0.0363,ACS 5-year 2018 (B19083)
2018,2014–2018,"Portland city, Cumberland County, Maine",60545,005,23,0.4597,0.0104,ACS 5-year 2018 (B19083)
2018,2014–2018,"Verona Island town, Hancock County, Maine",78925,009,23,0.3547,0.0472,ACS 5-year 2018 (B19083)
2018,2014–2018,"Phippsburg town, Sagadahoc County, Maine",58515,023,23,0.4883,0.1054,ACS 5-year 2018 (B19083)
2018,2014–2018,"Woolwich town, Sagadahoc County, Maine",87460,023,23,0.3188,0.0344,ACS 5-year 2018 (B19083)
2018,2014–2018,"Springfield town, Penobscot County, Maine",73250,019,23,0.4124,0.0534,ACS 5-year 2018 (B19083)
2018,2014–2018,"Bradley town, Penobscot County, Maine",06680,019,23,0.3755,0.0436,ACS 5-year 2018 (B19083)
2018,2014–2018,"Randolph town, Kennebec County, Maine",61700,011,23,0.4287,0.0506,ACS 5-year 2018 (B19083)
2018,2014–2018,"Sidney town, Kennebec County, Maine",68385,011,23,0.3846,0.0335,ACS 5-year 2018 (B19083)
2018,2014–2018,"Albion town, Kennebec County, Maine",00590,011,23,0.3853,0.0297,ACS 5-year 2018 (B19083)
2018,2014–2018,"Hallowell city, Kennebec County, Maine",30550,011,23,0.4400,0.0485,ACS 5-year 2018 (B19083)
2018,2014–2018,"Vienna town, Kennebec County, Maine",79025,011,23,0.3890,0.0607,ACS 5-year 2018 (B19083)
2018,2014–2018,"Belgrade town, Kennebec County, Maine",04020,011,23,0.3277,0.0374,ACS 5-year 2018 (B19083)
2018,2014–2018,"Benton town, Kennebec County, Maine",04475,011,23,0.3903,0.0370,ACS 5-year 2018 (B19083)
2018,2014–2018,"Farmingdale town, Kennebec County, Maine",24670,011,23,0.4549,0.0582,ACS 5-year 2018 (B19083)
2018,2014–2018,"Manchester town, Kennebec County, Maine",43080,011,23,0.4446,0.0393,ACS 5-year 2018 (B19083)
2018,2014–2018,"West Gardiner town, Kennebec County, Maine",82945,011,23,0.3723,0.0664,ACS 5-year 2018 (B19083)
2018,2014–2018,"Windsor town, Kennebec County, Maine",86165,011,23,0.3715,0.0552,ACS 5-year 2018 (B19083)
2018,2014–2018,"Oakland town, Kennebec County, Maine",54560,011,23,0.4459,0.0457,ACS 5-year 2018 (B19083)
2018,2014–2018,"Rome town, Kennebec County, Maine",63835,011,23,0.4416,0.0493,ACS 5-year 2018 (B19083)
2018,2014–2018,"Winthrop town, Kennebec County, Maine",86970,011,23,0.4044,0.0421,ACS 5-year 2018 (B19083)
2018,2014–2018,"Fayette town, Kennebec County, Maine",24950,011,23,0.3555,0.0368,ACS 5-year 2018 (B19083)
2018,2014–2018,"Readfield town, Kennebec County, Maine",62190,011,23,0.4250,0.0474,ACS 5-year 2018 (B19083)
2018,2014–2018,"Waterville city, Kennebec County, Maine",80740,011,23,0.5428,0.0604,ACS 5-year 2018 (B19083)
2018,2014–2018,"Mount Vernon town, Kennebec County, Maine",47770,011,23,0.3750,0.0338,ACS 5-year 2018 (B19083)
2018,2014–2018,"Weld town, Franklin County, Maine",81300,007,23,0.4089,0.0465,ACS 5-year 2018 (B19083)
2018,2014–2018,"Rangeley plantation, Franklin County, Maine",61875,007,23,0.3956,0.0732,ACS 5-year 2018 (B19083)
2018,2014–2018,"Temple town, Franklin County, Maine",75980,007,23,0.4473,0.0515,ACS 5-year 2018 (B19083)
2018,2014–2018,"Coplin plantation, Franklin County, Maine",14205,007,23,0.2495,0.0559,ACS 5-year 2018 (B19083)
2018,2014–2018,"Industry town, Franklin County, Maine",34820,007,23,0.3861,0.0420,ACS 5-year 2018 (B19083)
2018,2014–2018,"Jay town, Franklin County, Maine",35625,007,23,0.3468,0.0385,ACS 5-year 2018 (B19083)
2018,2014–2018,"Farmington town, Franklin County, Maine",24775,007,23,0.4756,0.0412,ACS 5-year 2018 (B19083)
2018,2014–2018,"Sandy River plantation, Franklin County, Maine",65655,007,23,0.2780,0.0739,ACS 5-year 2018 (B19083)
2018,2014–2018,"Rangeley town, Franklin County, Maine",61840,007,23,0.4735,0.0850,ACS 5-year 2018 (B19083)
2018,2014–2018,"Avon town, Franklin County, Maine",02235,007,23,0.4954,0.0723,ACS 5-year 2018 (B19083)
2018,2014–2018,"West Central Franklin UT, Franklin County, Maine",82235,007,23,-666666666.0000,-222222222.0000,ACS 5-year 2018 (B19083)
2018,2014–2018,"Wilton town, Franklin County, Maine",85850,007,23,0.4244,0.0450,ACS 5-year 2018 (B19083)
2018,2014–2018,"Dallas plantation, Franklin County, Maine",16165,007,23,0.3739,0.0656,ACS 5-year 2018 (B19083)
2018,2014–2018,"New Sharon town, Franklin County, Maine",49345,007,23,0.3799,0.0353,ACS 5-year 2018 (B19083)
2018,2014–2018,"Carthage town, Franklin County, Maine",10915,007,23,0.3882,0.0464,ACS 5-year 2018 (B19083)
2018,2014–2018,"East Central Franklin UT, Franklin County, Maine",19865,007,23,0.4345,0.0740,ACS 5-year 2018 (B19083)
2018,2014–2018,"South Franklin UT, Franklin County, Maine",70760,007,23,0.3156,0.1233,ACS 5-year 2018 (B19083)
2018,2014–2018,"Eustis town, Franklin County, Maine",24005,007,23,0.4747,0.0507,ACS 5-year 2018 (B19083)
2018,2014–2018,"Bingham town, Somerset County, Maine",05000,025,23,0.5067,0.0728,ACS 5-year 2018 (B19083)
2018,2014–2018,"Caratunk town, Somerset County, Maine",10495,025,23,0.3423,0.0943,ACS 5-year 2018 (B19083)
2018,2014–2018,"Canaan town, Somerset County, Maine",09935,025,23,0.3882,0.0365,ACS 5-year 2018 (B19083)
2018,2014–2018,"Winslow town, Kennebec County, Maine",86515,011,23,0.3947,0.0211,ACS 5-year 2018 (B19083)
2018,2014–2018,"Jonesport town, Washington County, Maine",36010,029,23,0.4449,0.0812,ACS 5-year 2018 (B19083)
2018,2014–2018,"Northfield town, Washington County, Maine",51375,029,23,0.3847,0.1114,ACS 5-year 2018 (B19083)
2018,2014–2018,"Princeton town, Washington County, Maine",61035,029,23,0.4245,0.0467,ACS 5-year 2018 (B19083)
2018,2014–2018,"Steuben town, Washington County, Maine",74125,029,23,0.4111,0.0326,ACS 5-year 2018 (B19083)
2018,2014–2018,"Calais city, Washington County, Maine",09585,029,23,0.6080,0.1722,ACS 5-year 2018 (B19083)
2018,2014–2018,"Cherryfield town, Washington County, Maine",12455,029,23,0.4398,0.0504,ACS 5-year 2018 (B19083)
2018,2014–2018,"East Machias town, Washington County, Maine",20960,029,23,0.4169,0.0315,ACS 5-year 2018 (B19083)
2018,2014–2018,"Harpswell town, Cumberland County, Maine",31390,005,23,0.4772,0.0429,ACS 5-year 2018 (B19083)
2018,2014–2018,"Westport Island town, Lincoln County, Maine",84140,015,23,0.4634,0.0894,ACS 5-year 2018 (B19083)
2018,2014–2018,"Bath city, Sagadahoc County, Maine",03355,023,23,0.4827,0.0481,ACS 5-year 2018 (B19083)
2018,2014–2018,"Parsonsfield town, York County, Maine",56870,031,23,0.4362,0.0445,ACS 5-year 2018 (B19083)
2018,2014–2018,"Acton town, York County, Maine",00275,031,23,0.3794,0.0405,ACS 5-year 2018 (B19083)
2018,2014–2018,"Old Orchard Beach town, York County, Maine",55085,031,23,0.5380,0.0700,ACS 5-year 2018 (B19083)
2018,2014–2018,"South Berwick town, York County, Maine",70030,031,23,0.3942,0.0457,ACS 5-year 2018 (B19083)
2018,2014–2018,"Hollis town, York County, Maine",33665,031,23,0.3755,0.0356,ACS 5-year 2018 (B19083)
2018,2014–2018,"Lebanon town, York County, Maine",38425,031,23,0.3435,0.0382,ACS 5-year 2018 (B19083)
2018,2014–2018,"Wells town, York County, Maine",81475,031,23,0.4298,0.0316,ACS 5-year 2018 (B19083)
2018,2014–2018,"Sweden town, Oxford County, Maine",75595,017,23,0.4678,0.0773,ACS 5-year 2018 (B19083)
2018,2014–2018,"West Paris town, Oxford County, Maine",83890,017,23,0.4165,0.0491,ACS 5-year 2018 (B19083)
2018,2014–2018,"Hartford town, Oxford County, Maine",31670,017,23,0.3640,0.0526,ACS 5-year 2018 (B19083)
2018,2014–2018,"Newry town, Oxford County, Maine",49275,017,23,0.4959,0.0622,ACS 5-year 2018 (B19083)
2018,2014–2018,"Burlington town, Penobscot County, Maine",09200,019,23,0.4468,0.0788,ACS 5-year 2018 (B19083)
2018,2014–2018,"Hammond town, Aroostook County, Maine",30725,003,23,0.3554,0.0676,ACS 5-year 2018 (B19083)
2018,2014–2018,"Smyrna town, Aroostook County, Maine",69260,003,23,0.3976,0.1008,ACS 5-year 2018 (B19083)
2018,2014–2018,"Orient town, Aroostook County, Maine",55435,003,23,0.5280,0.0975,ACS 5-year 2018 (B19083)
2018,2014–2018,"Perham town, Aroostook County, Maine",58060,003,23,0.3492,0.0487,ACS 5-year 2018 (B19083)
2018,2014–2018,"Moro plantation, Aroostook County, Maine",47175,003,23,0.0832,0.0402,ACS 5-year 2018 (B19083)
2018,2014–2018,"Addison town, Washington County, Maine",00380,029,23,0.3820,0.0325,ACS 5-year 2018 (B19083)
2018,2014–2018,"Pembroke town, Washington County, Maine",57780,029,23,0.4131,0.0325,ACS 5-year 2018 (B19083)
2018,2014–2018,"Grand Lake Stream plantation, Washington County, Maine",28660,029,23,0.4306,0.1544,ACS 5-year 2018 (B19083)
2018,2014–2018,"Cooper town, Washington County, Maine",14100,029,23,0.4277,0.0595,ACS 5-year 2018 (B19083)
2018,2014–2018,"Machiasport town, Washington County, Maine",42100,029,23,0.4164,0.0707,ACS 5-year 2018 (B19083)
2018,2014–2018,"Talmadge town, Washington County, Maine",75770,029,23,0.2237,0.0852,ACS 5-year 2018 (B19083)
2018,2014–2018,"Columbia town, Washington County, Maine",13750,029,23,0.3439,0.0736,ACS 5-year 2018 (B19083)
2018,2014–2018,"Exeter town, Penobscot County, Maine",24110,019,23,0.3934,0.0355,ACS 5-year 2018 (B19083)
2018,2014–2018,"Holden town, Penobscot County, Maine",33490,019,23,0.4224,0.0476,ACS 5-year 2018 (B19083)
2018,2014–2018,"Bradford town, Penobscot County, Maine",06575,019,23,0.3587,0.0350,ACS 5-year 2018 (B19083)
2018,2014–2018,"East Millinocket town, Penobscot County, Maine",21030,019,23,0.4197,0.0312,ACS 5-year 2018 (B19083)
2018,2014–2018,"Maxfield town, Penobscot County, Maine",44340,019,23,0.3032,0.1155,ACS 5-year 2018 (B19083)
2018,2014–2018,"Milford town, Penobscot County, Maine",45670,019,23,0.3517,0.0500,ACS 5-year 2018 (B19083)
2018,2014–2018,"Jonesboro town, Washington County, Maine",35905,029,23,0.3693,0.0440,ACS 5-year 2018 (B19083)
2018,2014–2018,"Baring plantation, Washington County, Maine",02970,029,23,0.3624,0.0538,ACS 5-year 2018 (B19083)
2018,2014–2018,"West Bath town, Sagadahoc County, Maine",81930,023,23,0.4706,0.0842,ACS 5-year 2018 (B19083)
2018,2014–2018,"Veazie town, Penobscot County, Maine",78780,019,23,0.5599,0.1079,ACS 5-year 2018 (B19083)
2018,2014–2018,"Prentiss UT, Penobscot County, Maine",60790,019,23,0.4279,0.1052,ACS 5-year 2018 (B19083)
2018,2014–2018,"Drew plantation, Penobscot County, Maine",18580,019,23,0.2759,0.1651,ACS 5-year 2018 (B19083)
2018,2014–2018,"Howland town, Penobscot County, Maine",34190,019,23,0.4435,0.0439,ACS 5-year 2018 (B19083)
2018,2014–2018,"Sabattus town, Androscoggin County, Maine",64570,001,23,0.3507,0.0455,ACS 5-year 2018 (B19083)
2018,2014–2018,"Greene town, Androscoggin County, Maine",29255,001,23,0.3787,0.0390,ACS 5-year 2018 (B19083)
2018,2014–2018,"Turner town, Androscoggin County, Maine",77800,001,23,0.3915,0.0394,ACS 5-year 2018 (B19083)
2018,2014–2018,"South Aroostook UT, Aroostook County, Maine",69930,003,23,0.4043,0.0730,ACS 5-year 2018 (B19083)
2018,2014–2018,"South Oxford UT, Oxford County, Maine",71755,017,23,0.5285,0.1078,ACS 5-year 2018 (B19083)
2018,2014–2018,"Stoneham town, Oxford County, Maine",74510,017,23,0.4268,0.0639,ACS 5-year 2018 (B19083)
2018,2014–2018,"Bethel town, Oxford County, Maine",04825,017,23,0.4376,0.0592,ACS 5-year 2018 (B19083)
2018,2014–2018,"Dixfield town, Oxford County, Maine",17740,017,23,0.4513,0.0635,ACS 5-year 2018 (B19083)
2018,2014–2018,"Hanover town, Oxford County, Maine",31110,017,23,0.3080,0.0852,ACS 5-year 2018 (B19083)
2018,2014–2018,"North Oxford UT, Oxford County, Maine",52575,017,23,-666666666.0000,-222222222.0000,ACS 5-year 2018 (B19083)
2018,2014–2018,"Porter town, Oxford County, Maine",60405,017,23,0.3900,0.0428,ACS 5-year 2018 (B19083)
2018,2014–2018,"Sumner town, Oxford County, Maine",75035,017,23,0.3699,0.0460,ACS 5-year 2018 (B19083)
2018,2014–2018,"Bristol town, Lincoln County, Maine",07485,015,23,0.4769,0.0659,ACS 5-year 2018 (B19083)
2018,2014–2018,"Bridgewater town, Aroostook County, Maine",07065,003,23,0.4345,0.0650,ACS 5-year 2018 (B19083)
2018,2014–2018,"Macwahoc plantation, Aroostook County, Maine",42450,003,23,0.3313,0.0898,ACS 5-year 2018 (B19083)
2018,2014–2018,"Brunswick town, Cumberland County, Maine",08430,005,23,0.4615,0.0241,ACS 5-year 2018 (B19083)
2018,2014–2018,"Raymond town, Cumberland County, Maine",61945,005,23,0.3789,0.0315,ACS 5-year 2018 (B19083)
2018,2014–2018,"Brighton plantation, Somerset County, Maine",07380,025,23,0.4323,0.1868,ACS 5-year 2018 (B19083)
2018,2014–2018,"Smithfield town, Somerset County, Maine",69155,025,23,0.3539,0.0477,ACS 5-year 2018 (B19083)
2018,2014–2018,"West Forks plantation, Somerset County, Maine",82840,025,23,0.3808,0.2128,ACS 5-year 2018 (B19083)
2018,2014–2018,"Dennistown plantation, Somerset County, Maine",17285,025,23,0.1033,0.0805,ACS 5-year 2018 (B19083)
2018,2014–2018,"Pleasant Ridge plantation, Somerset County, Maine",59705,025,23,0.3035,0.0979,ACS 5-year 2018 (B19083)
2018,2014–2018,"Otis town, Hancock County, Maine",55890,009,23,0.4738,0.0915,ACS 5-year 2018 (B19083)
2018,2014–2018,"Osborn town, Hancock County, Maine",55855,009,23,0.4022,0.0667,ACS 5-year 2018 (B19083)
2018,2014–2018,"Sullivan town, Hancock County, Maine",74965,009,23,0.4115,0.0398,ACS 5-year 2018 (B19083)
2018,2014–2018,"Tremont town, Hancock County, Maine",77345,009,23,0.4164,0.0599,ACS 5-year 2018 (B19083)
2018,2014–2018,"Monmouth town, Kennebec County, Maine",46405,011,23,0.4004,0.0429,ACS 5-year 2018 (B19083)
2018,2014–2018,"Unity UT, Kennebec County, Maine",78190,011,23,0.2988,0.1540,ACS 5-year 2018 (B19083)
2018,2014–2018,"China town, Kennebec County, Maine",12735,011,23,0.3544,0.0332,ACS 5-year 2018 (B19083)
2018,2014–2018,"Vassalboro town, Kennebec County, Maine",78745,011,23,0.3856,0.0379,ACS 5-year 2018 (B19083)
2018,2014–2018,"Phillips town, Franklin County, Maine",58445,007,23,0.3666,0.0327,ACS 5-year 2018 (B19083)
2018,2014–2018,"Chesterville town, Franklin County, Maine",12595,007,23,0.3843,0.0416,ACS 5-year 2018 (B19083)
2018,2014–2018,"Wyman UT, Franklin County, Maine",87680,007,23,0.3098,0.1041,ACS 5-year 2018 (B19083)
2018,2014–2018,"Strong town, Franklin County, Maine",74825,007,23,0.4973,0.0984,ACS 5-year 2018 (B19083)
2018,2014–2018,"Carrabassett Valley town, Franklin County, Maine",10740,007,23,0.4410,0.0837,ACS 5-year 2018 (B19083)
2018,2014–2018,"Kingfield town, Franklin County, Maine",37025,007,23,0.4175,0.0704,ACS 5-year 2018 (B19083)
2018,2014–2018,"North Franklin UT, Franklin County, Maine",51400,007,23,0.2849,0.1669,ACS 5-year 2018 (B19083)
2018,2014–2018,"New Vineyard town, Franklin County, Maine",49520,007,23,0.4842,0.0513,ACS 5-year 2018 (B19083)
2018,2014–2018,"Central Somerset UT, Somerset County, Maine",11820,025,23,0.5094,0.1036,ACS 5-year 2018 (B19083)
2018,2014–2018,"Kingman UT, Penobscot County, Maine",37075,019,23,0.3725,0.0593,ACS 5-year 2018 (B19083)
2018,2014–2018,"Milo town, Piscataquis County, Maine",46020,021,23,0.4123,0.0320,ACS 5-year 2018 (B19083)
2018,2014–2018,"Guilford town, Piscataquis County, Maine",30095,021,23,0.4711,0.0697,ACS 5-year 2018 (B19083)
2018,2014–2018,"Abbot town, Piscataquis County, Maine",00100,021,23,0.4628,0.0619,ACS 5-year 2018 (B19083)
2018,2014–2018,"Willimantic town, Piscataquis County, Maine",85710,021,23,0.4046,0.0555,ACS 5-year 2018 (B19083)
2018,2014–2018,"Winterville plantation, Aroostook County, Maine",86865,003,23,0.4623,0.0773,ACS 5-year 2018 (B19083)
2018,2014–2018,"Vinalhaven town, Knox County, Maine",79130,013,23,0.4492,0.0636,ACS 5-year 2018 (B19083)
2018,2014–2018,"Hope town, Knox County, Maine",33840,013,23,0.3993,0.0304,ACS 5-year 2018 (B19083)
2018,2014–2018,"Friendship town, Knox County, Maine",26805,013,23,0.3964,0.0432,ACS 5-year 2018 (B19083)
2018,2014–2018,"North Haven town, Knox County, Maine",51620,013,23,0.3727,0.0408,ACS 5-year 2018 (B19083)
2018,2014–2018,"Richmond town, Sagadahoc County, Maine",62645,023,23,0.3703,0.0421,ACS 5-year 2018 (B19083)
2018,2014–2018,"Trenton town, Hancock County, Maine",77415,009,23,0.4355,0.0760,ACS 5-year 2018 (B19083)
2018,2014–2018,"Amherst town, Hancock County, Maine",01185,009,23,0.4812,0.0740,ACS 5-year 2018 (B19083)
2018,2014–2018,"Lamoine town, Hancock County, Maine",38180,009,23,0.4155,0.0334,ACS 5-year 2018 (B19083)
2018,2014–2018,"Orland town, Hancock County, Maine",55505,009,23,0.3823,0.0569,ACS 5-year 2018 (B19083)
2018,2014–2018,"Muscle Ridge Islands UT, Knox County, Maine",47962,013,23,-666666666.0000,-222222222.0000,ACS 5-year 2018 (B19083)
2018,2014–2018,"Monhegan plantation, Lincoln County, Maine",46335,015,23,0.4260,0.0760,ACS 5-year 2018 (B19083)
2018,2014–2018,"Damariscotta town, Lincoln County, Maine",16235,015,23,0.4322,0.0447,ACS 5-year 2018 (B19083)
2018,2014–2018,"Newcastle town, Lincoln County, Maine",48645,015,23,0.4698,0.0476,ACS 5-year 2018 (B19083)
2018,2014–2018,"Crawford town, Washington County, Maine",14940,029,23,0.4357,0.1208,ACS 5-year 2018 (B19083)
2018,2014–2018,"Marshfield town, Washington County, Maine",43640,029,23,0.3801,0.0477,ACS 5-year 2018 (B19083)
2018,2014–2018,"Linneus town, Aroostook County, Maine",39965,003,23,0.3753,0.0337,ACS 5-year 2018 (B19083)
2018,2014–2018,"Central Aroostook UT, Aroostook County, Maine",11785,003,23,0.2970,0.1230,ACS 5-year 2018 (B19083)
2018,2014–2018,"Mapleton town, Aroostook County, Maine",43255,003,23,0.4349,0.0373,ACS 5-year 2018 (B19083)
2018,2014–2018,"Oxbow plantation, Aroostook County, Maine",56205,003,23,0.1608,0.0710,ACS 5-year 2018 (B19083)
2018,2014–2018,"Monticello town, Aroostook County, Maine",46685,003,23,0.4894,0.0910,ACS 5-year 2018 (B19083)
2018,2014–2018,"Stockholm town, Aroostook County, Maine",74405,003,23,0.4327,0.0678,ACS 5-year 2018 (B19083)
2018,2014–2018,"New Sweden town, Aroostook County, Maine",49415,003,23,0.4120,0.0537,ACS 5-year 2018 (B19083)
2019,2015–2019,"West Gardiner town, Kennebec County, Maine",82945,011,23,0.3972,0.0831,ACS 5-year 2019 (B19083)
2019,2015–2019,"Rome town, Kennebec County, Maine",63835,011,23,0.4335,0.0454,ACS 5-year 2019 (B19083)
2019,2015–2019,"Fayette town, Kennebec County, Maine",24950,011,23,0.3793,0.0502,ACS 5-year 2019 (B19083)
2019,2015–2019,"Mount Vernon town, Kennebec County, Maine",47770,011,23,0.4106,0.0546,ACS 5-year 2019 (B19083)
2019,2015–2019,"Rangeley plantation, Franklin County, Maine",61875,007,23,0.3744,0.1106,ACS 5-year 2019 (B19083)
2019,2015–2019,"Industry town, Franklin County, Maine",34820,007,23,0.3800,0.0445,ACS 5-year 2019 (B19083)
2019,2015–2019,"Newburgh town, Penobscot County, Maine",48505,019,23,0.4397,0.0464,ACS 5-year 2019 (B19083)
2019,2015–2019,"Newport town, Penobscot County, Maine",49065,019,23,0.4611,0.0423,ACS 5-year 2019 (B19083)
2019,2015–2019,"Orrington town, Penobscot County, Maine",55680,019,23,0.4001,0.0454,ACS 5-year 2019 (B19083)
2019,2015–2019,"Lakeville town, Penobscot County, Maine",38005,019,23,0.4675,0.0854,ACS 5-year 2019 (B19083)
2019,2015–2019,"Lowell town, Penobscot County, Maine",41435,019,23,0.4349,0.0552,ACS 5-year 2019 (B19083)
2019,2015–2019,"Mount Chase town, Penobscot County, Maine",47560,019,23,0.4240,0.0979,ACS 5-year 2019 (B19083)
2019,2015–2019,"Passadumkeag town, Penobscot County, Maine",57045,019,23,0.4571,0.1144,ACS 5-year 2019 (B19083)
2019,2015–2019,"Seboeis plantation, Penobscot County, Maine",67160,019,23,0.2461,0.1296,ACS 5-year 2019 (B19083)
2019,2015–2019,"Springfield town, Penobscot County, Maine",73250,019,23,0.4469,0.0516,ACS 5-year 2019 (B19083)
2019,2015–2019,"Bradley town, Penobscot County, Maine",06680,019,23,0.3602,0.0450,ACS 5-year 2019 (B19083)
2019,2015–2019,"Charleston town, Penobscot County, Maine",12105,019,23,0.4415,0.1212,ACS 5-year 2019 (B19083)
2019,2015–2019,"Corinth town, Penobscot County, Maine",14380,019,23,0.4026,0.0413,ACS 5-year 2019 (B19083)
2019,2015–2019,"Carroll plantation, Penobscot County, Maine",10810,019,23,0.3648,0.0909,ACS 5-year 2019 (B19083)
2019,2015–2019,"Clifton town, Penobscot County, Maine",13365,019,23,0.3990,0.0797,ACS 5-year 2019 (B19083)
2019,2015–2019,"Garland town, Penobscot County, Maine",27190,019,23,0.4431,0.0648,ACS 5-year 2019 (B19083)
2019,2015–2019,"Stetson town, Penobscot County, Maine",74055,019,23,0.3632,0.0565,ACS 5-year 2019 (B19083)
2019,2015–2019,"Carmel town, Penobscot County, Maine",10670,019,23,0.3059,0.0316,ACS 5-year 2019 (B19083)
2019,2015–2019,"Woodville town, Penobscot County, Maine",87390,019,23,0.3429,0.0594,ACS 5-year 2019 (B19083)
2019,2015–2019,"Chester town, Penobscot County, Maine",12525,019,23,0.4674,0.0683,ACS 5-year 2019 (B19083)
2019,2015–2019,"Kenduskeag town, Penobscot County, Maine",36325,019,23,0.3481,0.0424,ACS 5-year 2019 (B19083)
2019,2015–2019,"Stacyville town, Penobscot County, Maine",73600,019,23,0.3873,0.0653,ACS 5-year 2019 (B19083)
2019,2015–2019,"Argyle UT, Penobscot County, Maine",01500,019,23,0.3466,0.0689,ACS 5-year 2019 (B19083)
2019,2015–2019,"Blanchard UT, Piscataquis County, Maine",05560,021,23,0.3433,0.0867,ACS 5-year 2019 (B19083)
2019,2015–2019,"Northeast Piscataquis UT, Piscataquis County, Maine",51105,021,23,0.4300,0.0865,ACS 5-year 2019 (B19083)
2019,2015–2019,"Atkinson town, Piscataquis County, Maine",01920,021,23,0.5346,0.1252,ACS 5-year 2019 (B19083)
2019,2015–2019,"Sangerville town, Piscataquis County, Maine",65865,021,23,0.4174,0.0370,ACS 5-year 2019 (B19083)
2019,2015–2019,"Shirley town, Piscataquis County, Maine",68140,021,23,0.3839,0.0940,ACS 5-year 2019 (B19083)
2019,2015–2019,"Kingsbury plantation, Piscataquis County, Maine",37095,021,23,-666666666.0000,-222222222.0000,ACS 5-year 2019 (B19083)
2019,2015–2019,"Northwest Piscataquis UT, Piscataquis County, Maine",53628,021,23,0.2795,0.2191,ACS 5-year 2019 (B19083)
2019,2015–2019,"Parkman town, Piscataquis County, Maine",56765,021,23,0.3805,0.0400,ACS 5-year 2019 (B19083)
2019,2015–2019,"Bowerbank town, Piscataquis County, Maine",06400,021,23,0.3401,0.0714,ACS 5-year 2019 (B19083)
2019,2015–2019,"Medford town, Piscataquis County, Maine",44830,021,23,0.5993,0.2823,ACS 5-year 2019 (B19083)
2019,2015–2019,"Beaver Cove town, Piscataquis County, Maine",03740,021,23,0.3125,0.0889,ACS 5-year 2019 (B19083)
2019,2015–2019,"Brownville town, Piscataquis County, Maine",08325,021,23,0.3872,0.0392,ACS 5-year 2019 (B19083)
2019,2015–2019,"Hersey town, Aroostook County, Maine",32685,003,23,0.4907,0.1580,ACS 5-year 2019 (B19083)
2019,2015–2019,"Ashland town, Aroostook County, Maine",01710,003,23,0.3705,0.0336,ACS 5-year 2019 (B19083)
2019,2015–2019,"Garfield plantation, Aroostook County, Maine",27120,003,23,0.3721,0.1156,ACS 5-year 2019 (B19083)
2019,2015–2019,"New Canada town, Aroostook County, Maine",48575,003,23,0.4338,0.0606,ACS 5-year 2019 (B19083)
2019,2015–2019,"Square Lake UT, Aroostook County, Maine",73472,003,23,0.4521,0.0376,ACS 5-year 2019 (B19083)
2019,2015–2019,"Cyr plantation, Aroostook County, Maine",15990,003,23,0.3910,0.0653,ACS 5-year 2019 (B19083)
2019,2015–2019,"Frenchville town, Aroostook County, Maine",26735,003,23,0.3559,0.0428,ACS 5-year 2019 (B19083)
2019,2015–2019,"Madawaska town, Aroostook County, Maine",42520,003,23,0.4527,0.0376,ACS 5-year 2019 (B19083)
2019,2015–2019,"Mars Hill town, Aroostook County, Maine",43710,003,23,0.4684,0.0824,ACS 5-year 2019 (B19083)
2019,2015–2019,"Nashville plantation, Aroostook County, Maine",48120,003,23,0.3220,0.2924,ACS 5-year 2019 (B19083)
2019,2015–2019,"Dyer Brook town, Aroostook County, Maine",19210,003,23,0.2186,0.0421,ACS 5-year 2019 (B19083)
2019,2015–2019,"Grand Isle town, Aroostook County, Maine",28590,003,23,0.4165,0.0482,ACS 5-year 2019 (B19083)
2019,2015–2019,"Monticello town, Aroostook County, Maine",46685,003,23,0.5049,0.0833,ACS 5-year 2019 (B19083)
2019,2015–2019,"St. Agatha town, Aroostook County, Maine",64780,003,23,0.5137,0.0778,ACS 5-year 2019 (B19083)
2019,2015–2019,"Stockholm town, Aroostook County, Maine",74405,003,23,0.4201,0.0773,ACS 5-year 2019 (B19083)
2019,2015–2019,"Wade town, Aroostook County, Maine",79270,003,23,0.4028,0.0628,ACS 5-year 2019 (B19083)
2019,2015–2019,"Allagash town, Aroostook County, Maine",00800,003,23,0.5156,0.0733,ACS 5-year 2019 (B19083)
2019,2015–2019,"New Sweden town, Aroostook County, Maine",49415,003,23,0.4146,0.0499,ACS 5-year 2019 (B19083)
2019,2015–2019,"Pittsfield town, Somerset County, Maine",59005,025,23,0.4352,0.0363,ACS 5-year 2019 (B19083)
2019,2015–2019,"Detroit town, Somerset County, Maine",17460,025,23,0.5289,0.0762,ACS 5-year 2019 (B19083)
2019,2015–2019,"Athens town, Somerset County, Maine",01885,025,23,0.4071,0.0447,ACS 5-year 2019 (B19083)
2019,2015–2019,"Harmony town, Somerset County, Maine",31355,025,23,0.3837,0.0406,ACS 5-year 2019 (B19083)
2019,2015–2019,"Mercer town, Somerset County, Maine",45110,025,23,0.4473,0.1074,ACS 5-year 2019 (B19083)
2019,2015–2019,"Norridgewock town, Somerset County, Maine",49835,025,23,0.4563,0.0721,ACS 5-year 2019 (B19083)
2019,2015–2019,"Northeast Somerset UT, Somerset County, Maine",51114,025,23,0.4618,0.0621,ACS 5-year 2019 (B19083)
2019,2015–2019,"Ripley town, Somerset County, Maine",62995,025,23,0.4010,0.0658,ACS 5-year 2019 (B19083)
2019,2015–2019,"Cornville town, Somerset County, Maine",14555,025,23,0.4419,0.0529,ACS 5-year 2019 (B19083)
2019,2015–2019,"Starks town, Somerset County, Maine",73845,025,23,0.4118,0.0558,ACS 5-year 2019 (B19083)
2019,2015–2019,"The Forks plantation, Somerset County, Maine",76190,025,23,0.3172,0.1358,ACS 5-year 2019 (B19083)
2019,2015–2019,"Cambridge town, Somerset County, Maine",09655,025,23,0.4306,0.0439,ACS 5-year 2019 (B19083)
2019,2015–2019,"Highland plantation, Somerset County, Maine",32895,025,23,0.3235,0.1256,ACS 5-year 2019 (B19083)
2019,2015–2019,"Jackman town, Somerset County, Maine",35345,025,23,0.3869,0.0357,ACS 5-year 2019 (B19083)
2019,2015–2019,"Skowhegan town, Somerset County, Maine",68910,025,23,0.4188,0.0302,ACS 5-year 2019 (B19083)
2019,2015–2019,"Solon town, Somerset County, Maine",69505,025,23,0.3791,0.0408,ACS 5-year 2019 (B19083)
2019,2015–2019,"Lee town, Penobscot County, Maine",38530,019,23,0.4594,0.0582,ACS 5-year 2019 (B19083)
2019,2015–2019,"Hudson town, Penobscot County, Maine",34365,019,23,0.3635,0.0343,ACS 5-year 2019 (B19083)
2019,2015–2019,"Hampden town, Penobscot County, Maine",30795,019,23,0.4042,0.0533,ACS 5-year 2019 (B19083)
2019,2015–2019,"Lincoln town, Penobscot County, Maine",39475,019,23,0.4628,0.0850,ACS 5-year 2019 (B19083)
2019,2015–2019,"Millinocket town, Penobscot County, Maine",45810,019,23,0.5056,0.1041,ACS 5-year 2019 (B19083)
2019,2015–2019,"Orono town, Penobscot County, Maine",55565,019,23,0.5043,0.0287,ACS 5-year 2019 (B19083)
2019,2015–2019,"Veazie town, Penobscot County, Maine",78780,019,23,0.5694,0.1302,ACS 5-year 2019 (B19083)
2019,2015–2019,"North Penobscot UT, Penobscot County, Maine",52710,019,23,0.4353,0.0524,ACS 5-year 2019 (B19083)
2019,2015–2019,"Prentiss UT, Penobscot County, Maine",60790,019,23,0.4499,0.1147,ACS 5-year 2019 (B19083)
2019,2015–2019,"Alton town, Penobscot County, Maine",01115,019,23,0.3913,0.0597,ACS 5-year 2019 (B19083)
2019,2015–2019,"Bangor city, Penobscot County, Maine",02795,019,23,0.5093,0.0264,ACS 5-year 2019 (B19083)
2019,2015–2019,"Drew plantation, Penobscot County, Maine",18580,019,23,0.2620,0.1990,ACS 5-year 2019 (B19083)
2019,2015–2019,"Enfield town, Penobscot County, Maine",23620,019,23,0.4351,0.0640,ACS 5-year 2019 (B19083)
2019,2015–2019,"Howland town, Penobscot County, Maine",34190,019,23,0.4125,0.0437,ACS 5-year 2019 (B19083)
2019,2015–2019,"Etna town, Penobscot County, Maine",23865,019,23,0.3751,0.0430,ACS 5-year 2019 (B19083)
2019,2015–2019,"Exeter town, Penobscot County, Maine",24110,019,23,0.3831,0.0338,ACS 5-year 2019 (B19083)
2019,2015–2019,"Farmington town, Franklin County, Maine",24775,007,23,0.4671,0.0488,ACS 5-year 2019 (B19083)
2019,2015–2019,"Rangeley town, Franklin County, Maine",61840,007,23,0.4378,0.1206,ACS 5-year 2019 (B19083)
2019,2015–2019,"Wilton town, Franklin County, Maine",85850,007,23,0.3947,0.0425,ACS 5-year 2019 (B19083)
2019,2015–2019,"New Sharon town, Franklin County, Maine",49345,007,23,0.3660,0.0361,ACS 5-year 2019 (B19083)
2019,2015–2019,"South Franklin UT, Franklin County, Maine",70760,007,23,0.1702,0.0930,ACS 5-year 2019 (B19083)
2019,2015–2019,"Bingham town, Somerset County, Maine",05000,025,23,0.4602,0.0801,ACS 5-year 2019 (B19083)
2019,2015–2019,"Moose River town, Somerset County, Maine",47140,025,23,0.4796,0.0709,ACS 5-year 2019 (B19083)
2019,2015–2019,"Plymouth town, Penobscot County, Maine",59950,019,23,0.3948,0.0647,ACS 5-year 2019 (B19083)
2019,2015–2019,"Webster plantation, Penobscot County, Maine",81055,019,23,0.4156,0.1499,ACS 5-year 2019 (B19083)
2019,2015–2019,"Holden town, Penobscot County, Maine",33490,019,23,0.3951,0.0419,ACS 5-year 2019 (B19083)
2019,2015–2019,"Mattawamkeag town, Penobscot County, Maine",44270,019,23,0.4273,0.0360,ACS 5-year 2019 (B19083)
2019,2015–2019,"Bradford town, Penobscot County, Maine",06575,019,23,0.3842,0.0379,ACS 5-year 2019 (B19083)
2019,2015–2019,"Dixmont town, Penobscot County, Maine",17950,019,23,0.3669,0.0396,ACS 5-year 2019 (B19083)
2019,2015–2019,"East Central Penobscot UT, Penobscot County, Maine",19868,019,23,0.4239,0.0727,ACS 5-year 2019 (B19083)
2019,2015–2019,"East Millinocket town, Penobscot County, Maine",21030,019,23,0.4071,0.0368,ACS 5-year 2019 (B19083)
2019,2015–2019,"Levant town, Penobscot County, Maine",38705,019,23,0.3444,0.0405,ACS 5-year 2019 (B19083)
2019,2015–2019,"Maxfield town, Penobscot County, Maine",44340,019,23,0.2906,0.0945,ACS 5-year 2019 (B19083)
2019,2015–2019,"Old Town city, Penobscot County, Maine",55225,019,23,0.4660,0.0483,ACS 5-year 2019 (B19083)
2019,2015–2019,"Glenburn town, Penobscot County, Maine",27645,019,23,0.3882,0.0428,ACS 5-year 2019 (B19083)
2019,2015–2019,"Cutler town, Washington County, Maine",15920,029,23,0.4659,0.1203,ACS 5-year 2019 (B19083)
2019,2015–2019,"Dennysville town, Washington County, Maine",17355,029,23,0.4824,0.0527,ACS 5-year 2019 (B19083)
2019,2015–2019,"Jonesboro town, Washington County, Maine",35905,029,23,0.3834,0.0505,ACS 5-year 2019 (B19083)
2019,2015–2019,"Waite town, Washington County, Maine",79375,029,23,0.3278,0.1081,ACS 5-year 2019 (B19083)
2019,2015–2019,"Wesley town, Washington County, Maine",81685,029,23,0.3315,0.0635,ACS 5-year 2019 (B19083)
2019,2015–2019,"Codyville plantation, Washington County, Maine",13610,029,23,0.0662,0.0838,ACS 5-year 2019 (B19083)
2019,2015–2019,"Topsham town, Sagadahoc County, Maine",76960,023,23,0.3933,0.0382,ACS 5-year 2019 (B19083)
2019,2015–2019,"West Bath town, Sagadahoc County, Maine",81930,023,23,0.4451,0.0698,ACS 5-year 2019 (B19083)
2019,2015–2019,"Georgetown town, Sagadahoc County, Maine",27295,023,23,0.4277,0.0702,ACS 5-year 2019 (B19083)
2019,2015–2019,"Crawford town, Washington County, Maine",14940,029,23,0.4405,0.0968,ACS 5-year 2019 (B19083)
2019,2015–2019,"Marshfield town, Washington County, Maine",43640,029,23,0.3941,0.0438,ACS 5-year 2019 (B19083)
2019,2015–2019,"Whitney UT, Penobscot County, Maine",85230,019,23,-666666666.0000,-222222222.0000,ACS 5-year 2019 (B19083)
2019,2015–2019,"Winn town, Penobscot County, Maine",86305,019,23,0.4175,0.0832,ACS 5-year 2019 (B19083)
2019,2015–2019,"Edinburg town, Penobscot County, Maine",22710,019,23,0.3972,0.0603,ACS 5-year 2019 (B19083)
2019,2015–2019,"Greenbush town, Penobscot County, Maine",29185,019,23,0.4842,0.0836,ACS 5-year 2019 (B19083)
2019,2015–2019,"Patten town, Penobscot County, Maine",57150,019,23,0.4380,0.0533,ACS 5-year 2019 (B19083)
2019,2015–2019,"Lagrange town, Penobscot County, Maine",37760,019,23,0.4223,0.0358,ACS 5-year 2019 (B19083)
2019,2015–2019,"Eddington town, Penobscot County, Maine",22535,019,23,0.4057,0.0485,ACS 5-year 2019 (B19083)
2019,2015–2019,"Hermon town, Penobscot County, Maine",32510,019,23,0.3256,0.0412,ACS 5-year 2019 (B19083)
2019,2015–2019,"Medway town, Penobscot County, Maine",45005,019,23,0.4030,0.0372,ACS 5-year 2019 (B19083)
2019,2015–2019,"Milford town, Penobscot County, Maine",45670,019,23,0.3701,0.0561,ACS 5-year 2019 (B19083)
2019,2015–2019,"Littleton town, Aroostook County, Maine",40595,003,23,0.3926,0.0343,ACS 5-year 2019 (B19083)
2019,2015–2019,"Masardis town, Aroostook County, Maine",43990,003,23,0.3915,0.0555,ACS 5-year 2019 (B19083)
2019,2015–2019,"Portage Lake town, Aroostook County, Maine",60300,003,23,0.3992,0.0416,ACS 5-year 2019 (B19083)
2019,2015–2019,"Presque Isle city, Aroostook County, Maine",60825,003,23,0.5121,0.0422,ACS 5-year 2019 (B19083)
2019,2015–2019,"Reed plantation, Aroostook County, Maine",62400,003,23,0.5274,0.1033,ACS 5-year 2019 (B19083)
2019,2015–2019,"St. Francis town, Aroostook County, Maine",65025,003,23,0.3801,0.0705,ACS 5-year 2019 (B19083)
2019,2015–2019,"Bancroft town, Aroostook County, Maine",02760,003,23,0.3812,0.1481,ACS 5-year 2019 (B19083)
2019,2015–2019,"Blaine town, Aroostook County, Maine",05385,003,23,0.4310,0.0603,ACS 5-year 2019 (B19083)
2019,2015–2019,"Caribou city, Aroostook County, Maine",10565,003,23,0.4616,0.0318,ACS 5-year 2019 (B19083)
2019,2015–2019,"Eagle Lake town, Aroostook County, Maine",19420,003,23,0.4728,0.0824,ACS 5-year 2019 (B19083)
2019,2015–2019,"Cary plantation, Aroostook County, Maine",11020,003,23,0.4942,0.0984,ACS 5-year 2019 (B19083)
2019,2015–2019,"Castle Hill town, Aroostook County, Maine",11300,003,23,0.4265,0.0775,ACS 5-year 2019 (B19083)
2019,2015–2019,"Connor UT, Aroostook County, Maine",13900,003,23,0.5261,0.0856,ACS 5-year 2019 (B19083)
2019,2015–2019,"Fort Fairfield town, Aroostook County, Maine",25615,003,23,0.4771,0.0623,ACS 5-year 2019 (B19083)
2019,2015–2019,"Hodgdon town, Aroostook County, Maine",33385,003,23,0.4012,0.0362,ACS 5-year 2019 (B19083)
2019,2015–2019,"Houlton town, Aroostook County, Maine",33980,003,23,0.4901,0.0382,ACS 5-year 2019 (B19083)
2019,2015–2019,"Oakfield town, Aroostook County, Maine",54385,003,23,0.3917,0.0441,ACS 5-year 2019 (B19083)
2019,2015–2019,"Van Buren town, Aroostook County, Maine",78570,003,23,0.5025,0.0553,ACS 5-year 2019 (B19083)
2019,2015–2019,"Washburn town, Aroostook County, Maine",80285,003,23,0.4253,0.0386,ACS 5-year 2019 (B19083)
2019,2015–2019,"Westmanland town, Aroostook County, Maine",83540,003,23,0.3590,0.0589,ACS 5-year 2019 (B19083)
2019,2015–2019,"Woodland town, Aroostook County, Maine",87215,003,23,0.3981,0.0352,ACS 5-year 2019 (B19083)
2019,2015–2019,"Bridgewater town, Aroostook County, Maine",07065,003,23,0.4475,0.0690,ACS 5-year 2019 (B19083)
2019,2015–2019,"Ludlow town, Aroostook County, Maine",41715,003,23,0.4424,0.0946,ACS 5-year 2019 (B19083)
2019,2015–2019,"Macwahoc plantation, Aroostook County, Maine",42450,003,23,0.3271,0.0915,ACS 5-year 2019 (B19083)
2019,2015–2019,"Pownal town, Cumberland County, Maine",60685,005,23,0.3451,0.0405,ACS 5-year 2019 (B19083)
2019,2015–2019,"Yarmouth town, Cumberland County, Maine",87845,005,23,0.4934,0.0393,ACS 5-year 2019 (B19083)
2019,2015–2019,"Brunswick town, Cumberland County, Maine",08430,005,23,0.4655,0.0237,ACS 5-year 2019 (B19083)
2019,2015–2019,"Harpswell town, Cumberland County, Maine",31390,005,23,0.4270,0.0301,ACS 5-year 2019 (B19083)
2019,2015–2019,"Westport Island town, Lincoln County, Maine",84140,015,23,0.4902,0.1010,ACS 5-year 2019 (B19083)
2019,2015–2019,"Bath city, Sagadahoc County, Maine",03355,023,23,0.4338,0.0309,ACS 5-year 2019 (B19083)
2019,2015–2019,"Parsonsfield town, York County, Maine",56870,031,23,0.4341,0.0465,ACS 5-year 2019 (B19083)
2019,2015–2019,"Acton town, York County, Maine",00275,031,23,0.4101,0.0403,ACS 5-year 2019 (B19083)
2019,2015–2019,"Old Orchard Beach town, York County, Maine",55085,031,23,0.5127,0.0739,ACS 5-year 2019 (B19083)
2019,2015–2019,"South Berwick town, York County, Maine",70030,031,23,0.3770,0.0468,ACS 5-year 2019 (B19083)
2019,2015–2019,"Vanceboro town, Washington County, Maine",78675,029,23,0.3532,0.0591,ACS 5-year 2019 (B19083)
2019,2015–2019,"Baring plantation, Washington County, Maine",02970,029,23,0.3649,0.0661,ACS 5-year 2019 (B19083)
2019,2015–2019,"Perkins UT, Sagadahoc County, Maine",58070,023,23,-666666666.0000,-222222222.0000,ACS 5-year 2019 (B19083)
2019,2015–2019,"New Gloucester town, Cumberland County, Maine",48820,005,23,0.3307,0.0427,ACS 5-year 2019 (B19083)
2019,2015–2019,"Raymond town, Cumberland County, Maine",61945,005,23,0.3887,0.0339,ACS 5-year 2019 (B19083)
2019,2015–2019,"Glenwood plantation, Aroostook County, Maine",27855,003,23,-666666666.0000,-222222222.0000,ACS 5-year 2019 (B19083)
2019,2015–2019,"Hamlin town, Aroostook County, Maine",30690,003,23,0.4540,0.1092,ACS 5-year 2019 (B19083)
2019,2015–2019,"Brighton plantation, Somerset County, Maine",07380,025,23,0.4692,0.1683,ACS 5-year 2019 (B19083)
2019,2015–2019,"Palmyra town, Somerset County, Maine",56520,025,23,0.3994,0.0360,ACS 5-year 2019 (B19083)
2019,2015–2019,"Smithfield town, Somerset County, Maine",69155,025,23,0.3976,0.0792,ACS 5-year 2019 (B19083)
2019,2015–2019,"Northwest Somerset UT, Somerset County, Maine",53636,025,23,-666666666.0000,-222222222.0000,ACS 5-year 2019 (B19083)
2019,2015–2019,"St. Albans town, Somerset County, Maine",64850,025,23,0.5532,0.1527,ACS 5-year 2019 (B19083)
2019,2015–2019,"Madison town, Somerset County, Maine",42660,025,23,0.4723,0.0885,ACS 5-year 2019 (B19083)
2019,2015–2019,"Anson town, Somerset County, Maine",01395,025,23,0.4210,0.0432,ACS 5-year 2019 (B19083)
2019,2015–2019,"Dennistown plantation, Somerset County, Maine",17285,025,23,0.1815,0.0582,ACS 5-year 2019 (B19083)
2019,2015–2019,"Hartland town, Somerset County, Maine",31740,025,23,0.4915,0.0398,ACS 5-year 2019 (B19083)
2019,2015–2019,"Moscow town, Somerset County, Maine",47455,025,23,0.4332,0.0570,ACS 5-year 2019 (B19083)
2019,2015–2019,"Seboomook Lake UT, Somerset County, Maine",67238,025,23,-666666666.0000,-222222222.0000,ACS 5-year 2019 (B19083)
2019,2015–2019,"Gouldsboro town, Hancock County, Maine",28450,009,23,0.5788,0.0739,ACS 5-year 2019 (B19083)
2019,2015–2019,"Northwest Hancock UT, Hancock County, Maine",53620,009,23,-666666666.0000,-222222222.0000,ACS 5-year 2019 (B19083)
2019,2015–2019,"Deer Isle town, Hancock County, Maine",17145,009,23,0.5511,0.0880,ACS 5-year 2019 (B19083)
2019,2015–2019,"Hancock town, Hancock County, Maine",30970,009,23,0.4646,0.0948,ACS 5-year 2019 (B19083)
2019,2015–2019,"Sorrento town, Hancock County, Maine",69750,009,23,0.4440,0.1122,ACS 5-year 2019 (B19083)
2019,2015–2019,"Stonington town, Hancock County, Maine",74580,009,23,0.4435,0.0685,ACS 5-year 2019 (B19083)
2019,2015–2019,"Sullivan town, Hancock County, Maine",74965,009,23,0.4010,0.0405,ACS 5-year 2019 (B19083)
2019,2015–2019,"Aurora town, Hancock County, Maine",02165,009,23,0.3898,0.0788,ACS 5-year 2019 (B19083)
2019,2015–2019,"Sedgwick town, Hancock County, Maine",67300,009,23,0.4801,0.0708,ACS 5-year 2019 (B19083)
2019,2015–2019,"Brooksville town, Hancock County, Maine",07975,009,23,0.5026,0.0509,ACS 5-year 2019 (B19083)
2019,2015–2019,"Castine town, Hancock County, Maine",11265,009,23,0.4432,0.0547,ACS 5-year 2019 (B19083)
2019,2015–2019,"Arundel town, York County, Maine",01605,031,23,0.3609,0.0363,ACS 5-year 2019 (B19083)
2019,2015–2019,"Berwick town, York County, Maine",04720,031,23,0.3447,0.0401,ACS 5-year 2019 (B19083)
2019,2015–2019,"Cornish town, York County, Maine",14485,031,23,0.4899,0.0631,ACS 5-year 2019 (B19083)
2019,2015–2019,"Kittery town, York County, Maine",37270,031,23,0.4247,0.0320,ACS 5-year 2019 (B19083)
2019,2015–2019,"Falmouth town, Cumberland County, Maine",24495,005,23,0.4924,0.0452,ACS 5-year 2019 (B19083)
2019,2015–2019,"Gorham town, Cumberland County, Maine",28240,005,23,0.3900,0.0229,ACS 5-year 2019 (B19083)
2019,2015–2019,"Sebago town, Cumberland County, Maine",66775,005,23,0.3979,0.0389,ACS 5-year 2019 (B19083)
2019,2015–2019,"Baldwin town, Cumberland County, Maine",02655,005,23,0.3793,0.0427,ACS 5-year 2019 (B19083)
2019,2015–2019,"Cumberland town, Cumberland County, Maine",15430,005,23,0.4703,0.0615,ACS 5-year 2019 (B19083)
2019,2015–2019,"Naples town, Cumberland County, Maine",48085,005,23,0.3735,0.0368,ACS 5-year 2019 (B19083)
2019,2015–2019,"Casco town, Cumberland County, Maine",11125,005,23,0.4293,0.0533,ACS 5-year 2019 (B19083)
2019,2015–2019,"Bridgton town, Cumberland County, Maine",07170,005,23,0.4062,0.0661,ACS 5-year 2019 (B19083)
2019,2015–2019,"South Portland city, Cumberland County, Maine",71990,005,23,0.4325,0.0215,ACS 5-year 2019 (B19083)
2019,2015–2019,"Frye Island town, Cumberland County, Maine",27025,005,23,0.2429,0.0997,ACS 5-year 2019 (B19083)
2019,2015–2019,"Appleton town, Knox County, Maine",01465,013,23,0.4070,0.0358,ACS 5-year 2019 (B19083)
2019,2015–2019,"Hollis town, York County, Maine",33665,031,23,0.3701,0.0380,ACS 5-year 2019 (B19083)
2019,2015–2019,"Lebanon town, York County, Maine",38425,031,23,0.3256,0.0447,ACS 5-year 2019 (B19083)
2019,2015–2019,"Wells town, York County, Maine",81475,031,23,0.4401,0.0353,ACS 5-year 2019 (B19083)
2019,2015–2019,"Sweden town, Oxford County, Maine",75595,017,23,0.5301,0.0980,ACS 5-year 2019 (B19083)
2019,2015–2019,"West Paris town, Oxford County, Maine",83890,017,23,0.4225,0.0476,ACS 5-year 2019 (B19083)
2019,2015–2019,"Hartford town, Oxford County, Maine",31670,017,23,0.3643,0.0494,ACS 5-year 2019 (B19083)
2019,2015–2019,"Newry town, Oxford County, Maine",49275,017,23,0.5379,0.0592,ACS 5-year 2019 (B19083)
2019,2015–2019,"Criehaven UT, Knox County, Maine",15125,013,23,-666666666.0000,-222222222.0000,ACS 5-year 2019 (B19083)
2019,2015–2019,"Union town, Knox County, Maine",78115,013,23,0.3338,0.0317,ACS 5-year 2019 (B19083)
2019,2015–2019,"Cushing town, Knox County, Maine",15780,013,23,0.3908,0.0329,ACS 5-year 2019 (B19083)
2019,2015–2019,"Isle au Haut town, Knox County, Maine",35135,013,23,0.2506,0.1643,ACS 5-year 2019 (B19083)
2019,2015–2019,"St. George town, Knox County, Maine",65130,013,23,0.3917,0.0484,ACS 5-year 2019 (B19083)
2019,2015–2019,"Warren town, Knox County, Maine",80215,013,23,0.3257,0.0611,ACS 5-year 2019 (B19083)
2019,2015–2019,"Matinicus Isle plantation, Knox County, Maine",44165,013,23,0.4426,0.1274,ACS 5-year 2019 (B19083)
2019,2015–2019,"Vinalhaven town, Knox County, Maine",79130,013,23,0.5085,0.0468,ACS 5-year 2019 (B19083)
2019,2015–2019,"Rockport town, Knox County, Maine",63660,013,23,0.4936,0.0844,ACS 5-year 2019 (B19083)
2019,2015–2019,"Hope town, Knox County, Maine",33840,013,23,0.3760,0.0342,ACS 5-year 2019 (B19083)
2019,2015–2019,"Washington town, Knox County, Maine",80425,013,23,0.5507,0.1627,ACS 5-year 2019 (B19083)
2019,2015–2019,"Friendship town, Knox County, Maine",26805,013,23,0.4236,0.0649,ACS 5-year 2019 (B19083)
2019,2015–2019,"Rockland city, Knox County, Maine",63590,013,23,0.4450,0.0381,ACS 5-year 2019 (B19083)
2019,2015–2019,"Thomaston town, Knox County, Maine",76365,013,23,0.3570,0.0496,ACS 5-year 2019 (B19083)
2019,2015–2019,"North Haven town, Knox County, Maine",51620,013,23,0.3775,0.0914,ACS 5-year 2019 (B19083)
2019,2015–2019,"Bowdoinham town, Sagadahoc County, Maine",06365,023,23,0.3442,0.0511,ACS 5-year 2019 (B19083)
2019,2015–2019,"Richmond town, Sagadahoc County, Maine",62645,023,23,0.3654,0.0424,ACS 5-year 2019 (B19083)
2019,2015–2019,"Dedham town, Hancock County, Maine",16935,009,23,0.4396,0.0650,ACS 5-year 2019 (B19083)
2019,2015–2019,"Mount Desert town, Hancock County, Maine",47630,009,23,0.4882,0.0605,ACS 5-year 2019 (B19083)
2019,2015–2019,"Trenton town, Hancock County, Maine",77415,009,23,0.4408,0.0659,ACS 5-year 2019 (B19083)
2019,2015–2019,"Frenchboro town, Hancock County, Maine",26595,009,23,0.3506,0.2567,ACS 5-year 2019 (B19083)
2019,2015–2019,"Amherst town, Hancock County, Maine",01185,009,23,0.4776,0.0686,ACS 5-year 2019 (B19083)
2019,2015–2019,"Cranberry Isles town, Hancock County, Maine",14905,009,23,0.4588,0.1060,ACS 5-year 2019 (B19083)
2019,2015–2019,"Lamoine town, Hancock County, Maine",38180,009,23,0.4211,0.0569,ACS 5-year 2019 (B19083)
2019,2015–2019,"Penobscot town, Hancock County, Maine",57920,009,23,0.4213,0.0376,ACS 5-year 2019 (B19083)
2019,2015–2019,"Winter Harbor town, Hancock County, Maine",86655,009,23,0.4133,0.0589,ACS 5-year 2019 (B19083)
2019,2015–2019,"Orland town, Hancock County, Maine",55505,009,23,0.3834,0.0478,ACS 5-year 2019 (B19083)
2019,2015–2019,"Southwest Harbor town, Hancock County, Maine",72865,009,23,0.4136,0.0393,ACS 5-year 2019 (B19083)
2019,2015–2019,"Muscle Ridge Islands UT, Knox County, Maine",47962,013,23,-666666666.0000,-222222222.0000,ACS 5-year 2019 (B19083)
2019,2015–2019,"Louds Island UT, Lincoln County, Maine",41280,015,23,-666666666.0000,-222222222.0000,ACS 5-year 2019 (B19083)
2019,2015–2019,"Monhegan plantation, Lincoln County, Maine",46335,015,23,0.5389,0.1973,ACS 5-year 2019 (B19083)
2019,2015–2019,"Southport town, Lincoln County, Maine",71955,015,23,0.4711,0.0627,ACS 5-year 2019 (B19083)
2019,2015–2019,"Hibberts gore, Lincoln County, Maine",32715,015,23,-666666666.0000,-222222222.0000,ACS 5-year 2019 (B19083)
2019,2015–2019,"Damariscotta town, Lincoln County, Maine",16235,015,23,0.4547,0.0522,ACS 5-year 2019 (B19083)
2019,2015–2019,"Edgecomb town, Lincoln County, Maine",22675,015,23,0.4441,0.0397,ACS 5-year 2019 (B19083)
2019,2015–2019,"Newcastle town, Lincoln County, Maine",48645,015,23,0.4689,0.0497,ACS 5-year 2019 (B19083)
2019,2015–2019,"Belfast city, Waldo County, Maine",03950,027,23,0.4254,0.0363,ACS 5-year 2019 (B19083)
2019,2015–2019,"Belmont town, Waldo County, Maine",04125,027,23,0.3773,0.0445,ACS 5-year 2019 (B19083)
2019,2015–2019,"Brooks town, Waldo County, Maine",07870,027,23,0.3933,0.0435,ACS 5-year 2019 (B19083)
2019,2015–2019,"Brewer city, Penobscot County, Maine",06925,019,23,0.4211,0.0429,ACS 5-year 2019 (B19083)
2019,2015–2019,"Hammond town, Aroostook County, Maine",30725,003,23,0.3297,0.0712,ACS 5-year 2019 (B19083)
2019,2015–2019,"Weston town, Aroostook County, Maine",83785,003,23,0.3636,0.0661,ACS 5-year 2019 (B19083)
2019,2015–2019,"Orient town, Aroostook County, Maine",55435,003,23,0.6111,0.0966,ACS 5-year 2019 (B19083)
2019,2015–2019,"St. John plantation, Aroostook County, Maine",65200,003,23,0.4424,0.0986,ACS 5-year 2019 (B19083)
2019,2015–2019,"Caswell town, Aroostook County, Maine",11335,003,23,0.4132,0.0466,ACS 5-year 2019 (B19083)
2019,2015–2019,"East Central Washington UT, Washington County, Maine",19870,029,23,0.4689,0.1133,ACS 5-year 2019 (B19083)
2019,2015–2019,"Alexander town, Washington County, Maine",00660,029,23,0.3865,0.0465,ACS 5-year 2019 (B19083)
2019,2015–2019,"Whiting town, Washington County, Maine",85185,029,23,0.4513,0.0678,ACS 5-year 2019 (B19083)
2019,2015–2019,"Cooper town, Washington County, Maine",14100,029,23,0.4061,0.0436,ACS 5-year 2019 (B19083)
2019,2015–2019,"Northfield town, Washington County, Maine",51375,029,23,0.4220,0.1089,ACS 5-year 2019 (B19083)
2019,2015–2019,"Talmadge town, Washington County, Maine",75770,029,23,0.2876,0.0619,ACS 5-year 2019 (B19083)
2019,2015–2019,"Camden town, Knox County, Maine",09725,013,23,0.4535,0.0576,ACS 5-year 2019 (B19083)
2019,2015–2019,"South Thomaston town, Knox County, Maine",72585,013,23,0.4287,0.0707,ACS 5-year 2019 (B19083)
2019,2015–2019,"Owls Head town, Knox County, Maine",56135,013,23,0.4539,0.0509,ACS 5-year 2019 (B19083)
2019,2015–2019,"Arrowsic town, Sagadahoc County, Maine",01570,023,23,0.4921,0.0956,ACS 5-year 2019 (B19083)
2019,2015–2019,"Great Pond town, Hancock County, Maine",28975,009,23,0.2916,0.0439,ACS 5-year 2019 (B19083)
2019,2015–2019,"Eastbrook town, Hancock County, Maine",19770,009,23,0.4505,0.0732,ACS 5-year 2019 (B19083)
2019,2015–2019,"Bucksport town, Hancock County, Maine",08815,009,23,0.4296,0.0624,ACS 5-year 2019 (B19083)
2019,2015–2019,"Central Hancock UT, Hancock County, Maine",11800,009,23,0.4349,0.0737,ACS 5-year 2019 (B19083)
2019,2015–2019,"Waltham town, Hancock County, Maine",80040,009,23,0.3960,0.0649,ACS 5-year 2019 (B19083)
2019,2015–2019,"Boothbay Harbor town, Lincoln County, Maine",06120,015,23,0.5012,0.0628,ACS 5-year 2019 (B19083)
2019,2015–2019,"Alna town, Lincoln County, Maine",01010,015,23,0.4281,0.0490,ACS 5-year 2019 (B19083)
2019,2015–2019,"Jefferson town, Lincoln County, Maine",35695,015,23,0.3255,0.0371,ACS 5-year 2019 (B19083)
2019,2015–2019,"Knox town, Waldo County, Maine",37585,027,23,0.3746,0.0453,ACS 5-year 2019 (B19083)
2019,2015–2019,"Kingman UT, Penobscot County, Maine",37075,019,23,0.3561,0.0532,ACS 5-year 2019 (B19083)
2019,2015–2019,"Milo town, Piscataquis County, Maine",46020,021,23,0.3978,0.0354,ACS 5-year 2019 (B19083)
2019,2015–2019,"Guilford town, Piscataquis County, Maine",30095,021,23,0.4085,0.0449,ACS 5-year 2019 (B19083)
2019,2015–2019,"Abbot town, Piscataquis County, Maine",00100,021,23,0.4039,0.0515,ACS 5-year 2019 (B19083)
2019,2015–2019,"Willimantic town, Piscataquis County, Maine",85710,021,23,0.4145,0.0695,ACS 5-year 2019 (B19083)
2019,2015–2019,"Winterville plantation, Aroostook County, Maine",86865,003,23,0.4403,0.0723,ACS 5-year 2019 (B19083)
2019,2015–2019,"Linneus town, Aroostook County, Maine",39965,003,23,0.3474,0.0393,ACS 5-year 2019 (B19083)
2019,2015–2019,"Central Aroostook UT, Aroostook County, Maine",11785,003,23,0.2629,0.0745,ACS 5-year 2019 (B19083)
2019,2015–2019,"Mapleton town, Aroostook County, Maine",43255,003,23,0.4391,0.0455,ACS 5-year 2019 (B19083)
2019,2015–2019,"Crystal town, Aroostook County, Maine",15395,003,23,0.4063,0.0771,ACS 5-year 2019 (B19083)
2019,2015–2019,"Penobscot Indian Island Reservation, Aroostook County, Maine",57936,003,23,-666666666.0000,-222222222.0000,ACS 5-year 2019 (B19083)
2019,2015–2019,"Wallagrass town, Aroostook County, Maine",79865,003,23,0.3636,0.0408,ACS 5-year 2019 (B19083)
2019,2015–2019,"Island Falls town, Aroostook County, Maine",35065,003,23,0.4649,0.0558,ACS 5-year 2019 (B19083)
2019,2015–2019,"Harrington town, Washington County, Maine",31530,029,23,0.3483,0.0394,ACS 5-year 2019 (B19083)
2019,2015–2019,"Machias town, Washington County, Maine",41960,029,23,0.4804,0.0451,ACS 5-year 2019 (B19083)
2019,2015–2019,"Surry town, Hancock County, Maine",75280,009,23,0.4677,0.0423,ACS 5-year 2019 (B19083)
2019,2015–2019,"Franklin town, Hancock County, Maine",26350,009,23,0.4147,0.0503,ACS 5-year 2019 (B19083)
2019,2015–2019,"Bar Harbor town, Hancock County, Maine",02865,009,23,0.4157,0.0353,ACS 5-year 2019 (B19083)
2019,2015–2019,"East Hancock UT, Hancock County, Maine",20405,009,23,0.3546,0.0963,ACS 5-year 2019 (B19083)
2019,2015–2019,"Ellsworth city, Hancock County, Maine",23200,009,23,0.4200,0.0306,ACS 5-year 2019 (B19083)
2019,2015–2019,"Brooklin town, Hancock County, Maine",07800,009,23,0.4173,0.0462,ACS 5-year 2019 (B19083)
2019,2015–2019,"Mariaville town, Hancock County, Maine",43430,009,23,0.5063,0.0712,ACS 5-year 2019 (B19083)
2019,2015–2019,"Blue Hill town, Hancock County, Maine",05700,009,23,0.4304,0.0431,ACS 5-year 2019 (B19083)
2019,2015–2019,"Twombly Ridge UT, Penobscot County, Maine",78015,019,23,-666666666.0000,-222222222.0000,ACS 5-year 2019 (B19083)
2019,2015–2019,"Penobscot Indian Island Reservation, Penobscot County, Maine",57936,019,23,0.4649,0.0465,ACS 5-year 2019 (B19083)
2019,2015–2019,"Marshall Island UT, Hancock County, Maine",43578,009,23,-666666666.0000,-222222222.0000,ACS 5-year 2019 (B19083)
2019,2015–2019,"Sanford city, York County, Maine",65725,031,23,0.4184,0.0231,ACS 5-year 2019 (B19083)
2019,2015–2019,"Dover-Foxcroft town, Piscataquis County, Maine",18195,021,23,0.5018,0.0601,ACS 5-year 2019 (B19083)
2019,2015–2019,"Greenville town, Piscataquis County, Maine",29535,021,23,0.4047,0.0842,ACS 5-year 2019 (B19083)
2019,2015–2019,"Lake View plantation, Piscataquis County, Maine",37970,021,23,0.4690,0.0640,ACS 5-year 2019 (B19083)
2019,2015–2019,"Southeast Piscataquis UT, Piscataquis County, Maine",70655,021,23,0.4335,0.0768,ACS 5-year 2019 (B19083)
2019,2015–2019,"Wellington town, Piscataquis County, Maine",81405,021,23,0.4094,0.0705,ACS 5-year 2019 (B19083)
2019,2015–2019,"Monson town, Piscataquis County, Maine",46580,021,23,0.5431,0.1206,ACS 5-year 2019 (B19083)
2019,2015–2019,"Sebec town, Piscataquis County, Maine",66950,021,23,0.4243,0.0580,ACS 5-year 2019 (B19083)
2019,2015–2019,"Leeds town, Androscoggin County, Maine",38565,001,23,0.3947,0.0576,ACS 5-year 2019 (B19083)
2019,2015–2019,"Minot town, Androscoggin County, Maine",46160,001,23,0.3761,0.0474,ACS 5-year 2019 (B19083)
2019,2015–2019,"Livermore town, Androscoggin County, Maine",40665,001,23,0.3958,0.0495,ACS 5-year 2019 (B19083)
2019,2015–2019,"Sabattus town, Androscoggin County, Maine",64570,001,23,0.3680,0.0498,ACS 5-year 2019 (B19083)
2019,2015–2019,"Wales town, Androscoggin County, Maine",79585,001,23,0.3087,0.0308,ACS 5-year 2019 (B19083)
2019,2015–2019,"Auburn city, Androscoggin County, Maine",02060,001,23,0.4574,0.0364,ACS 5-year 2019 (B19083)
2019,2015–2019,"Greene town, Androscoggin County, Maine",29255,001,23,0.3849,0.0509,ACS 5-year 2019 (B19083)
2019,2015–2019,"Lisbon town, Androscoggin County, Maine",40035,001,23,0.3679,0.0453,ACS 5-year 2019 (B19083)
2019,2015–2019,"Turner town, Androscoggin County, Maine",77800,001,23,0.3811,0.0381,ACS 5-year 2019 (B19083)
2019,2015–2019,"Mechanic Falls town, Androscoggin County, Maine",44585,001,23,0.3734,0.0445,ACS 5-year 2019 (B19083)
2019,2015–2019,"Livermore Falls town, Androscoggin County, Maine",40770,001,23,0.4075,0.0402,ACS 5-year 2019 (B19083)
2019,2015–2019,"South Aroostook UT, Aroostook County, Maine",69930,003,23,0.3491,0.0660,ACS 5-year 2019 (B19083)
2019,2015–2019,"Rumford town, Oxford County, Maine",64290,017,23,0.4621,0.0772,ACS 5-year 2019 (B19083)
2019,2015–2019,"South Oxford UT, Oxford County, Maine",71755,017,23,0.5332,0.1104,ACS 5-year 2019 (B19083)
2019,2015–2019,"Lovell town, Oxford County, Maine",41365,017,23,0.4739,0.0614,ACS 5-year 2019 (B19083)
2019,2015–2019,"Roxbury town, Oxford County, Maine",64185,017,23,0.4091,0.0705,ACS 5-year 2019 (B19083)
2019,2015–2019,"Upton town, Oxford County, Maine",78465,017,23,0.5155,0.0808,ACS 5-year 2019 (B19083)
2019,2015–2019,"Woodstock town, Oxford County, Maine",87355,017,23,0.4355,0.0570,ACS 5-year 2019 (B19083)
2019,2015–2019,"Bethel town, Oxford County, Maine",04825,017,23,0.4085,0.0420,ACS 5-year 2019 (B19083)
2019,2015–2019,"Andover town, Oxford County, Maine",01325,017,23,0.3809,0.0456,ACS 5-year 2019 (B19083)
2019,2015–2019,"Dixfield town, Oxford County, Maine",17740,017,23,0.4758,0.0757,ACS 5-year 2019 (B19083)
2019,2015–2019,"Mexico town, Oxford County, Maine",45285,017,23,0.3681,0.0376,ACS 5-year 2019 (B19083)
2019,2015–2019,"Otisfield town, Oxford County, Maine",55960,017,23,0.4191,0.0536,ACS 5-year 2019 (B19083)
2019,2015–2019,"Hanover town, Oxford County, Maine",31110,017,23,0.3146,0.0756,ACS 5-year 2019 (B19083)
2019,2015–2019,"Hiram town, Oxford County, Maine",33315,017,23,0.4220,0.0377,ACS 5-year 2019 (B19083)
2019,2015–2019,"North Oxford UT, Oxford County, Maine",52575,017,23,-666666666.0000,-222222222.0000,ACS 5-year 2019 (B19083)
2019,2015–2019,"Greenwood town, Oxford County, Maine",29710,017,23,0.3672,0.0458,ACS 5-year 2019 (B19083)
2019,2015–2019,"Porter town, Oxford County, Maine",60405,017,23,0.3646,0.0307,ACS 5-year 2019 (B19083)
2019,2015–2019,"Lincoln plantation, Oxford County, Maine",39422,017,23,0.4885,0.0686,ACS 5-year 2019 (B19083)
2019,2015–2019,"Denmark town, Oxford County, Maine",17250,017,23,0.4281,0.0518,ACS 5-year 2019 (B19083)
2019,2015–2019,"Sumner town, Oxford County, Maine",75035,017,23,0.3655,0.0355,ACS 5-year 2019 (B19083)
2019,2015–2019,"Boothbay town, Lincoln County, Maine",06050,015,23,0.4083,0.0691,ACS 5-year 2019 (B19083)
2019,2015–2019,"Bristol town, Lincoln County, Maine",07485,015,23,0.4597,0.0655,ACS 5-year 2019 (B19083)
2019,2015–2019,"Dresden town, Lincoln County, Maine",18475,015,23,0.3425,0.0371,ACS 5-year 2019 (B19083)
2019,2015–2019,"Frankfort town, Waldo County, Maine",26280,027,23,0.3862,0.0522,ACS 5-year 2019 (B19083)
2019,2015–2019,"Monroe town, Waldo County, Maine",46475,027,23,0.4608,0.0532,ACS 5-year 2019 (B19083)
2019,2015–2019,"Waldo town, Waldo County, Maine",79480,027,23,0.4803,0.0918,ACS 5-year 2019 (B19083)
2019,2015–2019,"Montville town, Waldo County, Maine",46790,027,23,0.3429,0.0405,ACS 5-year 2019 (B19083)
2019,2015–2019,"Palermo town, Waldo County, Maine",56450,027,23,0.4595,0.1073,ACS 5-year 2019 (B19083)
2019,2015–2019,"Prospect town, Waldo County, Maine",61210,027,23,0.3756,0.0591,ACS 5-year 2019 (B19083)
2019,2015–2019,"Searsmont town, Waldo County, Maine",66565,027,23,0.3893,0.0489,ACS 5-year 2019 (B19083)
2019,2015–2019,"Stockton Springs town, Waldo County, Maine",74475,027,23,0.4378,0.0650,ACS 5-year 2019 (B19083)
2019,2015–2019,"Troy town, Waldo County, Maine",77625,027,23,0.3740,0.0453,ACS 5-year 2019 (B19083)
2019,2015–2019,"Northport town, Waldo County, Maine",52845,027,23,0.4496,0.0708,ACS 5-year 2019 (B19083)
2019,2015–2019,"Unity town, Waldo County, Maine",78255,027,23,0.4867,0.0535,ACS 5-year 2019 (B19083)
2019,2015–2019,"Freedom town, Waldo County, Maine",26420,027,23,0.3890,0.0879,ACS 5-year 2019 (B19083)
2019,2015–2019,"Islesboro town, Waldo County, Maine",35240,027,23,0.5130,0.1005,ACS 5-year 2019 (B19083)
2019,2015–2019,"Liberty town, Waldo County, Maine",39055,027,23,0.4115,0.0540,ACS 5-year 2019 (B19083)
2019,2015–2019,"Lincolnville town, Waldo County, Maine",39755,027,23,0.4552,0.0542,ACS 5-year 2019 (B19083)
2019,2015–2019,"Jackson town, Waldo County, Maine",35450,027,23,0.3880,0.0460,ACS 5-year 2019 (B19083)
2019,2015–2019,"Swanville town, Waldo County, Maine",75525,027,23,0.4607,0.0792,ACS 5-year 2019 (B19083)
2019,2015–2019,"Winterport town, Waldo County, Maine",86760,027,23,0.3901,0.0436,ACS 5-year 2019 (B19083)
2019,2015–2019,"Morrill town, Waldo County, Maine",47245,027,23,0.4276,0.0532,ACS 5-year 2019 (B19083)
2019,2015–2019,"Burnham town, Waldo County, Maine",09270,027,23,0.5094,0.0870,ACS 5-year 2019 (B19083)
2019,2015–2019,"Searsport town, Waldo County, Maine",66635,027,23,0.4467,0.0567,ACS 5-year 2019 (B19083)
2019,2015–2019,"Thorndike town, Waldo County, Maine",76610,027,23,0.4611,0.0503,ACS 5-year 2019 (B19083)
2019,2015–2019,"Burlington town, Penobscot County, Maine",09200,019,23,0.4430,0.0630,ACS 5-year 2019 (B19083)
2019,2015–2019,"Corinna town, Penobscot County, Maine",14310,019,23,0.3941,0.0344,ACS 5-year 2019 (B19083)
2019,2015–2019,"Dexter town, Penobscot County, Maine",17530,019,23,0.3886,0.0402,ACS 5-year 2019 (B19083)
2019,2015–2019,"Limestone town, Aroostook County, Maine",39300,003,23,0.3715,0.0429,ACS 5-year 2019 (B19083)
2019,2015–2019,"New Limerick town, Aroostook County, Maine",48960,003,23,0.5199,0.1039,ACS 5-year 2019 (B19083)
2019,2015–2019,"Smyrna town, Aroostook County, Maine",69260,003,23,0.4585,0.1127,ACS 5-year 2019 (B19083)
2019,2015–2019,"Amity town, Aroostook County, Maine",01220,003,23,0.5121,0.2006,ACS 5-year 2019 (B19083)
2019,2015–2019,"Merrill town, Aroostook County, Maine",45180,003,23,0.3705,0.0646,ACS 5-year 2019 (B19083)
2019,2015–2019,"Westfield town, Aroostook County, Maine",82770,003,23,0.3942,0.0455,ACS 5-year 2019 (B19083)
2019,2015–2019,"Haynesville town, Aroostook County, Maine",32195,003,23,0.4939,0.1049,ACS 5-year 2019 (B19083)
2019,2015–2019,"Perham town, Aroostook County, Maine",58060,003,23,0.5499,0.2203,ACS 5-year 2019 (B19083)
2019,2015–2019,"Fort Kent town, Aroostook County, Maine",25755,003,23,0.4192,0.0280,ACS 5-year 2019 (B19083)
2019,2015–2019,"Moro plantation, Aroostook County, Maine",47175,003,23,0.0632,0.0292,ACS 5-year 2019 (B19083)
2019,2015–2019,"Northwest Aroostook UT, Aroostook County, Maine",53602,003,23,-666666666.0000,-222222222.0000,ACS 5-year 2019 (B19083)
2019,2015–2019,"Beddington town, Washington County, Maine",03810,029,23,0.4158,0.2308,ACS 5-year 2019 (B19083)
2019,2015–2019,"Addison town, Washington County, Maine",00380,029,23,0.3821,0.0407,ACS 5-year 2019 (B19083)
2019,2015–2019,"Eastport city, Washington County, Maine",21730,029,23,0.5573,0.0853,ACS 5-year 2019 (B19083)
2019,2015–2019,"Pembroke town, Washington County, Maine",57780,029,23,0.4100,0.0357,ACS 5-year 2019 (B19083)
2019,2015–2019,"Columbia Falls town, Washington County, Maine",13820,029,23,0.3722,0.0521,ACS 5-year 2019 (B19083)
2019,2015–2019,"Deblois town, Washington County, Maine",16865,029,23,0.1886,0.0725,ACS 5-year 2019 (B19083)
2019,2015–2019,"Grand Lake Stream plantation, Washington County, Maine",28660,029,23,0.4835,0.0983,ACS 5-year 2019 (B19083)
2019,2015–2019,"Baileyville town, Washington County, Maine",02480,029,23,0.3974,0.0380,ACS 5-year 2019 (B19083)
2019,2015–2019,"Beals town, Washington County, Maine",03670,029,23,0.4589,0.0543,ACS 5-year 2019 (B19083)
2019,2015–2019,"East Machias town, Washington County, Maine",20960,029,23,0.4787,0.0863,ACS 5-year 2019 (B19083)
2019,2015–2019,"Jonesport town, Washington County, Maine",36010,029,23,0.3938,0.0372,ACS 5-year 2019 (B19083)
2019,2015–2019,"Machiasport town, Washington County, Maine",42100,029,23,0.4203,0.0658,ACS 5-year 2019 (B19083)
2019,2015–2019,"Princeton town, Washington County, Maine",61035,029,23,0.4339,0.0374,ACS 5-year 2019 (B19083)
2019,2015–2019,"Chapman town, Aroostook County, Maine",12000,003,23,0.3555,0.0612,ACS 5-year 2019 (B19083)
2019,2015–2019,"Sherman town, Aroostook County, Maine",67790,003,23,0.4118,0.0404,ACS 5-year 2019 (B19083)
2019,2015–2019,"Freeport town, Cumberland County, Maine",26525,005,23,0.4563,0.0725,ACS 5-year 2019 (B19083)
2019,2015–2019,"Easton town, Aroostook County, Maine",21380,003,23,0.4668,0.0432,ACS 5-year 2019 (B19083)
2019,2015–2019,"New Portland town, Somerset County, Maine",49205,025,23,0.4436,0.0506,ACS 5-year 2019 (B19083)
2019,2015–2019,"Embden town, Somerset County, Maine",23410,025,23,0.4304,0.0447,ACS 5-year 2019 (B19083)
2019,2015–2019,"West Forks plantation, Somerset County, Maine",82840,025,23,0.2933,0.1555,ACS 5-year 2019 (B19083)
2019,2015–2019,"Fairfield town, Somerset County, Maine",24320,025,23,0.4290,0.0341,ACS 5-year 2019 (B19083)
2019,2015–2019,"Pleasant Ridge plantation, Somerset County, Maine",59705,025,23,0.3490,0.1036,ACS 5-year 2019 (B19083)
2019,2015–2019,"Otis town, Hancock County, Maine",55890,009,23,0.4739,0.0769,ACS 5-year 2019 (B19083)
2019,2015–2019,"Osborn town, Hancock County, Maine",55855,009,23,0.3856,0.0867,ACS 5-year 2019 (B19083)
2019,2015–2019,"Swans Island town, Hancock County, Maine",75455,009,23,0.4497,0.0504,ACS 5-year 2019 (B19083)
2019,2015–2019,"Tremont town, Hancock County, Maine",77345,009,23,0.4042,0.0559,ACS 5-year 2019 (B19083)
2019,2015–2019,"Perry town, Washington County, Maine",58165,029,23,0.4014,0.0416,ACS 5-year 2019 (B19083)
2019,2015–2019,"Lubec town, Washington County, Maine",41610,029,23,0.4588,0.0668,ACS 5-year 2019 (B19083)
2019,2015–2019,"North Washington UT, Washington County, Maine",53500,029,23,0.3948,0.0653,ACS 5-year 2019 (B19083)
2019,2015–2019,"Passamaquoddy Pleasant Point Reservation, Washington County, Maine",57090,029,23,0.4495,0.0404,ACS 5-year 2019 (B19083)
2019,2015–2019,"Whitneyville town, Washington County, Maine",85290,029,23,0.5075,0.1434,ACS 5-year 2019 (B19083)
2019,2015–2019,"Topsfield town, Washington County, Maine",76895,029,23,0.4690,0.2180,ACS 5-year 2019 (B19083)
2019,2015–2019,"Charlotte town, Washington County, Maine",12175,029,23,0.4283,0.0648,ACS 5-year 2019 (B19083)
2019,2015–2019,"Danforth town, Washington County, Maine",16410,029,23,0.3581,0.0498,ACS 5-year 2019 (B19083)
2019,2015–2019,"Steuben town, Washington County, Maine",74125,029,23,0.4107,0.0451,ACS 5-year 2019 (B19083)
2019,2015–2019,"Calais city, Washington County, Maine",09585,029,23,0.5943,0.1527,ACS 5-year 2019 (B19083)
2019,2015–2019,"Cherryfield town, Washington County, Maine",12455,029,23,0.4557,0.0522,ACS 5-year 2019 (B19083)
2019,2015–2019,"Columbia town, Washington County, Maine",13750,029,23,0.2824,0.0327,ACS 5-year 2019 (B19083)
2019,2015–2019,"Milbridge town, Washington County, Maine",45600,029,23,0.4646,0.0469,ACS 5-year 2019 (B19083)
2019,2015–2019,"Robbinston town, Washington County, Maine",63275,029,23,0.4420,0.1028,ACS 5-year 2019 (B19083)
2019,2015–2019,"Meddybemps town, Washington County, Maine",44760,029,23,0.3607,0.0539,ACS 5-year 2019 (B19083)
2019,2015–2019,"Roque Bluffs town, Washington County, Maine",63940,029,23,0.4537,0.0903,ACS 5-year 2019 (B19083)
2019,2015–2019,"Passamaquoddy Indian Township Reservation, Washington County, Maine",57082,029,23,0.5048,0.0467,ACS 5-year 2019 (B19083)
2019,2015–2019,"Standish town, Cumberland County, Maine",73670,005,23,0.3555,0.0346,ACS 5-year 2019 (B19083)
2019,2015–2019,"Windham town, Cumberland County, Maine",86025,005,23,0.3623,0.0282,ACS 5-year 2019 (B19083)
2019,2015–2019,"North Yarmouth town, Cumberland County, Maine",53860,005,23,0.4060,0.0372,ACS 5-year 2019 (B19083)
2019,2015–2019,"Scarborough town, Cumberland County, Maine",66145,005,23,0.4304,0.0249,ACS 5-year 2019 (B19083)
2019,2015–2019,"Harrison town, Cumberland County, Maine",31600,005,23,0.4066,0.0317,ACS 5-year 2019 (B19083)
2019,2015–2019,"Cape Elizabeth town, Cumberland County, Maine",10180,005,23,0.4227,0.0286,ACS 5-year 2019 (B19083)
2019,2015–2019,"Long Island town, Cumberland County, Maine",41067,005,23,0.4674,0.0866,ACS 5-year 2019 (B19083)
2019,2015–2019,"Westbrook city, Cumberland County, Maine",82105,005,23,0.4180,0.0242,ACS 5-year 2019 (B19083)
2019,2015–2019,"Gray town, Cumberland County, Maine",28870,005,23,0.3561,0.0334,ACS 5-year 2019 (B19083)
2019,2015–2019,"Portland city, Cumberland County, Maine",60545,005,23,0.4620,0.0104,ACS 5-year 2019 (B19083)
2019,2015–2019,"Verona Island town, Hancock County, Maine",78925,009,23,0.3429,0.0600,ACS 5-year 2019 (B19083)
2019,2015–2019,"Phippsburg town, Sagadahoc County, Maine",58515,023,23,0.4965,0.1160,ACS 5-year 2019 (B19083)
2019,2015–2019,"Woolwich town, Sagadahoc County, Maine",87460,023,23,0.3271,0.0295,ACS 5-year 2019 (B19083)
2019,2015–2019,"Bowdoin town, Sagadahoc County, Maine",06260,023,23,0.3660,0.0381,ACS 5-year 2019 (B19083)
2019,2015–2019,"Limerick town, York County, Maine",39195,031,23,0.4272,0.0456,ACS 5-year 2019 (B19083)
2019,2015–2019,"Newfield town, York County, Maine",48750,031,23,0.3817,0.0675,ACS 5-year 2019 (B19083)
2019,2015–2019,"York town, York County, Maine",87985,031,23,0.4319,0.0417,ACS 5-year 2019 (B19083)
2019,2015–2019,"Lyman town, York County, Maine",41750,031,23,0.3598,0.0514,ACS 5-year 2019 (B19083)
2019,2015–2019,"Buxton town, York County, Maine",09410,031,23,0.4359,0.0674,ACS 5-year 2019 (B19083)
2019,2015–2019,"Dayton town, York County, Maine",16725,031,23,0.3044,0.0241,ACS 5-year 2019 (B19083)
2019,2015–2019,"Limington town, York County, Maine",39405,031,23,0.4272,0.0630,ACS 5-year 2019 (B19083)
2019,2015–2019,"Ogunquit town, York County, Maine",54980,031,23,0.4224,0.0518,ACS 5-year 2019 (B19083)
2019,2015–2019,"Saco city, York County, Maine",64675,031,23,0.3977,0.0283,ACS 5-year 2019 (B19083)
2019,2015–2019,"Alfred town, York County, Maine",00730,031,23,0.3847,0.0371,ACS 5-year 2019 (B19083)
2019,2015–2019,"Biddeford city, York County, Maine",04860,031,23,0.4377,0.0300,ACS 5-year 2019 (B19083)
2019,2015–2019,"Eliot town, York County, Maine",22955,031,23,0.3700,0.0334,ACS 5-year 2019 (B19083)
2019,2015–2019,"Kennebunk town, York County, Maine",36535,031,23,0.4749,0.0452,ACS 5-year 2019 (B19083)
2019,2015–2019,"North Berwick town, York County, Maine",50325,031,23,0.4058,0.0567,ACS 5-year 2019 (B19083)
2019,2015–2019,"Shapleigh town, York County, Maine",67475,031,23,0.2782,0.0302,ACS 5-year 2019 (B19083)
2019,2015–2019,"Waterboro town, York County, Maine",80530,031,23,0.3553,0.0354,ACS 5-year 2019 (B19083)
2019,2015–2019,"Kennebunkport town, York County, Maine",36745,031,23,0.4269,0.0440,ACS 5-year 2019 (B19083)
2019,2015–2019,"Peru town, Oxford County, Maine",58270,017,23,0.3784,0.0315,ACS 5-year 2019 (B19083)
2019,2015–2019,"Gilead town, Oxford County, Maine",27505,017,23,0.3960,0.0680,ACS 5-year 2019 (B19083)
2019,2015–2019,"Milton UT, Oxford County, Maine",46105,017,23,0.4637,0.1678,ACS 5-year 2019 (B19083)
2019,2015–2019,"Norway town, Oxford County, Maine",54000,017,23,0.4296,0.0366,ACS 5-year 2019 (B19083)
2019,2015–2019,"Buckfield town, Oxford County, Maine",08710,017,23,0.3899,0.0572,ACS 5-year 2019 (B19083)
2019,2015–2019,"Byron town, Oxford County, Maine",09550,017,23,0.6362,0.3136,ACS 5-year 2019 (B19083)
2019,2015–2019,"Paris town, Oxford County, Maine",56625,017,23,0.3872,0.0535,ACS 5-year 2019 (B19083)
2019,2015–2019,"Canton town, Oxford County, Maine",10005,017,23,0.4234,0.0461,ACS 5-year 2019 (B19083)
2019,2015–2019,"Chebeague Island town, Cumberland County, Maine",12300,005,23,0.5825,0.0874,ACS 5-year 2019 (B19083)
2019,2015–2019,"Durham town, Androscoggin County, Maine",19105,001,23,0.3645,0.0375,ACS 5-year 2019 (B19083)
2019,2015–2019,"Lewiston city, Androscoggin County, Maine",38740,001,23,0.4493,0.0293,ACS 5-year 2019 (B19083)
2019,2015–2019,"Poland town, Androscoggin County, Maine",60020,001,23,0.3395,0.0342,ACS 5-year 2019 (B19083)
2019,2015–2019,"Oxford town, Oxford County, Maine",56310,017,23,0.3754,0.0351,ACS 5-year 2019 (B19083)
2019,2015–2019,"Waterford town, Oxford County, Maine",80635,017,23,0.3907,0.0824,ACS 5-year 2019 (B19083)
2019,2015–2019,"Stoneham town, Oxford County, Maine",74510,017,23,0.3993,0.0576,ACS 5-year 2019 (B19083)
2019,2015–2019,"Brownfield town, Oxford County, Maine",08150,017,23,0.4256,0.0511,ACS 5-year 2019 (B19083)
2019,2015–2019,"Fryeburg town, Oxford County, Maine",26910,017,23,0.4002,0.0429,ACS 5-year 2019 (B19083)
2019,2015–2019,"Hebron town, Oxford County, Maine",32370,017,23,0.3189,0.0308,ACS 5-year 2019 (B19083)
2019,2015–2019,"Nobleboro town, Lincoln County, Maine",49660,015,23,0.3886,0.0405,ACS 5-year 2019 (B19083)
2019,2015–2019,"Waldoboro town, Lincoln County, Maine",79550,015,23,0.4522,0.0470,ACS 5-year 2019 (B19083)
2019,2015–2019,"Whitefield town, Lincoln County, Maine",85010,015,23,0.4163,0.0383,ACS 5-year 2019 (B19083)
2019,2015–2019,"Wiscasset town, Lincoln County, Maine",87075,015,23,0.4280,0.0527,ACS 5-year 2019 (B19083)
2019,2015–2019,"South Bristol town, Lincoln County, Maine",70240,015,23,0.4853,0.0564,ACS 5-year 2019 (B19083)
2019,2015–2019,"Augusta city, Kennebec County, Maine",02100,011,23,0.4375,0.0229,ACS 5-year 2019 (B19083)
2019,2015–2019,"Clinton town, Kennebec County, Maine",13470,011,23,0.3866,0.0479,ACS 5-year 2019 (B19083)
2019,2015–2019,"Litchfield town, Kennebec County, Maine",40175,011,23,0.3971,0.0366,ACS 5-year 2019 (B19083)
2019,2015–2019,"Pittston town, Kennebec County, Maine",59110,011,23,0.3951,0.0492,ACS 5-year 2019 (B19083)
2019,2015–2019,"Gardiner city, Kennebec County, Maine",27085,011,23,0.4445,0.0509,ACS 5-year 2019 (B19083)
2019,2015–2019,"Chelsea town, Kennebec County, Maine",12350,011,23,0.3872,0.0391,ACS 5-year 2019 (B19083)
2019,2015–2019,"Wayne town, Kennebec County, Maine",80880,011,23,0.4819,0.0867,ACS 5-year 2019 (B19083)
2019,2015–2019,"Winslow town, Kennebec County, Maine",86515,011,23,0.4182,0.0316,ACS 5-year 2019 (B19083)
2019,2015–2019,"Randolph town, Kennebec County, Maine",61700,011,23,0.4520,0.0422,ACS 5-year 2019 (B19083)
2019,2015–2019,"Sidney town, Kennebec County, Maine",68385,011,23,0.3518,0.0342,ACS 5-year 2019 (B19083)
2019,2015–2019,"Albion town, Kennebec County, Maine",00590,011,23,0.4039,0.0549,ACS 5-year 2019 (B19083)
2019,2015–2019,"Hallowell city, Kennebec County, Maine",30550,011,23,0.4793,0.0574,ACS 5-year 2019 (B19083)
2019,2015–2019,"Vienna town, Kennebec County, Maine",79025,011,23,0.4032,0.0643,ACS 5-year 2019 (B19083)
2019,2015–2019,"Belgrade town, Kennebec County, Maine",04020,011,23,0.4252,0.0640,ACS 5-year 2019 (B19083)
2019,2015–2019,"Benton town, Kennebec County, Maine",04475,011,23,0.3831,0.0365,ACS 5-year 2019 (B19083)
2019,2015–2019,"Farmingdale town, Kennebec County, Maine",24670,011,23,0.4888,0.0716,ACS 5-year 2019 (B19083)
2019,2015–2019,"Manchester town, Kennebec County, Maine",43080,011,23,0.4518,0.0596,ACS 5-year 2019 (B19083)
2019,2015–2019,"Monmouth town, Kennebec County, Maine",46405,011,23,0.3981,0.0448,ACS 5-year 2019 (B19083)
2019,2015–2019,"Windsor town, Kennebec County, Maine",86165,011,23,0.3502,0.0586,ACS 5-year 2019 (B19083)
2019,2015–2019,"Oakland town, Kennebec County, Maine",54560,011,23,0.4165,0.0395,ACS 5-year 2019 (B19083)
2019,2015–2019,"Unity UT, Kennebec County, Maine",78190,011,23,0.2242,0.1383,ACS 5-year 2019 (B19083)
2019,2015–2019,"Winthrop town, Kennebec County, Maine",86970,011,23,0.4044,0.0378,ACS 5-year 2019 (B19083)
2019,2015–2019,"China town, Kennebec County, Maine",12735,011,23,0.3495,0.0393,ACS 5-year 2019 (B19083)
2019,2015–2019,"Readfield town, Kennebec County, Maine",62190,011,23,0.4292,0.0591,ACS 5-year 2019 (B19083)
2019,2015–2019,"Vassalboro town, Kennebec County, Maine",78745,011,23,0.3864,0.0336,ACS 5-year 2019 (B19083)
2019,2015–2019,"Waterville city, Kennebec County, Maine",80740,011,23,0.5256,0.0457,ACS 5-year 2019 (B19083)
2019,2015–2019,"Weld town, Franklin County, Maine",81300,007,23,0.4297,0.0647,ACS 5-year 2019 (B19083)
2019,2015–2019,"Phillips town, Franklin County, Maine",58445,007,23,0.3840,0.0397,ACS 5-year 2019 (B19083)
2019,2015–2019,"Temple town, Franklin County, Maine",75980,007,23,0.4462,0.0698,ACS 5-year 2019 (B19083)
2019,2015–2019,"Chesterville town, Franklin County, Maine",12595,007,23,0.3832,0.0362,ACS 5-year 2019 (B19083)
2019,2015–2019,"Coplin plantation, Franklin County, Maine",14205,007,23,0.3656,0.1171,ACS 5-year 2019 (B19083)
2019,2015–2019,"Jay town, Franklin County, Maine",35625,007,23,0.3726,0.0750,ACS 5-year 2019 (B19083)
2019,2015–2019,"Wyman UT, Franklin County, Maine",87680,007,23,0.3393,0.1582,ACS 5-year 2019 (B19083)
2019,2015–2019,"Sandy River plantation, Franklin County, Maine",65655,007,23,0.3153,0.1030,ACS 5-year 2019 (B19083)
2019,2015–2019,"Strong town, Franklin County, Maine",74825,007,23,0.5163,0.0981,ACS 5-year 2019 (B19083)
2019,2015–2019,"Avon town, Franklin County, Maine",02235,007,23,0.5379,0.0748,ACS 5-year 2019 (B19083)
2019,2015–2019,"Carrabassett Valley town, Franklin County, Maine",10740,007,23,0.4803,0.0702,ACS 5-year 2019 (B19083)
2019,2015–2019,"West Central Franklin UT, Franklin County, Maine",82235,007,23,-666666666.0000,-222222222.0000,ACS 5-year 2019 (B19083)
2019,2015–2019,"Dallas plantation, Franklin County, Maine",16165,007,23,0.5487,0.1724,ACS 5-year 2019 (B19083)
2019,2015–2019,"Kingfield town, Franklin County, Maine",37025,007,23,0.4440,0.0609,ACS 5-year 2019 (B19083)
2019,2015–2019,"Carthage town, Franklin County, Maine",10915,007,23,0.3738,0.0484,ACS 5-year 2019 (B19083)
2019,2015–2019,"Stow town, Oxford County, Maine",74685,017,23,0.3595,0.0523,ACS 5-year 2019 (B19083)
2019,2015–2019,"Magalloway plantation, Oxford County, Maine",42835,017,23,0.3410,0.0708,ACS 5-year 2019 (B19083)
2019,2015–2019,"Bremen town, Lincoln County, Maine",06855,015,23,0.4288,0.0549,ACS 5-year 2019 (B19083)
2019,2015–2019,"Somerville town, Lincoln County, Maine",69645,015,23,0.3052,0.0426,ACS 5-year 2019 (B19083)
2019,2015–2019,"East Central Franklin UT, Franklin County, Maine",19865,007,23,0.4025,0.0741,ACS 5-year 2019 (B19083)
2019,2015–2019,"North Franklin UT, Franklin County, Maine",51400,007,23,0.2829,0.1732,ACS 5-year 2019 (B19083)
2019,2015–2019,"Eustis town, Franklin County, Maine",24005,007,23,0.5042,0.0570,ACS 5-year 2019 (B19083)
2019,2015–2019,"New Vineyard town, Franklin County, Maine",49520,007,23,0.4978,0.0664,ACS 5-year 2019 (B19083)
2019,2015–2019,"Caratunk town, Somerset County, Maine",10495,025,23,0.4631,0.1504,ACS 5-year 2019 (B19083)
2019,2015–2019,"Canaan town, Somerset County, Maine",09935,025,23,0.3605,0.0341,ACS 5-year 2019 (B19083)
2019,2015–2019,"Central Somerset UT, Somerset County, Maine",11820,025,23,0.5018,0.1146,ACS 5-year 2019 (B19083)
2020,2016–2020,"Columbia town, Washington County, Maine",13750,029,23,0.3022,0.0492,ACS 5-year 2020 (B19083)
2020,2016–2020,"Cutler town, Washington County, Maine",15920,029,23,0.3942,0.0608,ACS 5-year 2020 (B19083)
2020,2016–2020,"Dennysville town, Washington County, Maine",17355,029,23,0.5022,0.0612,ACS 5-year 2020 (B19083)
2020,2016–2020,"Grand Lake Stream plantation, Washington County, Maine",28660,029,23,0.4106,0.1301,ACS 5-year 2020 (B19083)
2020,2016–2020,"Lubec town, Washington County, Maine",41610,029,23,0.4961,0.0603,ACS 5-year 2020 (B19083)
2020,2016–2020,"Meddybemps town, Washington County, Maine",44760,029,23,0.3593,0.0580,ACS 5-year 2020 (B19083)
2020,2016–2020,"Biddeford city, York County, Maine",04860,031,23,0.4218,0.0219,ACS 5-year 2020 (B19083)
2020,2016–2020,"Dayton town, York County, Maine",16725,031,23,0.2926,0.0224,ACS 5-year 2020 (B19083)
2020,2016–2020,"Kennebunkport town, York County, Maine",36745,031,23,0.4591,0.0528,ACS 5-year 2020 (B19083)
2020,2016–2020,"Limington town, York County, Maine",39405,031,23,0.4142,0.0660,ACS 5-year 2020 (B19083)
2020,2016–2020,"North Berwick town, York County, Maine",50325,031,23,0.4517,0.1085,ACS 5-year 2020 (B19083)
2020,2016–2020,"Saco city, York County, Maine",64675,031,23,0.4207,0.0264,ACS 5-year 2020 (B19083)
2020,2016–2020,"South Berwick town, York County, Maine",70030,031,23,0.3915,0.0509,ACS 5-year 2020 (B19083)
2020,2016–2020,"Auburn city, Androscoggin County, Maine",02060,001,23,0.4617,0.0392,ACS 5-year 2020 (B19083)
2020,2016–2020,"Lewiston city, Androscoggin County, Maine",38740,001,23,0.4525,0.0306,ACS 5-year 2020 (B19083)
2020,2016–2020,"Livermore Falls town, Androscoggin County, Maine",40770,001,23,0.3633,0.0477,ACS 5-year 2020 (B19083)
2020,2016–2020,"Sabattus town, Androscoggin County, Maine",64570,001,23,0.3748,0.0455,ACS 5-year 2020 (B19083)
2020,2016–2020,"Amity town, Aroostook County, Maine",01220,003,23,0.6193,0.1523,ACS 5-year 2020 (B19083)
2020,2016–2020,"Blaine town, Aroostook County, Maine",05385,003,23,0.4117,0.0736,ACS 5-year 2020 (B19083)
2020,2016–2020,"Caswell town, Aroostook County, Maine",11335,003,23,0.3458,0.0701,ACS 5-year 2020 (B19083)
2020,2016–2020,"Crystal town, Aroostook County, Maine",15395,003,23,0.3799,0.0780,ACS 5-year 2020 (B19083)
2020,2016–2020,"Eagle Lake town, Aroostook County, Maine",19420,003,23,0.4150,0.0447,ACS 5-year 2020 (B19083)
2020,2016–2020,"Frenchville town, Aroostook County, Maine",26735,003,23,0.3563,0.0425,ACS 5-year 2020 (B19083)
2020,2016–2020,"Hamlin town, Aroostook County, Maine",30690,003,23,0.6908,0.1370,ACS 5-year 2020 (B19083)
2020,2016–2020,"Hersey town, Aroostook County, Maine",32685,003,23,0.2834,0.1380,ACS 5-year 2020 (B19083)
2020,2016–2020,"New Limerick town, Aroostook County, Maine",48960,003,23,0.4857,0.0778,ACS 5-year 2020 (B19083)
2020,2016–2020,"Orient town, Aroostook County, Maine",55435,003,23,0.6736,0.0883,ACS 5-year 2020 (B19083)
2020,2016–2020,"Portage Lake town, Aroostook County, Maine",60300,003,23,0.4500,0.0534,ACS 5-year 2020 (B19083)
2020,2016–2020,"St. Francis town, Aroostook County, Maine",65025,003,23,0.3804,0.0579,ACS 5-year 2020 (B19083)
2020,2016–2020,"South Aroostook UT, Aroostook County, Maine",69930,003,23,0.3770,0.0569,ACS 5-year 2020 (B19083)
2020,2016–2020,"Wade town, Aroostook County, Maine",79270,003,23,0.3744,0.0627,ACS 5-year 2020 (B19083)
2020,2016–2020,"Westfield town, Aroostook County, Maine",82770,003,23,0.4062,0.0557,ACS 5-year 2020 (B19083)
2020,2016–2020,"Woodland town, Aroostook County, Maine",87215,003,23,0.3695,0.0360,ACS 5-year 2020 (B19083)
2020,2016–2020,"Cape Elizabeth town, Cumberland County, Maine",10180,005,23,0.4116,0.0327,ACS 5-year 2020 (B19083)
2020,2016–2020,"Cumberland town, Cumberland County, Maine",15430,005,23,0.4499,0.0458,ACS 5-year 2020 (B19083)
2020,2016–2020,"Gorham town, Cumberland County, Maine",28240,005,23,0.3722,0.0223,ACS 5-year 2020 (B19083)
2020,2016–2020,"Long Island town, Cumberland County, Maine",41067,005,23,0.4788,0.0807,ACS 5-year 2020 (B19083)
2020,2016–2020,"Portland city, Cumberland County, Maine",60545,005,23,0.4631,0.0144,ACS 5-year 2020 (B19083)
2020,2016–2020,"Jay town, Franklin County, Maine",35625,007,23,0.3484,0.0636,ACS 5-year 2020 (B19083)
2020,2016–2020,"North Franklin UT, Franklin County, Maine",51400,007,23,-666666666.0000,-222222222.0000,ACS 5-year 2020 (B19083)
2020,2016–2020,"Rangeley plantation, Franklin County, Maine",61875,007,23,0.3499,0.0999,ACS 5-year 2020 (B19083)
2020,2016–2020,"Temple town, Franklin County, Maine",75980,007,23,0.3726,0.0739,ACS 5-year 2020 (B19083)
2020,2016–2020,"Wyman UT, Franklin County, Maine",87680,007,23,0.2861,0.1550,ACS 5-year 2020 (B19083)
2020,2016–2020,"Bar Harbor town, Hancock County, Maine",02865,009,23,0.4403,0.0581,ACS 5-year 2020 (B19083)
2020,2016–2020,"Bucksport town, Hancock County, Maine",08815,009,23,0.4141,0.0682,ACS 5-year 2020 (B19083)
2020,2016–2020,"Dedham town, Hancock County, Maine",16935,009,23,0.4462,0.0630,ACS 5-year 2020 (B19083)
2020,2016–2020,"East Hancock UT, Hancock County, Maine",20405,009,23,0.3946,0.1154,ACS 5-year 2020 (B19083)
2020,2016–2020,"Gouldsboro town, Hancock County, Maine",28450,009,23,0.5360,0.0765,ACS 5-year 2020 (B19083)
2020,2016–2020,"Lamoine town, Hancock County, Maine",38180,009,23,0.3984,0.0554,ACS 5-year 2020 (B19083)
2020,2016–2020,"Northwest Hancock UT, Hancock County, Maine",53620,009,23,-666666666.0000,-222222222.0000,ACS 5-year 2020 (B19083)
2020,2016–2020,"Penobscot town, Hancock County, Maine",57920,009,23,0.4778,0.0992,ACS 5-year 2020 (B19083)
2020,2016–2020,"Southwest Harbor town, Hancock County, Maine",72865,009,23,0.4378,0.0423,ACS 5-year 2020 (B19083)
2020,2016–2020,"Hallowell city, Kennebec County, Maine",30550,011,23,0.4797,0.0606,ACS 5-year 2020 (B19083)
2020,2016–2020,"Mount Vernon town, Kennebec County, Maine",47770,011,23,0.4149,0.0586,ACS 5-year 2020 (B19083)
2020,2016–2020,"Randolph town, Kennebec County, Maine",61700,011,23,0.4685,0.0575,ACS 5-year 2020 (B19083)
2020,2016–2020,"Unity UT, Kennebec County, Maine",78190,011,23,0.3609,0.1814,ACS 5-year 2020 (B19083)
2020,2016–2020,"Wayne town, Kennebec County, Maine",80880,011,23,0.4957,0.0877,ACS 5-year 2020 (B19083)
2020,2016–2020,"Winslow town, Kennebec County, Maine",86515,011,23,0.4459,0.0540,ACS 5-year 2020 (B19083)
2020,2016–2020,"Criehaven UT, Knox County, Maine",15125,013,23,-666666666.0000,-222222222.0000,ACS 5-year 2020 (B19083)
2020,2016–2020,"Hope town, Knox County, Maine",33840,013,23,0.4258,0.0616,ACS 5-year 2020 (B19083)
2020,2016–2020,"North Haven town, Knox County, Maine",51620,013,23,0.3834,0.0806,ACS 5-year 2020 (B19083)
2020,2016–2020,"Rockport town, Knox County, Maine",63660,013,23,0.4454,0.0856,ACS 5-year 2020 (B19083)
2020,2016–2020,"Union town, Knox County, Maine",78115,013,23,0.3545,0.0370,ACS 5-year 2020 (B19083)
2020,2016–2020,"Washington town, Knox County, Maine",80425,013,23,0.5990,0.1382,ACS 5-year 2020 (B19083)
2020,2016–2020,"Bremen town, Lincoln County, Maine",06855,015,23,0.4215,0.0430,ACS 5-year 2020 (B19083)
2020,2016–2020,"Dresden town, Lincoln County, Maine",18475,015,23,0.3765,0.0516,ACS 5-year 2020 (B19083)
2020,2016–2020,"Byron town, Oxford County, Maine",09550,017,23,0.3856,0.3139,ACS 5-year 2020 (B19083)
2020,2016–2020,"Dixfield town, Oxford County, Maine",17740,017,23,0.4763,0.0761,ACS 5-year 2020 (B19083)
2020,2016–2020,"Hanover town, Oxford County, Maine",31110,017,23,0.7284,0.1315,ACS 5-year 2020 (B19083)
2020,2016–2020,"Hiram town, Oxford County, Maine",33315,017,23,0.3841,0.0383,ACS 5-year 2020 (B19083)
2020,2016–2020,"Mexico town, Oxford County, Maine",45285,017,23,0.3835,0.0404,ACS 5-year 2020 (B19083)
2020,2016–2020,"North Oxford UT, Oxford County, Maine",52575,017,23,-666666666.0000,-222222222.0000,ACS 5-year 2020 (B19083)
2020,2016–2020,"Paris town, Oxford County, Maine",56625,017,23,0.3980,0.0734,ACS 5-year 2020 (B19083)
2020,2016–2020,"Roxbury town, Oxford County, Maine",64185,017,23,0.3817,0.0588,ACS 5-year 2020 (B19083)
2020,2016–2020,"Stow town, Oxford County, Maine",74685,017,23,0.3734,0.0396,ACS 5-year 2020 (B19083)
2020,2016–2020,"Upton town, Oxford County, Maine",78465,017,23,0.4813,0.1774,ACS 5-year 2020 (B19083)
2020,2016–2020,"Alton town, Penobscot County, Maine",01115,019,23,0.4621,0.0738,ACS 5-year 2020 (B19083)
2020,2016–2020,"Bradford town, Penobscot County, Maine",06575,019,23,0.3553,0.0464,ACS 5-year 2020 (B19083)
2020,2016–2020,"Carmel town, Penobscot County, Maine",10670,019,23,0.3143,0.0529,ACS 5-year 2020 (B19083)
2020,2016–2020,"Clifton town, Penobscot County, Maine",13365,019,23,0.4086,0.0671,ACS 5-year 2020 (B19083)
2020,2016–2020,"Dexter town, Penobscot County, Maine",17530,019,23,0.3803,0.0324,ACS 5-year 2020 (B19083)
2020,2016–2020,"Lakeville town, Penobscot County, Maine",38005,019,23,0.4781,0.1239,ACS 5-year 2020 (B19083)
2020,2016–2020,"Lincoln town, Penobscot County, Maine",39475,019,23,0.4748,0.0845,ACS 5-year 2020 (B19083)
2020,2016–2020,"Medway town, Penobscot County, Maine",45005,019,23,0.3992,0.0562,ACS 5-year 2020 (B19083)
2020,2016–2020,"Newburgh town, Penobscot County, Maine",48505,019,23,0.4075,0.0462,ACS 5-year 2020 (B19083)
2020,2016–2020,"Old Town city, Penobscot County, Maine",55225,019,23,0.4550,0.0447,ACS 5-year 2020 (B19083)
2020,2016–2020,"Patten town, Penobscot County, Maine",57150,019,23,0.4477,0.0881,ACS 5-year 2020 (B19083)
2020,2016–2020,"Seboeis plantation, Penobscot County, Maine",67160,019,23,0.2736,0.1526,ACS 5-year 2020 (B19083)
2020,2016–2020,"Stetson town, Penobscot County, Maine",74055,019,23,0.3707,0.0493,ACS 5-year 2020 (B19083)
2020,2016–2020,"Whitney UT, Penobscot County, Maine",85230,019,23,-666666666.0000,-222222222.0000,ACS 5-year 2020 (B19083)
2020,2016–2020,"Beaver Cove town, Piscataquis County, Maine",03740,021,23,0.3339,0.1154,ACS 5-year 2020 (B19083)
2020,2016–2020,"Brownville town, Piscataquis County, Maine",08325,021,23,0.4238,0.0471,ACS 5-year 2020 (B19083)
2020,2016–2020,"Kingsbury plantation, Piscataquis County, Maine",37095,021,23,-666666666.0000,-222222222.0000,ACS 5-year 2020 (B19083)
2020,2016–2020,"Monson town, Piscataquis County, Maine",46580,021,23,0.5568,0.1533,ACS 5-year 2020 (B19083)
2020,2016–2020,"Woolwich town, Sagadahoc County, Maine",87460,023,23,0.4116,0.0662,ACS 5-year 2020 (B19083)
2020,2016–2020,"Brighton plantation, Somerset County, Maine",07380,025,23,0.4460,0.1328,ACS 5-year 2020 (B19083)
2020,2016–2020,"Central Somerset UT, Somerset County, Maine",11820,025,23,0.3920,0.1876,ACS 5-year 2020 (B19083)
2020,2016–2020,"Embden town, Somerset County, Maine",23410,025,23,0.4040,0.0608,ACS 5-year 2020 (B19083)
2020,2016–2020,"Hartland town, Somerset County, Maine",31740,025,23,0.4681,0.0378,ACS 5-year 2020 (B19083)
2020,2016–2020,"Mercer town, Somerset County, Maine",45110,025,23,0.4130,0.1071,ACS 5-year 2020 (B19083)
2020,2016–2020,"New Portland town, Somerset County, Maine",49205,025,23,0.4279,0.0685,ACS 5-year 2020 (B19083)
2020,2016–2020,"Palmyra town, Somerset County, Maine",56520,025,23,0.3807,0.0352,ACS 5-year 2020 (B19083)
2020,2016–2020,"St. Albans town, Somerset County, Maine",64850,025,23,0.5598,0.1394,ACS 5-year 2020 (B19083)
2020,2016–2020,"Smithfield town, Somerset County, Maine",69155,025,23,0.3983,0.0815,ACS 5-year 2020 (B19083)
2020,2016–2020,"West Forks plantation, Somerset County, Maine",82840,025,23,0.2744,0.2411,ACS 5-year 2020 (B19083)
2020,2016–2020,"Burnham town, Waldo County, Maine",09270,027,23,0.4629,0.0493,ACS 5-year 2020 (B19083)
2020,2016–2020,"Islesboro town, Waldo County, Maine",35240,027,23,0.5291,0.1208,ACS 5-year 2020 (B19083)
2020,2016–2020,"Lincolnville town, Waldo County, Maine",39755,027,23,0.4364,0.0553,ACS 5-year 2020 (B19083)
2020,2016–2020,"Baring plantation, Washington County, Maine",02970,029,23,0.3632,0.0414,ACS 5-year 2020 (B19083)
2020,2016–2020,"Calais city, Washington County, Maine",09585,029,23,0.4629,0.0457,ACS 5-year 2020 (B19083)
2020,2016–2020,"Addison town, Washington County, Maine",00380,029,23,0.4145,0.0492,ACS 5-year 2020 (B19083)
2020,2016–2020,"Alexander town, Washington County, Maine",00660,029,23,0.3853,0.0449,ACS 5-year 2020 (B19083)
2020,2016–2020,"Baileyville town, Washington County, Maine",02480,029,23,0.4049,0.0522,ACS 5-year 2020 (B19083)
2020,2016–2020,"Beals town, Washington County, Maine",03670,029,23,0.4248,0.0620,ACS 5-year 2020 (B19083)
2020,2016–2020,"Beddington town, Washington County, Maine",03810,029,23,0.4842,0.1534,ACS 5-year 2020 (B19083)
2020,2016–2020,"Charlotte town, Washington County, Maine",12175,029,23,0.4184,0.0486,ACS 5-year 2020 (B19083)
2020,2016–2020,"Cherryfield town, Washington County, Maine",12455,029,23,0.4736,0.0489,ACS 5-year 2020 (B19083)
2020,2016–2020,"Codyville plantation, Washington County, Maine",13610,029,23,0.0662,0.0859,ACS 5-year 2020 (B19083)
2020,2016–2020,"Columbia Falls town, Washington County, Maine",13820,029,23,0.3711,0.0507,ACS 5-year 2020 (B19083)
2020,2016–2020,"Cooper town, Washington County, Maine",14100,029,23,0.4030,0.0587,ACS 5-year 2020 (B19083)
2020,2016–2020,"Crawford town, Washington County, Maine",14940,029,23,0.4159,0.1011,ACS 5-year 2020 (B19083)
2020,2016–2020,"Danforth town, Washington County, Maine",16410,029,23,0.3168,0.0647,ACS 5-year 2020 (B19083)
2020,2016–2020,"Deblois town, Washington County, Maine",16865,029,23,0.2356,0.0848,ACS 5-year 2020 (B19083)
2020,2016–2020,"East Central Washington UT, Washington County, Maine",19870,029,23,0.3939,0.0481,ACS 5-year 2020 (B19083)
2020,2016–2020,"East Machias town, Washington County, Maine",20960,029,23,0.4744,0.0943,ACS 5-year 2020 (B19083)
2020,2016–2020,"Eastport city, Washington County, Maine",21730,029,23,0.5078,0.0763,ACS 5-year 2020 (B19083)
2020,2016–2020,"Harrington town, Washington County, Maine",31530,029,23,0.3545,0.0422,ACS 5-year 2020 (B19083)
2020,2016–2020,"Jonesboro town, Washington County, Maine",35905,029,23,0.3666,0.0614,ACS 5-year 2020 (B19083)
2020,2016–2020,"Jonesport town, Washington County, Maine",36010,029,23,0.3870,0.0332,ACS 5-year 2020 (B19083)
2020,2016–2020,"Machias town, Washington County, Maine",41960,029,23,0.4918,0.0425,ACS 5-year 2020 (B19083)
2020,2016–2020,"Machiasport town, Washington County, Maine",42100,029,23,0.4149,0.0641,ACS 5-year 2020 (B19083)
2020,2016–2020,"Marshfield town, Washington County, Maine",43640,029,23,0.3844,0.0416,ACS 5-year 2020 (B19083)
2020,2016–2020,"Milbridge town, Washington County, Maine",45600,029,23,0.4288,0.0520,ACS 5-year 2020 (B19083)
2020,2016–2020,"Northfield town, Washington County, Maine",51375,029,23,0.4808,0.0567,ACS 5-year 2020 (B19083)
2020,2016–2020,"North Washington UT, Washington County, Maine",53500,029,23,0.4374,0.0738,ACS 5-year 2020 (B19083)
2020,2016–2020,"Passamaquoddy Indian Township Reservation, Washington County, Maine",57082,029,23,0.5409,0.0520,ACS 5-year 2020 (B19083)
2020,2016–2020,"Passamaquoddy Pleasant Point Reservation, Washington County, Maine",57090,029,23,0.4341,0.0415,ACS 5-year 2020 (B19083)
2020,2016–2020,"Pembroke town, Washington County, Maine",57780,029,23,0.3944,0.0365,ACS 5-year 2020 (B19083)
2020,2016–2020,"Perry town, Washington County, Maine",58165,029,23,0.4280,0.0543,ACS 5-year 2020 (B19083)
2020,2016–2020,"Princeton town, Washington County, Maine",61035,029,23,0.4706,0.0424,ACS 5-year 2020 (B19083)
2020,2016–2020,"Robbinston town, Washington County, Maine",63275,029,23,0.4787,0.0844,ACS 5-year 2020 (B19083)
2020,2016–2020,"Roque Bluffs town, Washington County, Maine",63940,029,23,0.4767,0.0961,ACS 5-year 2020 (B19083)
2020,2016–2020,"Steuben town, Washington County, Maine",74125,029,23,0.4134,0.0603,ACS 5-year 2020 (B19083)
2020,2016–2020,"Talmadge town, Washington County, Maine",75770,029,23,0.3093,0.1260,ACS 5-year 2020 (B19083)
2020,2016–2020,"Topsfield town, Washington County, Maine",76895,029,23,0.4517,0.2360,ACS 5-year 2020 (B19083)
2020,2016–2020,"Allagash town, Aroostook County, Maine",00800,003,23,0.4539,0.0796,ACS 5-year 2020 (B19083)
2020,2016–2020,"Ashland town, Aroostook County, Maine",01710,003,23,0.4350,0.0668,ACS 5-year 2020 (B19083)
2020,2016–2020,"Bancroft UT, Aroostook County, Maine",02762,003,23,0.2636,0.1180,ACS 5-year 2020 (B19083)
2020,2016–2020,"Bridgewater town, Aroostook County, Maine",07065,003,23,0.4599,0.0769,ACS 5-year 2020 (B19083)
2020,2016–2020,"Caribou city, Aroostook County, Maine",10565,003,23,0.4712,0.0441,ACS 5-year 2020 (B19083)
2020,2016–2020,"Castle Hill town, Aroostook County, Maine",11300,003,23,0.4053,0.0804,ACS 5-year 2020 (B19083)
2020,2016–2020,"Central Aroostook UT, Aroostook County, Maine",11785,003,23,0.2204,0.0571,ACS 5-year 2020 (B19083)
2020,2016–2020,"Chapman town, Aroostook County, Maine",12000,003,23,0.3509,0.0779,ACS 5-year 2020 (B19083)
2020,2016–2020,"Connor UT, Aroostook County, Maine",13900,003,23,0.4937,0.0914,ACS 5-year 2020 (B19083)
2020,2016–2020,"Cyr plantation, Aroostook County, Maine",15990,003,23,0.3885,0.0691,ACS 5-year 2020 (B19083)
2020,2016–2020,"Dyer Brook town, Aroostook County, Maine",19210,003,23,0.3123,0.1020,ACS 5-year 2020 (B19083)
2020,2016–2020,"Easton town, Aroostook County, Maine",21380,003,23,0.4625,0.0538,ACS 5-year 2020 (B19083)
2020,2016–2020,"Fort Fairfield town, Aroostook County, Maine",25615,003,23,0.4618,0.0554,ACS 5-year 2020 (B19083)
2020,2016–2020,"Fort Kent town, Aroostook County, Maine",25755,003,23,0.5136,0.1309,ACS 5-year 2020 (B19083)
2020,2016–2020,"Garfield plantation, Aroostook County, Maine",27120,003,23,0.4086,0.1145,ACS 5-year 2020 (B19083)
2020,2016–2020,"Glenwood plantation, Aroostook County, Maine",27855,003,23,-666666666.0000,-222222222.0000,ACS 5-year 2020 (B19083)
2020,2016–2020,"Grand Isle town, Aroostook County, Maine",28590,003,23,0.4226,0.0598,ACS 5-year 2020 (B19083)
2020,2016–2020,"Hammond town, Aroostook County, Maine",30725,003,23,0.3234,0.0523,ACS 5-year 2020 (B19083)
2020,2016–2020,"Haynesville town, Aroostook County, Maine",32195,003,23,0.4450,0.1039,ACS 5-year 2020 (B19083)
2020,2016–2020,"Hodgdon town, Aroostook County, Maine",33385,003,23,0.4416,0.0610,ACS 5-year 2020 (B19083)
2020,2016–2020,"Houlton town, Aroostook County, Maine",33980,003,23,0.5042,0.0523,ACS 5-year 2020 (B19083)
2020,2016–2020,"Island Falls town, Aroostook County, Maine",35065,003,23,0.4714,0.0456,ACS 5-year 2020 (B19083)
2020,2016–2020,"Limestone town, Aroostook County, Maine",39300,003,23,0.4310,0.0579,ACS 5-year 2020 (B19083)
2020,2016–2020,"Linneus town, Aroostook County, Maine",39965,003,23,0.3168,0.0400,ACS 5-year 2020 (B19083)
2020,2016–2020,"Littleton town, Aroostook County, Maine",40595,003,23,0.3873,0.0485,ACS 5-year 2020 (B19083)
2020,2016–2020,"Ludlow town, Aroostook County, Maine",41715,003,23,0.4603,0.1042,ACS 5-year 2020 (B19083)
2020,2016–2020,"Macwahoc plantation, Aroostook County, Maine",42450,003,23,0.3767,0.1410,ACS 5-year 2020 (B19083)
2020,2016–2020,"Madawaska town, Aroostook County, Maine",42520,003,23,0.4469,0.0465,ACS 5-year 2020 (B19083)
2020,2016–2020,"Mapleton town, Aroostook County, Maine",43255,003,23,0.3988,0.0516,ACS 5-year 2020 (B19083)
2020,2016–2020,"Mars Hill town, Aroostook County, Maine",43710,003,23,0.3661,0.0701,ACS 5-year 2020 (B19083)
2020,2016–2020,"Masardis town, Aroostook County, Maine",43990,003,23,0.3274,0.1131,ACS 5-year 2020 (B19083)
2020,2016–2020,"Merrill town, Aroostook County, Maine",45180,003,23,0.3225,0.0847,ACS 5-year 2020 (B19083)
2020,2016–2020,"Monticello town, Aroostook County, Maine",46685,003,23,0.4841,0.0948,ACS 5-year 2020 (B19083)
2020,2016–2020,"Moro plantation, Aroostook County, Maine",47175,003,23,-666666666.0000,-222222222.0000,ACS 5-year 2020 (B19083)
2020,2016–2020,"Nashville plantation, Aroostook County, Maine",48120,003,23,0.2340,0.2420,ACS 5-year 2020 (B19083)
2020,2016–2020,"New Canada town, Aroostook County, Maine",48575,003,23,0.3365,0.0783,ACS 5-year 2020 (B19083)
2020,2016–2020,"New Sweden town, Aroostook County, Maine",49415,003,23,0.4087,0.0493,ACS 5-year 2020 (B19083)
2020,2016–2020,"Northwest Aroostook UT, Aroostook County, Maine",53602,003,23,-666666666.0000,-222222222.0000,ACS 5-year 2020 (B19083)
2020,2016–2020,"Oakfield town, Aroostook County, Maine",54385,003,23,0.3244,0.0477,ACS 5-year 2020 (B19083)
2020,2016–2020,"Penobscot Indian Island Reservation, Aroostook County, Maine",57936,003,23,-666666666.0000,-222222222.0000,ACS 5-year 2020 (B19083)
2020,2016–2020,"Perham town, Aroostook County, Maine",58060,003,23,0.5341,0.1798,ACS 5-year 2020 (B19083)
2020,2016–2020,"Presque Isle city, Aroostook County, Maine",60825,003,23,0.4602,0.0342,ACS 5-year 2020 (B19083)
2020,2016–2020,"Reed plantation, Aroostook County, Maine",62400,003,23,0.5344,0.1072,ACS 5-year 2020 (B19083)
2020,2016–2020,"St. Agatha town, Aroostook County, Maine",64780,003,23,0.4345,0.0625,ACS 5-year 2020 (B19083)
2020,2016–2020,"St. John plantation, Aroostook County, Maine",65200,003,23,0.3765,0.0727,ACS 5-year 2020 (B19083)
2020,2016–2020,"Vanceboro town, Washington County, Maine",78675,029,23,0.3597,0.0557,ACS 5-year 2020 (B19083)
2020,2016–2020,"Waite town, Washington County, Maine",79375,029,23,0.3050,0.1036,ACS 5-year 2020 (B19083)
2020,2016–2020,"Wesley town, Washington County, Maine",81685,029,23,0.3340,0.0717,ACS 5-year 2020 (B19083)
2020,2016–2020,"Whiting town, Washington County, Maine",85185,029,23,0.4204,0.0638,ACS 5-year 2020 (B19083)
2020,2016–2020,"Whitneyville town, Washington County, Maine",85290,029,23,0.5003,0.1559,ACS 5-year 2020 (B19083)
2020,2016–2020,"Acton town, York County, Maine",00275,031,23,0.4132,0.0418,ACS 5-year 2020 (B19083)
2020,2016–2020,"Alfred town, York County, Maine",00730,031,23,0.3902,0.0389,ACS 5-year 2020 (B19083)
2020,2016–2020,"Arundel town, York County, Maine",01605,031,23,0.3352,0.0398,ACS 5-year 2020 (B19083)
2020,2016–2020,"Berwick town, York County, Maine",04720,031,23,0.3611,0.0361,ACS 5-year 2020 (B19083)
2020,2016–2020,"Buxton town, York County, Maine",09410,031,23,0.4262,0.0742,ACS 5-year 2020 (B19083)
2020,2016–2020,"Cornish town, York County, Maine",14485,031,23,0.4365,0.0930,ACS 5-year 2020 (B19083)
2020,2016–2020,"Eliot town, York County, Maine",22955,031,23,0.3662,0.0370,ACS 5-year 2020 (B19083)
2020,2016–2020,"Hollis town, York County, Maine",33665,031,23,0.3458,0.0399,ACS 5-year 2020 (B19083)
2020,2016–2020,"Kennebunk town, York County, Maine",36535,031,23,0.4576,0.0562,ACS 5-year 2020 (B19083)
2020,2016–2020,"Kittery town, York County, Maine",37270,031,23,0.4503,0.0369,ACS 5-year 2020 (B19083)
2020,2016–2020,"Lebanon town, York County, Maine",38425,031,23,0.3345,0.0416,ACS 5-year 2020 (B19083)
2020,2016–2020,"Limerick town, York County, Maine",39195,031,23,0.3746,0.0393,ACS 5-year 2020 (B19083)
2020,2016–2020,"Lyman town, York County, Maine",41750,031,23,0.3437,0.0319,ACS 5-year 2020 (B19083)
2020,2016–2020,"Newfield town, York County, Maine",48750,031,23,0.4795,0.0914,ACS 5-year 2020 (B19083)
2020,2016–2020,"Ogunquit town, York County, Maine",54980,031,23,0.3944,0.0528,ACS 5-year 2020 (B19083)
2020,2016–2020,"Old Orchard Beach town, York County, Maine",55085,031,23,0.4743,0.0576,ACS 5-year 2020 (B19083)
2020,2016–2020,"Parsonsfield town, York County, Maine",56870,031,23,0.4381,0.0560,ACS 5-year 2020 (B19083)
2020,2016–2020,"Sanford city, York County, Maine",65725,031,23,0.4221,0.0248,ACS 5-year 2020 (B19083)
2020,2016–2020,"Shapleigh town, York County, Maine",67475,031,23,0.2964,0.0314,ACS 5-year 2020 (B19083)
2020,2016–2020,"Waterboro town, York County, Maine",80530,031,23,0.3517,0.0417,ACS 5-year 2020 (B19083)
2020,2016–2020,"Wells town, York County, Maine",81475,031,23,0.4438,0.0325,ACS 5-year 2020 (B19083)
2020,2016–2020,"York town, York County, Maine",87985,031,23,0.4596,0.0732,ACS 5-year 2020 (B19083)
2020,2016–2020,"Durham town, Androscoggin County, Maine",19105,001,23,0.3622,0.0390,ACS 5-year 2020 (B19083)
2020,2016–2020,"Greene town, Androscoggin County, Maine",29255,001,23,0.4200,0.0507,ACS 5-year 2020 (B19083)
2020,2016–2020,"Leeds town, Androscoggin County, Maine",38565,001,23,0.3802,0.0508,ACS 5-year 2020 (B19083)
2020,2016–2020,"Lisbon town, Androscoggin County, Maine",40035,001,23,0.3571,0.0277,ACS 5-year 2020 (B19083)
2020,2016–2020,"Livermore town, Androscoggin County, Maine",40665,001,23,0.3658,0.0298,ACS 5-year 2020 (B19083)
2020,2016–2020,"Mechanic Falls town, Androscoggin County, Maine",44585,001,23,0.3289,0.0378,ACS 5-year 2020 (B19083)
2020,2016–2020,"Minot town, Androscoggin County, Maine",46160,001,23,0.4232,0.0988,ACS 5-year 2020 (B19083)
2020,2016–2020,"Poland town, Androscoggin County, Maine",60020,001,23,0.3612,0.0505,ACS 5-year 2020 (B19083)
2020,2016–2020,"Turner town, Androscoggin County, Maine",77800,001,23,0.3584,0.0437,ACS 5-year 2020 (B19083)
2020,2016–2020,"Wales town, Androscoggin County, Maine",79585,001,23,0.3071,0.0445,ACS 5-year 2020 (B19083)
2020,2016–2020,"Sherman town, Aroostook County, Maine",67790,003,23,0.4553,0.0818,ACS 5-year 2020 (B19083)
2020,2016–2020,"Smyrna town, Aroostook County, Maine",69260,003,23,0.5023,0.1456,ACS 5-year 2020 (B19083)
2020,2016–2020,"Square Lake UT, Aroostook County, Maine",73472,003,23,0.4566,0.0432,ACS 5-year 2020 (B19083)
2020,2016–2020,"Stockholm town, Aroostook County, Maine",74405,003,23,0.4101,0.0490,ACS 5-year 2020 (B19083)
2020,2016–2020,"Van Buren town, Aroostook County, Maine",78570,003,23,0.4689,0.0540,ACS 5-year 2020 (B19083)
2020,2016–2020,"Wallagrass town, Aroostook County, Maine",79865,003,23,0.3665,0.0417,ACS 5-year 2020 (B19083)
2020,2016–2020,"Washburn town, Aroostook County, Maine",80285,003,23,0.4066,0.0361,ACS 5-year 2020 (B19083)
2020,2016–2020,"Westmanland town, Aroostook County, Maine",83540,003,23,0.3221,0.0618,ACS 5-year 2020 (B19083)
2020,2016–2020,"Weston town, Aroostook County, Maine",83785,003,23,0.3499,0.0630,ACS 5-year 2020 (B19083)
2020,2016–2020,"Winterville plantation, Aroostook County, Maine",86865,003,23,0.5357,0.1944,ACS 5-year 2020 (B19083)
2020,2016–2020,"Baldwin town, Cumberland County, Maine",02655,005,23,0.3852,0.0384,ACS 5-year 2020 (B19083)
2020,2016–2020,"Bridgton town, Cumberland County, Maine",07170,005,23,0.3875,0.0690,ACS 5-year 2020 (B19083)
2020,2016–2020,"Brunswick town, Cumberland County, Maine",08430,005,23,0.4534,0.0378,ACS 5-year 2020 (B19083)
2020,2016–2020,"Casco town, Cumberland County, Maine",11125,005,23,0.4424,0.0497,ACS 5-year 2020 (B19083)
2020,2016–2020,"Chebeague Island town, Cumberland County, Maine",12300,005,23,0.5898,0.1214,ACS 5-year 2020 (B19083)
2020,2016–2020,"Falmouth town, Cumberland County, Maine",24495,005,23,0.4530,0.0234,ACS 5-year 2020 (B19083)
2020,2016–2020,"Freeport town, Cumberland County, Maine",26525,005,23,0.4159,0.0520,ACS 5-year 2020 (B19083)
2020,2016–2020,"Frye Island town, Cumberland County, Maine",27025,005,23,0.3348,0.1430,ACS 5-year 2020 (B19083)
2020,2016–2020,"Gray town, Cumberland County, Maine",28870,005,23,0.3998,0.0475,ACS 5-year 2020 (B19083)
2020,2016–2020,"Harpswell town, Cumberland County, Maine",31390,005,23,0.4096,0.0322,ACS 5-year 2020 (B19083)
2020,2016–2020,"Harrison town, Cumberland County, Maine",31600,005,23,0.3986,0.0456,ACS 5-year 2020 (B19083)
2020,2016–2020,"Naples town, Cumberland County, Maine",48085,005,23,0.4295,0.0750,ACS 5-year 2020 (B19083)
2020,2016–2020,"New Gloucester town, Cumberland County, Maine",48820,005,23,0.3606,0.0403,ACS 5-year 2020 (B19083)
2020,2016–2020,"North Yarmouth town, Cumberland County, Maine",53860,005,23,0.4240,0.0407,ACS 5-year 2020 (B19083)
2020,2016–2020,"Pownal town, Cumberland County, Maine",60685,005,23,0.3565,0.0436,ACS 5-year 2020 (B19083)
2020,2016–2020,"Raymond town, Cumberland County, Maine",61945,005,23,0.3829,0.0521,ACS 5-year 2020 (B19083)
2020,2016–2020,"Scarborough town, Cumberland County, Maine",66145,005,23,0.4100,0.0253,ACS 5-year 2020 (B19083)
2020,2016–2020,"Sebago town, Cumberland County, Maine",66775,005,23,0.4585,0.0559,ACS 5-year 2020 (B19083)
2020,2016–2020,"South Portland city, Cumberland County, Maine",71990,005,23,0.4302,0.0257,ACS 5-year 2020 (B19083)
2020,2016–2020,"Standish town, Cumberland County, Maine",73670,005,23,0.3516,0.0361,ACS 5-year 2020 (B19083)
2020,2016–2020,"Westbrook city, Cumberland County, Maine",82105,005,23,0.3941,0.0269,ACS 5-year 2020 (B19083)
2020,2016–2020,"Windham town, Cumberland County, Maine",86025,005,23,0.3520,0.0209,ACS 5-year 2020 (B19083)
2020,2016–2020,"Yarmouth town, Cumberland County, Maine",87845,005,23,0.4978,0.0371,ACS 5-year 2020 (B19083)
2020,2016–2020,"Avon town, Franklin County, Maine",02235,007,23,0.5306,0.0804,ACS 5-year 2020 (B19083)
2020,2016–2020,"Carrabassett Valley town, Franklin County, Maine",10740,007,23,0.5025,0.0600,ACS 5-year 2020 (B19083)
2020,2016–2020,"Carthage town, Franklin County, Maine",10915,007,23,0.2956,0.0545,ACS 5-year 2020 (B19083)
2020,2016–2020,"Chesterville town, Franklin County, Maine",12595,007,23,0.3474,0.0405,ACS 5-year 2020 (B19083)
2020,2016–2020,"Coplin plantation, Franklin County, Maine",14205,007,23,0.3820,0.1117,ACS 5-year 2020 (B19083)
2020,2016–2020,"Dallas plantation, Franklin County, Maine",16165,007,23,0.5106,0.1724,ACS 5-year 2020 (B19083)
2020,2016–2020,"East Central Franklin UT, Franklin County, Maine",19865,007,23,0.4509,0.0718,ACS 5-year 2020 (B19083)
2020,2016–2020,"Eustis town, Franklin County, Maine",24005,007,23,0.4877,0.0726,ACS 5-year 2020 (B19083)
2020,2016–2020,"Farmington town, Franklin County, Maine",24775,007,23,0.5313,0.0615,ACS 5-year 2020 (B19083)
2020,2016–2020,"Industry town, Franklin County, Maine",34820,007,23,0.3861,0.0453,ACS 5-year 2020 (B19083)
2020,2016–2020,"Kingfield town, Franklin County, Maine",37025,007,23,0.4360,0.0654,ACS 5-year 2020 (B19083)
2020,2016–2020,"New Sharon town, Franklin County, Maine",49345,007,23,0.3970,0.0491,ACS 5-year 2020 (B19083)
2020,2016–2020,"New Vineyard town, Franklin County, Maine",49520,007,23,0.4451,0.0741,ACS 5-year 2020 (B19083)
2020,2016–2020,"Phillips town, Franklin County, Maine",58445,007,23,0.3722,0.0420,ACS 5-year 2020 (B19083)
2020,2016–2020,"Rangeley town, Franklin County, Maine",61840,007,23,0.4025,0.1279,ACS 5-year 2020 (B19083)
2020,2016–2020,"Sandy River plantation, Franklin County, Maine",65655,007,23,0.3717,0.1097,ACS 5-year 2020 (B19083)
2020,2016–2020,"South Franklin UT, Franklin County, Maine",70760,007,23,0.2797,0.1354,ACS 5-year 2020 (B19083)
2020,2016–2020,"Strong town, Franklin County, Maine",74825,007,23,0.5119,0.0989,ACS 5-year 2020 (B19083)
2020,2016–2020,"Weld town, Franklin County, Maine",81300,007,23,0.3847,0.0636,ACS 5-year 2020 (B19083)
2020,2016–2020,"West Central Franklin UT, Franklin County, Maine",82235,007,23,-666666666.0000,-222222222.0000,ACS 5-year 2020 (B19083)
2020,2016–2020,"Wilton town, Franklin County, Maine",85850,007,23,0.4287,0.0368,ACS 5-year 2020 (B19083)
2020,2016–2020,"Amherst town, Hancock County, Maine",01185,009,23,0.4901,0.0753,ACS 5-year 2020 (B19083)
2020,2016–2020,"Aurora town, Hancock County, Maine",02165,009,23,0.4593,0.1028,ACS 5-year 2020 (B19083)
2020,2016–2020,"Blue Hill town, Hancock County, Maine",05700,009,23,0.4561,0.0483,ACS 5-year 2020 (B19083)
2020,2016–2020,"Brooklin town, Hancock County, Maine",07800,009,23,0.4322,0.0466,ACS 5-year 2020 (B19083)
2020,2016–2020,"Brooksville town, Hancock County, Maine",07975,009,23,0.4719,0.0568,ACS 5-year 2020 (B19083)
2020,2016–2020,"Castine town, Hancock County, Maine",11265,009,23,0.4172,0.0484,ACS 5-year 2020 (B19083)
2020,2016–2020,"Central Hancock UT, Hancock County, Maine",11800,009,23,0.5037,0.0811,ACS 5-year 2020 (B19083)
2020,2016–2020,"Cranberry Isles town, Hancock County, Maine",14905,009,23,0.4238,0.1393,ACS 5-year 2020 (B19083)
2020,2016–2020,"Deer Isle town, Hancock County, Maine",17145,009,23,0.5359,0.0931,ACS 5-year 2020 (B19083)
2020,2016–2020,"Eastbrook town, Hancock County, Maine",19770,009,23,0.4190,0.0727,ACS 5-year 2020 (B19083)
2020,2016–2020,"Ellsworth city, Hancock County, Maine",23200,009,23,0.4011,0.0287,ACS 5-year 2020 (B19083)
2020,2016–2020,"Franklin town, Hancock County, Maine",26350,009,23,0.3998,0.0472,ACS 5-year 2020 (B19083)
2020,2016–2020,"Frenchboro town, Hancock County, Maine",26595,009,23,0.3454,0.2941,ACS 5-year 2020 (B19083)
2020,2016–2020,"Great Pond town, Hancock County, Maine",28975,009,23,0.2709,0.0548,ACS 5-year 2020 (B19083)
2020,2016–2020,"Hancock town, Hancock County, Maine",30970,009,23,0.4658,0.0974,ACS 5-year 2020 (B19083)
2020,2016–2020,"Mariaville town, Hancock County, Maine",43430,009,23,0.4250,0.0708,ACS 5-year 2020 (B19083)
2020,2016–2020,"Marshall Island UT, Hancock County, Maine",43578,009,23,-666666666.0000,-222222222.0000,ACS 5-year 2020 (B19083)
2020,2016–2020,"Mount Desert town, Hancock County, Maine",47630,009,23,0.5005,0.0622,ACS 5-year 2020 (B19083)
2020,2016–2020,"Orland town, Hancock County, Maine",55505,009,23,0.3952,0.0472,ACS 5-year 2020 (B19083)
2020,2016–2020,"Osborn town, Hancock County, Maine",55855,009,23,0.3395,0.1059,ACS 5-year 2020 (B19083)
2020,2016–2020,"Otis town, Hancock County, Maine",55890,009,23,0.4619,0.0903,ACS 5-year 2020 (B19083)
2020,2016–2020,"Sedgwick town, Hancock County, Maine",67300,009,23,0.4902,0.1025,ACS 5-year 2020 (B19083)
2020,2016–2020,"Sorrento town, Hancock County, Maine",69750,009,23,0.3491,0.1281,ACS 5-year 2020 (B19083)
2020,2016–2020,"Stonington town, Hancock County, Maine",74580,009,23,0.4627,0.0657,ACS 5-year 2020 (B19083)
2020,2016–2020,"Sullivan town, Hancock County, Maine",74965,009,23,0.3676,0.0427,ACS 5-year 2020 (B19083)
2020,2016–2020,"Surry town, Hancock County, Maine",75280,009,23,0.4943,0.0479,ACS 5-year 2020 (B19083)
2020,2016–2020,"Swans Island town, Hancock County, Maine",75455,009,23,0.3720,0.0609,ACS 5-year 2020 (B19083)
2020,2016–2020,"Tremont town, Hancock County, Maine",77345,009,23,0.3778,0.0591,ACS 5-year 2020 (B19083)
2020,2016–2020,"Trenton town, Hancock County, Maine",77415,009,23,0.4651,0.0709,ACS 5-year 2020 (B19083)
2020,2016–2020,"Verona Island town, Hancock County, Maine",78925,009,23,0.3559,0.0754,ACS 5-year 2020 (B19083)
2020,2016–2020,"Waltham town, Hancock County, Maine",80040,009,23,0.4037,0.0517,ACS 5-year 2020 (B19083)
2020,2016–2020,"Winter Harbor town, Hancock County, Maine",86655,009,23,0.4239,0.0568,ACS 5-year 2020 (B19083)
2020,2016–2020,"Albion town, Kennebec County, Maine",00590,011,23,0.3645,0.0530,ACS 5-year 2020 (B19083)
2020,2016–2020,"Augusta city, Kennebec County, Maine",02100,011,23,0.4498,0.0221,ACS 5-year 2020 (B19083)
2020,2016–2020,"Belgrade town, Kennebec County, Maine",04020,011,23,0.4226,0.0586,ACS 5-year 2020 (B19083)
2020,2016–2020,"Benton town, Kennebec County, Maine",04475,011,23,0.3564,0.0356,ACS 5-year 2020 (B19083)
2020,2016–2020,"Chelsea town, Kennebec County, Maine",12350,011,23,0.4034,0.0431,ACS 5-year 2020 (B19083)
2020,2016–2020,"China town, Kennebec County, Maine",12735,011,23,0.3744,0.0753,ACS 5-year 2020 (B19083)
2020,2016–2020,"Clinton town, Kennebec County, Maine",13470,011,23,0.4103,0.0550,ACS 5-year 2020 (B19083)
2020,2016–2020,"Farmingdale town, Kennebec County, Maine",24670,011,23,0.4251,0.0762,ACS 5-year 2020 (B19083)
2020,2016–2020,"Fayette town, Kennebec County, Maine",24950,011,23,0.3922,0.0431,ACS 5-year 2020 (B19083)
2020,2016–2020,"Gardiner city, Kennebec County, Maine",27085,011,23,0.4972,0.0602,ACS 5-year 2020 (B19083)
2020,2016–2020,"Litchfield town, Kennebec County, Maine",40175,011,23,0.3764,0.0501,ACS 5-year 2020 (B19083)
2020,2016–2020,"Manchester town, Kennebec County, Maine",43080,011,23,0.4169,0.0594,ACS 5-year 2020 (B19083)
2020,2016–2020,"Monmouth town, Kennebec County, Maine",46405,011,23,0.3572,0.0505,ACS 5-year 2020 (B19083)
2020,2016–2020,"Oakland town, Kennebec County, Maine",54560,011,23,0.4117,0.0392,ACS 5-year 2020 (B19083)
2020,2016–2020,"Pittston town, Kennebec County, Maine",59110,011,23,0.3356,0.0626,ACS 5-year 2020 (B19083)
2020,2016–2020,"Readfield town, Kennebec County, Maine",62190,011,23,0.4060,0.0583,ACS 5-year 2020 (B19083)
2020,2016–2020,"Rome town, Kennebec County, Maine",63835,011,23,0.4574,0.0539,ACS 5-year 2020 (B19083)
2020,2016–2020,"Sidney town, Kennebec County, Maine",68385,011,23,0.3883,0.0479,ACS 5-year 2020 (B19083)
2020,2016–2020,"Vassalboro town, Kennebec County, Maine",78745,011,23,0.3661,0.0365,ACS 5-year 2020 (B19083)
2020,2016–2020,"Vienna town, Kennebec County, Maine",79025,011,23,0.3917,0.0680,ACS 5-year 2020 (B19083)
2020,2016–2020,"Waterville city, Kennebec County, Maine",80740,011,23,0.5513,0.0543,ACS 5-year 2020 (B19083)
2020,2016–2020,"West Gardiner town, Kennebec County, Maine",82945,011,23,0.4214,0.0701,ACS 5-year 2020 (B19083)
2020,2016–2020,"Windsor town, Kennebec County, Maine",86165,011,23,0.3594,0.0709,ACS 5-year 2020 (B19083)
2020,2016–2020,"Winthrop town, Kennebec County, Maine",86970,011,23,0.3806,0.0508,ACS 5-year 2020 (B19083)
2020,2016–2020,"Appleton town, Knox County, Maine",01465,013,23,0.4433,0.0638,ACS 5-year 2020 (B19083)
2020,2016–2020,"Camden town, Knox County, Maine",09725,013,23,0.4282,0.0566,ACS 5-year 2020 (B19083)
2020,2016–2020,"Cushing town, Knox County, Maine",15780,013,23,0.4226,0.0497,ACS 5-year 2020 (B19083)
2020,2016–2020,"Friendship town, Knox County, Maine",26805,013,23,0.4416,0.0673,ACS 5-year 2020 (B19083)
2020,2016–2020,"Isle au Haut town, Knox County, Maine",35135,013,23,0.5057,0.1312,ACS 5-year 2020 (B19083)
2020,2016–2020,"Matinicus Isle plantation, Knox County, Maine",44165,013,23,0.4487,0.1572,ACS 5-year 2020 (B19083)
2020,2016–2020,"Muscle Ridge Islands UT, Knox County, Maine",47962,013,23,-666666666.0000,-222222222.0000,ACS 5-year 2020 (B19083)
2020,2016–2020,"Owls Head town, Knox County, Maine",56135,013,23,0.4396,0.0676,ACS 5-year 2020 (B19083)
2020,2016–2020,"Rockland city, Knox County, Maine",63590,013,23,0.4277,0.0375,ACS 5-year 2020 (B19083)
2020,2016–2020,"St. George town, Knox County, Maine",65130,013,23,0.4583,0.0621,ACS 5-year 2020 (B19083)
2020,2016–2020,"South Thomaston town, Knox County, Maine",72585,013,23,0.4204,0.0832,ACS 5-year 2020 (B19083)
2020,2016–2020,"Thomaston town, Knox County, Maine",76365,013,23,0.3380,0.0483,ACS 5-year 2020 (B19083)
2020,2016–2020,"Vinalhaven town, Knox County, Maine",79130,013,23,0.4455,0.0648,ACS 5-year 2020 (B19083)
2020,2016–2020,"Warren town, Knox County, Maine",80215,013,23,0.3181,0.0455,ACS 5-year 2020 (B19083)
2020,2016–2020,"Alna town, Lincoln County, Maine",01010,015,23,0.4146,0.0426,ACS 5-year 2020 (B19083)
2020,2016–2020,"Boothbay town, Lincoln County, Maine",06050,015,23,0.4960,0.0823,ACS 5-year 2020 (B19083)
2020,2016–2020,"Boothbay Harbor town, Lincoln County, Maine",06120,015,23,0.5058,0.0783,ACS 5-year 2020 (B19083)
2020,2016–2020,"Bristol town, Lincoln County, Maine",07485,015,23,0.4276,0.0719,ACS 5-year 2020 (B19083)
2020,2016–2020,"Damariscotta town, Lincoln County, Maine",16235,015,23,0.4313,0.0461,ACS 5-year 2020 (B19083)
2020,2016–2020,"Edgecomb town, Lincoln County, Maine",22675,015,23,0.4304,0.0486,ACS 5-year 2020 (B19083)
2020,2016–2020,"Hibberts gore, Lincoln County, Maine",32715,015,23,-666666666.0000,-222222222.0000,ACS 5-year 2020 (B19083)
2020,2016–2020,"Jefferson town, Lincoln County, Maine",35695,015,23,0.3521,0.0431,ACS 5-year 2020 (B19083)
2020,2016–2020,"Louds Island UT, Lincoln County, Maine",41280,015,23,-666666666.0000,-222222222.0000,ACS 5-year 2020 (B19083)
2020,2016–2020,"Monhegan plantation, Lincoln County, Maine",46335,015,23,0.4441,0.2240,ACS 5-year 2020 (B19083)
2020,2016–2020,"Newcastle town, Lincoln County, Maine",48645,015,23,0.4311,0.0729,ACS 5-year 2020 (B19083)
2020,2016–2020,"Nobleboro town, Lincoln County, Maine",49660,015,23,0.4035,0.0489,ACS 5-year 2020 (B19083)
2020,2016–2020,"Somerville town, Lincoln County, Maine",69645,015,23,0.3318,0.0482,ACS 5-year 2020 (B19083)
2020,2016–2020,"South Bristol town, Lincoln County, Maine",70240,015,23,0.4528,0.0515,ACS 5-year 2020 (B19083)
2020,2016–2020,"Southport town, Lincoln County, Maine",71955,015,23,0.4615,0.0590,ACS 5-year 2020 (B19083)
2020,2016–2020,"Waldoboro town, Lincoln County, Maine",79550,015,23,0.4666,0.0495,ACS 5-year 2020 (B19083)
2020,2016–2020,"Westport Island town, Lincoln County, Maine",84140,015,23,0.4969,0.1127,ACS 5-year 2020 (B19083)
2020,2016–2020,"Whitefield town, Lincoln County, Maine",85010,015,23,0.3966,0.0441,ACS 5-year 2020 (B19083)
2020,2016–2020,"Wiscasset town, Lincoln County, Maine",87075,015,23,0.3365,0.0495,ACS 5-year 2020 (B19083)
2020,2016–2020,"Andover town, Oxford County, Maine",01325,017,23,0.3806,0.0438,ACS 5-year 2020 (B19083)
2020,2016–2020,"Bethel town, Oxford County, Maine",04825,017,23,0.4535,0.0500,ACS 5-year 2020 (B19083)
2020,2016–2020,"Brownfield town, Oxford County, Maine",08150,017,23,0.4042,0.0466,ACS 5-year 2020 (B19083)
2020,2016–2020,"Buckfield town, Oxford County, Maine",08710,017,23,0.3868,0.0389,ACS 5-year 2020 (B19083)
2020,2016–2020,"Canton town, Oxford County, Maine",10005,017,23,0.3944,0.0457,ACS 5-year 2020 (B19083)
2020,2016–2020,"Denmark town, Oxford County, Maine",17250,017,23,0.4328,0.0535,ACS 5-year 2020 (B19083)
2020,2016–2020,"Fryeburg town, Oxford County, Maine",26910,017,23,0.4188,0.0531,ACS 5-year 2020 (B19083)
2020,2016–2020,"Gilead town, Oxford County, Maine",27505,017,23,0.3806,0.0580,ACS 5-year 2020 (B19083)
2020,2016–2020,"Greenwood town, Oxford County, Maine",29710,017,23,0.3884,0.0539,ACS 5-year 2020 (B19083)
2020,2016–2020,"Hartford town, Oxford County, Maine",31670,017,23,0.3528,0.0511,ACS 5-year 2020 (B19083)
2020,2016–2020,"Hebron town, Oxford County, Maine",32370,017,23,0.2996,0.0346,ACS 5-year 2020 (B19083)
2020,2016–2020,"Lincoln plantation, Oxford County, Maine",39422,017,23,0.4294,0.1084,ACS 5-year 2020 (B19083)
2020,2016–2020,"Lovell town, Oxford County, Maine",41365,017,23,0.4879,0.0748,ACS 5-year 2020 (B19083)
2020,2016–2020,"Magalloway plantation, Oxford County, Maine",42835,017,23,0.3833,0.1098,ACS 5-year 2020 (B19083)
2020,2016–2020,"Milton UT, Oxford County, Maine",46105,017,23,0.4746,0.1756,ACS 5-year 2020 (B19083)
2020,2016–2020,"Newry town, Oxford County, Maine",49275,017,23,0.5304,0.0785,ACS 5-year 2020 (B19083)
2020,2016–2020,"Norway town, Oxford County, Maine",54000,017,23,0.4237,0.0380,ACS 5-year 2020 (B19083)
2020,2016–2020,"Otisfield town, Oxford County, Maine",55960,017,23,0.3739,0.0440,ACS 5-year 2020 (B19083)
2020,2016–2020,"Oxford town, Oxford County, Maine",56310,017,23,0.4008,0.0536,ACS 5-year 2020 (B19083)
2020,2016–2020,"Peru town, Oxford County, Maine",58270,017,23,0.3835,0.0363,ACS 5-year 2020 (B19083)
2020,2016–2020,"Porter town, Oxford County, Maine",60405,017,23,0.3595,0.0314,ACS 5-year 2020 (B19083)
2020,2016–2020,"Rumford town, Oxford County, Maine",64290,017,23,0.4340,0.0592,ACS 5-year 2020 (B19083)
2020,2016–2020,"South Oxford UT, Oxford County, Maine",71755,017,23,0.5039,0.1315,ACS 5-year 2020 (B19083)
2020,2016–2020,"Stoneham town, Oxford County, Maine",74510,017,23,0.4000,0.0489,ACS 5-year 2020 (B19083)
2020,2016–2020,"Sumner town, Oxford County, Maine",75035,017,23,0.3944,0.0413,ACS 5-year 2020 (B19083)
2020,2016–2020,"Sweden town, Oxford County, Maine",75595,017,23,0.5006,0.0906,ACS 5-year 2020 (B19083)
2020,2016–2020,"Waterford town, Oxford County, Maine",80635,017,23,0.3984,0.0371,ACS 5-year 2020 (B19083)
2020,2016–2020,"West Paris town, Oxford County, Maine",83890,017,23,0.4227,0.0592,ACS 5-year 2020 (B19083)
2020,2016–2020,"Woodstock town, Oxford County, Maine",87355,017,23,0.4018,0.0362,ACS 5-year 2020 (B19083)
2020,2016–2020,"Argyle UT, Penobscot County, Maine",01500,019,23,0.3483,0.0720,ACS 5-year 2020 (B19083)
2020,2016–2020,"Bangor city, Penobscot County, Maine",02795,019,23,0.4907,0.0255,ACS 5-year 2020 (B19083)
2020,2016–2020,"Bradley town, Penobscot County, Maine",06680,019,23,0.3539,0.0456,ACS 5-year 2020 (B19083)
2020,2016–2020,"Brewer city, Penobscot County, Maine",06925,019,23,0.4472,0.0522,ACS 5-year 2020 (B19083)
2020,2016–2020,"Burlington town, Penobscot County, Maine",09200,019,23,0.3923,0.0459,ACS 5-year 2020 (B19083)
2020,2016–2020,"Carroll plantation, Penobscot County, Maine",10810,019,23,0.3353,0.0672,ACS 5-year 2020 (B19083)
2020,2016–2020,"Charleston town, Penobscot County, Maine",12105,019,23,0.4807,0.1244,ACS 5-year 2020 (B19083)
2020,2016–2020,"Chester town, Penobscot County, Maine",12525,019,23,0.4335,0.0903,ACS 5-year 2020 (B19083)
2020,2016–2020,"Corinna town, Penobscot County, Maine",14310,019,23,0.3905,0.0446,ACS 5-year 2020 (B19083)
2020,2016–2020,"Corinth town, Penobscot County, Maine",14380,019,23,0.4407,0.0470,ACS 5-year 2020 (B19083)
2020,2016–2020,"Dixmont town, Penobscot County, Maine",17950,019,23,0.4254,0.0685,ACS 5-year 2020 (B19083)
2020,2016–2020,"Drew plantation, Penobscot County, Maine",18580,019,23,0.3340,0.2059,ACS 5-year 2020 (B19083)
2020,2016–2020,"East Central Penobscot UT, Penobscot County, Maine",19868,019,23,0.4182,0.0635,ACS 5-year 2020 (B19083)
2020,2016–2020,"East Millinocket town, Penobscot County, Maine",21030,019,23,0.4078,0.0381,ACS 5-year 2020 (B19083)
2020,2016–2020,"Eddington town, Penobscot County, Maine",22535,019,23,0.3701,0.0508,ACS 5-year 2020 (B19083)
2020,2016–2020,"Edinburg town, Penobscot County, Maine",22710,019,23,0.3113,0.0908,ACS 5-year 2020 (B19083)
2020,2016–2020,"Enfield town, Penobscot County, Maine",23620,019,23,0.4064,0.0560,ACS 5-year 2020 (B19083)
2020,2016–2020,"Etna town, Penobscot County, Maine",23865,019,23,0.3311,0.0530,ACS 5-year 2020 (B19083)
2020,2016–2020,"Exeter town, Penobscot County, Maine",24110,019,23,0.3496,0.0521,ACS 5-year 2020 (B19083)
2020,2016–2020,"Garland town, Penobscot County, Maine",27190,019,23,0.4266,0.0503,ACS 5-year 2020 (B19083)
2020,2016–2020,"Glenburn town, Penobscot County, Maine",27645,019,23,0.3819,0.0571,ACS 5-year 2020 (B19083)
2020,2016–2020,"Greenbush town, Penobscot County, Maine",29185,019,23,0.4007,0.0368,ACS 5-year 2020 (B19083)
2020,2016–2020,"Hampden town, Penobscot County, Maine",30795,019,23,0.4470,0.0761,ACS 5-year 2020 (B19083)
2020,2016–2020,"Hermon town, Penobscot County, Maine",32510,019,23,0.3026,0.0356,ACS 5-year 2020 (B19083)
2020,2016–2020,"Holden town, Penobscot County, Maine",33490,019,23,0.4839,0.1334,ACS 5-year 2020 (B19083)
2020,2016–2020,"Howland town, Penobscot County, Maine",34190,019,23,0.3516,0.0562,ACS 5-year 2020 (B19083)
2020,2016–2020,"Hudson town, Penobscot County, Maine",34365,019,23,0.3721,0.0358,ACS 5-year 2020 (B19083)
2020,2016–2020,"Kenduskeag town, Penobscot County, Maine",36325,019,23,0.3431,0.0351,ACS 5-year 2020 (B19083)
2020,2016–2020,"Kingman UT, Penobscot County, Maine",37075,019,23,0.3671,0.0793,ACS 5-year 2020 (B19083)
2020,2016–2020,"Lagrange town, Penobscot County, Maine",37760,019,23,0.4184,0.0305,ACS 5-year 2020 (B19083)
2020,2016–2020,"Lee town, Penobscot County, Maine",38530,019,23,0.4180,0.0464,ACS 5-year 2020 (B19083)
2020,2016–2020,"Levant town, Penobscot County, Maine",38705,019,23,0.3455,0.0467,ACS 5-year 2020 (B19083)
2020,2016–2020,"Lowell town, Penobscot County, Maine",41435,019,23,0.4327,0.0539,ACS 5-year 2020 (B19083)
2020,2016–2020,"Mattawamkeag town, Penobscot County, Maine",44270,019,23,0.3955,0.0353,ACS 5-year 2020 (B19083)
2020,2016–2020,"Maxfield town, Penobscot County, Maine",44340,019,23,0.3536,0.1215,ACS 5-year 2020 (B19083)
2020,2016–2020,"Milford town, Penobscot County, Maine",45670,019,23,0.3786,0.0534,ACS 5-year 2020 (B19083)
2020,2016–2020,"Millinocket town, Penobscot County, Maine",45810,019,23,0.4608,0.1271,ACS 5-year 2020 (B19083)
2020,2016–2020,"Mount Chase town, Penobscot County, Maine",47560,019,23,0.5423,0.1439,ACS 5-year 2020 (B19083)
2020,2016–2020,"Newport town, Penobscot County, Maine",49065,019,23,0.4513,0.0449,ACS 5-year 2020 (B19083)
2020,2016–2020,"North Penobscot UT, Penobscot County, Maine",52710,019,23,0.4758,0.0885,ACS 5-year 2020 (B19083)
2020,2016–2020,"Orono town, Penobscot County, Maine",55565,019,23,0.4994,0.0293,ACS 5-year 2020 (B19083)
2020,2016–2020,"Orrington town, Penobscot County, Maine",55680,019,23,0.4122,0.0445,ACS 5-year 2020 (B19083)
2020,2016–2020,"Passadumkeag town, Penobscot County, Maine",57045,019,23,0.4219,0.1136,ACS 5-year 2020 (B19083)
2020,2016–2020,"Penobscot Indian Island Reservation, Penobscot County, Maine",57936,019,23,0.4921,0.0546,ACS 5-year 2020 (B19083)
2020,2016–2020,"Plymouth town, Penobscot County, Maine",59950,019,23,0.3888,0.0371,ACS 5-year 2020 (B19083)
2020,2016–2020,"Prentiss UT, Penobscot County, Maine",60790,019,23,0.3321,0.1792,ACS 5-year 2020 (B19083)
2020,2016–2020,"Springfield town, Penobscot County, Maine",73250,019,23,0.4150,0.0684,ACS 5-year 2020 (B19083)
2020,2016–2020,"Stacyville town, Penobscot County, Maine",73600,019,23,0.3633,0.0717,ACS 5-year 2020 (B19083)
2020,2016–2020,"Twombly Ridge UT, Penobscot County, Maine",78015,019,23,-666666666.0000,-222222222.0000,ACS 5-year 2020 (B19083)
2020,2016–2020,"Veazie town, Penobscot County, Maine",78780,019,23,0.4277,0.0401,ACS 5-year 2020 (B19083)
2020,2016–2020,"Webster plantation, Penobscot County, Maine",81055,019,23,0.5697,0.1007,ACS 5-year 2020 (B19083)
2020,2016–2020,"Winn town, Penobscot County, Maine",86305,019,23,0.4208,0.0878,ACS 5-year 2020 (B19083)
2020,2016–2020,"Woodville town, Penobscot County, Maine",87390,019,23,0.2726,0.0674,ACS 5-year 2020 (B19083)
2020,2016–2020,"Abbot town, Piscataquis County, Maine",00100,021,23,0.4360,0.0628,ACS 5-year 2020 (B19083)
2020,2016–2020,"Blanchard UT, Piscataquis County, Maine",05560,021,23,0.3666,0.0908,ACS 5-year 2020 (B19083)
2020,2016–2020,"Bowerbank town, Piscataquis County, Maine",06400,021,23,0.3723,0.0774,ACS 5-year 2020 (B19083)
2020,2016–2020,"Dover-Foxcroft town, Piscataquis County, Maine",18195,021,23,0.4973,0.0674,ACS 5-year 2020 (B19083)
2020,2016–2020,"Greenville town, Piscataquis County, Maine",29535,021,23,0.4452,0.0670,ACS 5-year 2020 (B19083)
2020,2016–2020,"Guilford town, Piscataquis County, Maine",30095,021,23,0.4216,0.0615,ACS 5-year 2020 (B19083)
2020,2016–2020,"Lake View plantation, Piscataquis County, Maine",37970,021,23,0.3953,0.1563,ACS 5-year 2020 (B19083)
2020,2016–2020,"Medford town, Piscataquis County, Maine",44830,021,23,0.4976,0.3470,ACS 5-year 2020 (B19083)
2020,2016–2020,"Milo town, Piscataquis County, Maine",46020,021,23,0.3844,0.0386,ACS 5-year 2020 (B19083)
2020,2016–2020,"Northeast Piscataquis UT, Piscataquis County, Maine",51105,021,23,0.4339,0.0933,ACS 5-year 2020 (B19083)
2020,2016–2020,"Northwest Piscataquis UT, Piscataquis County, Maine",53628,021,23,0.3592,0.1352,ACS 5-year 2020 (B19083)
2020,2016–2020,"Parkman town, Piscataquis County, Maine",56765,021,23,0.4283,0.0421,ACS 5-year 2020 (B19083)
2020,2016–2020,"Sangerville town, Piscataquis County, Maine",65865,021,23,0.4144,0.0410,ACS 5-year 2020 (B19083)
2020,2016–2020,"Sebec town, Piscataquis County, Maine",66950,021,23,0.3786,0.0625,ACS 5-year 2020 (B19083)
2020,2016–2020,"Shirley town, Piscataquis County, Maine",68140,021,23,0.3530,0.0905,ACS 5-year 2020 (B19083)
2020,2016–2020,"Southeast Piscataquis UT, Piscataquis County, Maine",70655,021,23,0.4684,0.0863,ACS 5-year 2020 (B19083)
2020,2016–2020,"Wellington town, Piscataquis County, Maine",81405,021,23,0.3698,0.0486,ACS 5-year 2020 (B19083)
2020,2016–2020,"Willimantic town, Piscataquis County, Maine",85710,021,23,0.4554,0.0784,ACS 5-year 2020 (B19083)
2020,2016–2020,"Arrowsic town, Sagadahoc County, Maine",01570,023,23,0.4909,0.0840,ACS 5-year 2020 (B19083)
2020,2016–2020,"Bath city, Sagadahoc County, Maine",03355,023,23,0.4001,0.0353,ACS 5-year 2020 (B19083)
2020,2016–2020,"Bowdoin town, Sagadahoc County, Maine",06260,023,23,0.3367,0.0461,ACS 5-year 2020 (B19083)
2020,2016–2020,"Bowdoinham town, Sagadahoc County, Maine",06365,023,23,0.2742,0.0600,ACS 5-year 2020 (B19083)
2020,2016–2020,"Georgetown town, Sagadahoc County, Maine",27295,023,23,0.3905,0.0755,ACS 5-year 2020 (B19083)
2020,2016–2020,"Perkins UT, Sagadahoc County, Maine",58070,023,23,-666666666.0000,-222222222.0000,ACS 5-year 2020 (B19083)
2020,2016–2020,"Phippsburg town, Sagadahoc County, Maine",58515,023,23,0.4521,0.1096,ACS 5-year 2020 (B19083)
2020,2016–2020,"Richmond town, Sagadahoc County, Maine",62645,023,23,0.3830,0.0500,ACS 5-year 2020 (B19083)
2020,2016–2020,"Topsham town, Sagadahoc County, Maine",76960,023,23,0.3897,0.0381,ACS 5-year 2020 (B19083)
2020,2016–2020,"West Bath town, Sagadahoc County, Maine",81930,023,23,0.4553,0.0746,ACS 5-year 2020 (B19083)
2020,2016–2020,"Anson town, Somerset County, Maine",01395,025,23,0.4272,0.0389,ACS 5-year 2020 (B19083)
2020,2016–2020,"Athens town, Somerset County, Maine",01885,025,23,0.4095,0.0506,ACS 5-year 2020 (B19083)
2020,2016–2020,"Bingham town, Somerset County, Maine",05000,025,23,0.4514,0.0832,ACS 5-year 2020 (B19083)
2020,2016–2020,"Cambridge town, Somerset County, Maine",09655,025,23,0.3989,0.0635,ACS 5-year 2020 (B19083)
2020,2016–2020,"Canaan town, Somerset County, Maine",09935,025,23,0.3726,0.0388,ACS 5-year 2020 (B19083)
2020,2016–2020,"Caratunk town, Somerset County, Maine",10495,025,23,0.3805,0.1854,ACS 5-year 2020 (B19083)
2020,2016–2020,"Cornville town, Somerset County, Maine",14555,025,23,0.4096,0.0546,ACS 5-year 2020 (B19083)
2020,2016–2020,"Dennistown plantation, Somerset County, Maine",17285,025,23,0.2186,0.1641,ACS 5-year 2020 (B19083)
2020,2016–2020,"Detroit town, Somerset County, Maine",17460,025,23,0.4634,0.0758,ACS 5-year 2020 (B19083)
2020,2016–2020,"Fairfield town, Somerset County, Maine",24320,025,23,0.3934,0.0363,ACS 5-year 2020 (B19083)
2020,2016–2020,"Harmony town, Somerset County, Maine",31355,025,23,0.3946,0.0580,ACS 5-year 2020 (B19083)
2020,2016–2020,"Highland plantation, Somerset County, Maine",32895,025,23,0.2344,0.1738,ACS 5-year 2020 (B19083)
2020,2016–2020,"Jackman town, Somerset County, Maine",35345,025,23,0.4002,0.0619,ACS 5-year 2020 (B19083)
2020,2016–2020,"Madison town, Somerset County, Maine",42660,025,23,0.4549,0.1055,ACS 5-year 2020 (B19083)
2020,2016–2020,"Moose River town, Somerset County, Maine",47140,025,23,0.3971,0.0974,ACS 5-year 2020 (B19083)
2020,2016–2020,"Moscow town, Somerset County, Maine",47455,025,23,0.4413,0.0681,ACS 5-year 2020 (B19083)
2020,2016–2020,"Norridgewock town, Somerset County, Maine",49835,025,23,0.5640,0.1201,ACS 5-year 2020 (B19083)
2020,2016–2020,"Northeast Somerset UT, Somerset County, Maine",51114,025,23,0.4847,0.0798,ACS 5-year 2020 (B19083)
2020,2016–2020,"Northwest Somerset UT, Somerset County, Maine",53636,025,23,-666666666.0000,-222222222.0000,ACS 5-year 2020 (B19083)
2020,2016–2020,"Pittsfield town, Somerset County, Maine",59005,025,23,0.4199,0.0490,ACS 5-year 2020 (B19083)
2020,2016–2020,"Pleasant Ridge plantation, Somerset County, Maine",59705,025,23,0.4069,0.1210,ACS 5-year 2020 (B19083)
2020,2016–2020,"Ripley town, Somerset County, Maine",62995,025,23,0.3893,0.0674,ACS 5-year 2020 (B19083)
2020,2016–2020,"Seboomook Lake UT, Somerset County, Maine",67238,025,23,-666666666.0000,-222222222.0000,ACS 5-year 2020 (B19083)
2020,2016–2020,"Skowhegan town, Somerset County, Maine",68910,025,23,0.3976,0.0292,ACS 5-year 2020 (B19083)
2020,2016–2020,"Solon town, Somerset County, Maine",69505,025,23,0.3546,0.0451,ACS 5-year 2020 (B19083)
2020,2016–2020,"Starks town, Somerset County, Maine",73845,025,23,0.4126,0.0470,ACS 5-year 2020 (B19083)
2020,2016–2020,"The Forks plantation, Somerset County, Maine",76190,025,23,0.3572,0.1023,ACS 5-year 2020 (B19083)
2020,2016–2020,"Belfast city, Waldo County, Maine",03950,027,23,0.4330,0.0419,ACS 5-year 2020 (B19083)
2020,2016–2020,"Belmont town, Waldo County, Maine",04125,027,23,0.3595,0.0378,ACS 5-year 2020 (B19083)
2020,2016–2020,"Brooks town, Waldo County, Maine",07870,027,23,0.4138,0.0472,ACS 5-year 2020 (B19083)
2020,2016–2020,"Frankfort town, Waldo County, Maine",26280,027,23,0.3210,0.0642,ACS 5-year 2020 (B19083)
2020,2016–2020,"Freedom town, Waldo County, Maine",26420,027,23,0.4159,0.0986,ACS 5-year 2020 (B19083)
2020,2016–2020,"Jackson town, Waldo County, Maine",35450,027,23,0.4466,0.0688,ACS 5-year 2020 (B19083)
2020,2016–2020,"Knox town, Waldo County, Maine",37585,027,23,0.4026,0.0591,ACS 5-year 2020 (B19083)
2020,2016–2020,"Liberty town, Waldo County, Maine",39055,027,23,0.3705,0.0635,ACS 5-year 2020 (B19083)
2020,2016–2020,"Monroe town, Waldo County, Maine",46475,027,23,0.4058,0.0690,ACS 5-year 2020 (B19083)
2020,2016–2020,"Montville town, Waldo County, Maine",46790,027,23,0.3461,0.0584,ACS 5-year 2020 (B19083)
2020,2016–2020,"Morrill town, Waldo County, Maine",47245,027,23,0.3661,0.0412,ACS 5-year 2020 (B19083)
2020,2016–2020,"Northport town, Waldo County, Maine",52845,027,23,0.4412,0.0583,ACS 5-year 2020 (B19083)
2020,2016–2020,"Palermo town, Waldo County, Maine",56450,027,23,0.4803,0.1263,ACS 5-year 2020 (B19083)
2020,2016–2020,"Prospect town, Waldo County, Maine",61210,027,23,0.3741,0.0640,ACS 5-year 2020 (B19083)
2020,2016–2020,"Searsmont town, Waldo County, Maine",66565,027,23,0.3480,0.0569,ACS 5-year 2020 (B19083)
2020,2016–2020,"Searsport town, Waldo County, Maine",66635,027,23,0.4243,0.0642,ACS 5-year 2020 (B19083)
2020,2016–2020,"Stockton Springs town, Waldo County, Maine",74475,027,23,0.4380,0.0577,ACS 5-year 2020 (B19083)
2020,2016–2020,"Swanville town, Waldo County, Maine",75525,027,23,0.4937,0.1025,ACS 5-year 2020 (B19083)
2020,2016–2020,"Thorndike town, Waldo County, Maine",76610,027,23,0.4166,0.0747,ACS 5-year 2020 (B19083)
2020,2016–2020,"Troy town, Waldo County, Maine",77625,027,23,0.4504,0.0859,ACS 5-year 2020 (B19083)
2020,2016–2020,"Unity town, Waldo County, Maine",78255,027,23,0.4688,0.0614,ACS 5-year 2020 (B19083)
2020,2016–2020,"Waldo town, Waldo County, Maine",79480,027,23,0.3798,0.0748,ACS 5-year 2020 (B19083)
2020,2016–2020,"Winterport town, Waldo County, Maine",86760,027,23,0.3764,0.0327,ACS 5-year 2020 (B19083)
2021,2017–2021,"Auburn city, Androscoggin County, Maine",02060,001,23,0.4773,0.0360,ACS 5-year 2021 (B19083)
2021,2017–2021,"Durham town, Androscoggin County, Maine",19105,001,23,0.3136,0.0305,ACS 5-year 2021 (B19083)
2021,2017–2021,"Greene town, Androscoggin County, Maine",29255,001,23,0.4097,0.0558,ACS 5-year 2021 (B19083)
2021,2017–2021,"Leeds town, Androscoggin County, Maine",38565,001,23,0.3669,0.0532,ACS 5-year 2021 (B19083)
2021,2017–2021,"Lewiston city, Androscoggin County, Maine",38740,001,23,0.4563,0.0313,ACS 5-year 2021 (B19083)
2021,2017–2021,"Lisbon town, Androscoggin County, Maine",40035,001,23,0.3535,0.0218,ACS 5-year 2021 (B19083)
2021,2017–2021,"Livermore town, Androscoggin County, Maine",40665,001,23,0.3417,0.0345,ACS 5-year 2021 (B19083)
2021,2017–2021,"Livermore Falls town, Androscoggin County, Maine",40770,001,23,0.3565,0.0422,ACS 5-year 2021 (B19083)
2021,2017–2021,"Mechanic Falls town, Androscoggin County, Maine",44585,001,23,0.3448,0.0574,ACS 5-year 2021 (B19083)
2021,2017–2021,"Minot town, Androscoggin County, Maine",46160,001,23,0.4305,0.0916,ACS 5-year 2021 (B19083)
2021,2017–2021,"Poland town, Androscoggin County, Maine",60020,001,23,0.3755,0.0473,ACS 5-year 2021 (B19083)
2021,2017–2021,"Sabattus town, Androscoggin County, Maine",64570,001,23,0.3760,0.0500,ACS 5-year 2021 (B19083)
2021,2017–2021,"Turner town, Androscoggin County, Maine",77800,001,23,0.3564,0.0457,ACS 5-year 2021 (B19083)
2021,2017–2021,"Wales town, Androscoggin County, Maine",79585,001,23,0.3383,0.0536,ACS 5-year 2021 (B19083)
2021,2017–2021,"Allagash town, Aroostook County, Maine",00800,003,23,0.4940,0.0581,ACS 5-year 2021 (B19083)
2021,2017–2021,"Amity town, Aroostook County, Maine",01220,003,23,0.5171,0.0749,ACS 5-year 2021 (B19083)
2021,2017–2021,"Ashland town, Aroostook County, Maine",01710,003,23,0.4315,0.0710,ACS 5-year 2021 (B19083)
2021,2017–2021,"Bancroft UT, Aroostook County, Maine",02762,003,23,0.2905,0.0837,ACS 5-year 2021 (B19083)
2021,2017–2021,"Blaine town, Aroostook County, Maine",05385,003,23,0.4418,0.0806,ACS 5-year 2021 (B19083)
2021,2017–2021,"Bridgewater town, Aroostook County, Maine",07065,003,23,0.4462,0.1122,ACS 5-year 2021 (B19083)
2021,2017–2021,"Caribou city, Aroostook County, Maine",10565,003,23,0.4721,0.0541,ACS 5-year 2021 (B19083)
2021,2017–2021,"Castle Hill town, Aroostook County, Maine",11300,003,23,0.4029,0.0852,ACS 5-year 2021 (B19083)
2021,2017–2021,"Caswell town, Aroostook County, Maine",11335,003,23,0.3455,0.0643,ACS 5-year 2021 (B19083)
2021,2017–2021,"Central Aroostook UT, Aroostook County, Maine",11785,003,23,0.2746,0.0827,ACS 5-year 2021 (B19083)
2021,2017–2021,"Chapman town, Aroostook County, Maine",12000,003,23,0.3213,0.0531,ACS 5-year 2021 (B19083)
2021,2017–2021,"Connor UT, Aroostook County, Maine",13900,003,23,0.3451,0.0709,ACS 5-year 2021 (B19083)
2021,2017–2021,"Crystal town, Aroostook County, Maine",15395,003,23,0.4011,0.0510,ACS 5-year 2021 (B19083)
2021,2017–2021,"Cyr plantation, Aroostook County, Maine",15990,003,23,0.3457,0.1545,ACS 5-year 2021 (B19083)
2021,2017–2021,"Dyer Brook town, Aroostook County, Maine",19210,003,23,0.2761,0.0863,ACS 5-year 2021 (B19083)
2021,2017–2021,"Eagle Lake town, Aroostook County, Maine",19420,003,23,0.4318,0.0386,ACS 5-year 2021 (B19083)
2021,2017–2021,"Easton town, Aroostook County, Maine",21380,003,23,0.4524,0.0532,ACS 5-year 2021 (B19083)
2021,2017–2021,"Fort Fairfield town, Aroostook County, Maine",25615,003,23,0.4470,0.0557,ACS 5-year 2021 (B19083)
2021,2017–2021,"Fort Kent town, Aroostook County, Maine",25755,003,23,0.5143,0.1289,ACS 5-year 2021 (B19083)
2021,2017–2021,"Frenchville town, Aroostook County, Maine",26735,003,23,0.3735,0.0444,ACS 5-year 2021 (B19083)
2021,2017–2021,"Garfield plantation, Aroostook County, Maine",27120,003,23,0.3423,0.1005,ACS 5-year 2021 (B19083)
2021,2017–2021,"Glenwood plantation, Aroostook County, Maine",27855,003,23,-666666666.0000,-222222222.0000,ACS 5-year 2021 (B19083)
2021,2017–2021,"Grand Isle town, Aroostook County, Maine",28590,003,23,0.4129,0.0594,ACS 5-year 2021 (B19083)
2021,2017–2021,"Hamlin town, Aroostook County, Maine",30690,003,23,0.7291,0.0578,ACS 5-year 2021 (B19083)
2021,2017–2021,"Hammond town, Aroostook County, Maine",30725,003,23,0.3323,0.0593,ACS 5-year 2021 (B19083)
2021,2017–2021,"Haynesville town, Aroostook County, Maine",32195,003,23,0.4061,0.0896,ACS 5-year 2021 (B19083)
2021,2017–2021,"Hersey town, Aroostook County, Maine",32685,003,23,0.3571,0.1257,ACS 5-year 2021 (B19083)
2021,2017–2021,"Hodgdon town, Aroostook County, Maine",33385,003,23,0.4801,0.0754,ACS 5-year 2021 (B19083)
2021,2017–2021,"Houlton town, Aroostook County, Maine",33980,003,23,0.5046,0.0482,ACS 5-year 2021 (B19083)
2021,2017–2021,"Island Falls town, Aroostook County, Maine",35065,003,23,0.4938,0.0444,ACS 5-year 2021 (B19083)
2021,2017–2021,"Limestone town, Aroostook County, Maine",39300,003,23,0.4327,0.0563,ACS 5-year 2021 (B19083)
2021,2017–2021,"Linneus town, Aroostook County, Maine",39965,003,23,0.3670,0.0495,ACS 5-year 2021 (B19083)
2021,2017–2021,"Littleton town, Aroostook County, Maine",40595,003,23,0.3695,0.0501,ACS 5-year 2021 (B19083)
2021,2017–2021,"Ludlow town, Aroostook County, Maine",41715,003,23,0.3686,0.0439,ACS 5-year 2021 (B19083)
2021,2017–2021,"Macwahoc plantation, Aroostook County, Maine",42450,003,23,0.4002,0.1711,ACS 5-year 2021 (B19083)
2021,2017–2021,"Madawaska town, Aroostook County, Maine",42520,003,23,0.4435,0.0415,ACS 5-year 2021 (B19083)
2021,2017–2021,"Mapleton town, Aroostook County, Maine",43255,003,23,0.3801,0.0615,ACS 5-year 2021 (B19083)
2021,2017–2021,"Mars Hill town, Aroostook County, Maine",43710,003,23,0.4031,0.0522,ACS 5-year 2021 (B19083)
2021,2017–2021,"Masardis town, Aroostook County, Maine",43990,003,23,0.3502,0.1034,ACS 5-year 2021 (B19083)
2021,2017–2021,"Merrill town, Aroostook County, Maine",45180,003,23,0.3256,0.0701,ACS 5-year 2021 (B19083)
2021,2017–2021,"Monticello town, Aroostook County, Maine",46685,003,23,0.4249,0.0445,ACS 5-year 2021 (B19083)
2021,2017–2021,"Moro plantation, Aroostook County, Maine",47175,003,23,0.2065,0.2108,ACS 5-year 2021 (B19083)
2021,2017–2021,"Nashville plantation, Aroostook County, Maine",48120,003,23,0.3736,0.2459,ACS 5-year 2021 (B19083)
2021,2017–2021,"New Canada town, Aroostook County, Maine",48575,003,23,0.3971,0.0955,ACS 5-year 2021 (B19083)
2021,2017–2021,"New Limerick town, Aroostook County, Maine",48960,003,23,0.4995,0.0681,ACS 5-year 2021 (B19083)
2021,2017–2021,"New Sweden town, Aroostook County, Maine",49415,003,23,0.4027,0.0395,ACS 5-year 2021 (B19083)
2021,2017–2021,"Northwest Aroostook UT, Aroostook County, Maine",53602,003,23,-666666666.0000,-222222222.0000,ACS 5-year 2021 (B19083)
2021,2017–2021,"Oakfield town, Aroostook County, Maine",54385,003,23,0.3368,0.0455,ACS 5-year 2021 (B19083)
2021,2017–2021,"Orient town, Aroostook County, Maine",55435,003,23,0.6134,0.1463,ACS 5-year 2021 (B19083)
2021,2017–2021,"Penobscot Indian Island Reservation, Aroostook County, Maine",57936,003,23,-666666666.0000,-222222222.0000,ACS 5-year 2021 (B19083)
2021,2017–2021,"Perham town, Aroostook County, Maine",58060,003,23,0.4989,0.1517,ACS 5-year 2021 (B19083)
2021,2017–2021,"Portage Lake town, Aroostook County, Maine",60300,003,23,0.4412,0.0481,ACS 5-year 2021 (B19083)
2021,2017–2021,"Presque Isle city, Aroostook County, Maine",60825,003,23,0.4486,0.0371,ACS 5-year 2021 (B19083)
2021,2017–2021,"Reed plantation, Aroostook County, Maine",62400,003,23,0.6184,0.1028,ACS 5-year 2021 (B19083)
2021,2017–2021,"St. Agatha town, Aroostook County, Maine",64780,003,23,0.4249,0.0929,ACS 5-year 2021 (B19083)
2021,2017–2021,"St. Francis town, Aroostook County, Maine",65025,003,23,0.3474,0.0421,ACS 5-year 2021 (B19083)
2021,2017–2021,"St. John plantation, Aroostook County, Maine",65200,003,23,0.3746,0.0613,ACS 5-year 2021 (B19083)
2021,2017–2021,"Sherman town, Aroostook County, Maine",67790,003,23,0.4601,0.0698,ACS 5-year 2021 (B19083)
2021,2017–2021,"Smyrna town, Aroostook County, Maine",69260,003,23,0.4722,0.1390,ACS 5-year 2021 (B19083)
2021,2017–2021,"South Aroostook UT, Aroostook County, Maine",69930,003,23,0.3778,0.0682,ACS 5-year 2021 (B19083)
2021,2017–2021,"Square Lake UT, Aroostook County, Maine",73472,003,23,0.4735,0.0487,ACS 5-year 2021 (B19083)
2021,2017–2021,"Stockholm town, Aroostook County, Maine",74405,003,23,0.3956,0.0544,ACS 5-year 2021 (B19083)
2021,2017–2021,"Van Buren town, Aroostook County, Maine",78570,003,23,0.5718,0.1102,ACS 5-year 2021 (B19083)
2021,2017–2021,"Wade town, Aroostook County, Maine",79270,003,23,0.3670,0.0728,ACS 5-year 2021 (B19083)
2021,2017–2021,"Wallagrass town, Aroostook County, Maine",79865,003,23,0.3469,0.0484,ACS 5-year 2021 (B19083)
2021,2017–2021,"Washburn town, Aroostook County, Maine",80285,003,23,0.4384,0.0345,ACS 5-year 2021 (B19083)
2021,2017–2021,"Westfield town, Aroostook County, Maine",82770,003,23,0.4121,0.0510,ACS 5-year 2021 (B19083)
2021,2017–2021,"Westmanland town, Aroostook County, Maine",83540,003,23,0.3592,0.0850,ACS 5-year 2021 (B19083)
2021,2017–2021,"Weston town, Aroostook County, Maine",83785,003,23,0.3186,0.0559,ACS 5-year 2021 (B19083)
2021,2017–2021,"Winterville plantation, Aroostook County, Maine",86865,003,23,0.4778,0.1571,ACS 5-year 2021 (B19083)
2021,2017–2021,"Woodland town, Aroostook County, Maine",87215,003,23,0.3407,0.0366,ACS 5-year 2021 (B19083)
2021,2017–2021,"Baldwin town, Cumberland County, Maine",02655,005,23,0.3600,0.0375,ACS 5-year 2021 (B19083)
2021,2017–2021,"Bridgton town, Cumberland County, Maine",07170,005,23,0.3761,0.0501,ACS 5-year 2021 (B19083)
2021,2017–2021,"Brunswick town, Cumberland County, Maine",08430,005,23,0.4472,0.0369,ACS 5-year 2021 (B19083)
2021,2017–2021,"Cape Elizabeth town, Cumberland County, Maine",10180,005,23,0.4677,0.0328,ACS 5-year 2021 (B19083)
2021,2017–2021,"Casco town, Cumberland County, Maine",11125,005,23,0.4773,0.0708,ACS 5-year 2021 (B19083)
2021,2017–2021,"Chebeague Island town, Cumberland County, Maine",12300,005,23,0.6075,0.1243,ACS 5-year 2021 (B19083)
2021,2017–2021,"Cumberland town, Cumberland County, Maine",15430,005,23,0.4714,0.0445,ACS 5-year 2021 (B19083)
2021,2017–2021,"Falmouth town, Cumberland County, Maine",24495,005,23,0.4674,0.0264,ACS 5-year 2021 (B19083)
2021,2017–2021,"Freeport town, Cumberland County, Maine",26525,005,23,0.4347,0.0431,ACS 5-year 2021 (B19083)
2021,2017–2021,"Frye Island town, Cumberland County, Maine",27025,005,23,0.3946,0.1880,ACS 5-year 2021 (B19083)
2021,2017–2021,"Gorham town, Cumberland County, Maine",28240,005,23,0.4036,0.0360,ACS 5-year 2021 (B19083)
2021,2017–2021,"Gray town, Cumberland County, Maine",28870,005,23,0.4006,0.0527,ACS 5-year 2021 (B19083)
2021,2017–2021,"Harpswell town, Cumberland County, Maine",31390,005,23,0.5004,0.0567,ACS 5-year 2021 (B19083)
2021,2017–2021,"Harrison town, Cumberland County, Maine",31600,005,23,0.4116,0.0433,ACS 5-year 2021 (B19083)
2021,2017–2021,"Long Island town, Cumberland County, Maine",41067,005,23,0.4664,0.0725,ACS 5-year 2021 (B19083)
2021,2017–2021,"Naples town, Cumberland County, Maine",48085,005,23,0.4285,0.0751,ACS 5-year 2021 (B19083)
2021,2017–2021,"New Gloucester town, Cumberland County, Maine",48820,005,23,0.3610,0.0483,ACS 5-year 2021 (B19083)
2021,2017–2021,"North Yarmouth town, Cumberland County, Maine",53860,005,23,0.4000,0.0420,ACS 5-year 2021 (B19083)
2021,2017–2021,"Portland city, Cumberland County, Maine",60545,005,23,0.4791,0.0203,ACS 5-year 2021 (B19083)
2021,2017–2021,"Pownal town, Cumberland County, Maine",60685,005,23,0.3727,0.0435,ACS 5-year 2021 (B19083)
2021,2017–2021,"Raymond town, Cumberland County, Maine",61945,005,23,0.3873,0.0520,ACS 5-year 2021 (B19083)
2021,2017–2021,"Scarborough town, Cumberland County, Maine",66145,005,23,0.4320,0.0238,ACS 5-year 2021 (B19083)
2021,2017–2021,"Sebago town, Cumberland County, Maine",66775,005,23,0.4502,0.0641,ACS 5-year 2021 (B19083)
2021,2017–2021,"South Portland city, Cumberland County, Maine",71990,005,23,0.4233,0.0213,ACS 5-year 2021 (B19083)
2021,2017–2021,"Standish town, Cumberland County, Maine",73670,005,23,0.3552,0.0312,ACS 5-year 2021 (B19083)
2021,2017–2021,"Westbrook city, Cumberland County, Maine",82105,005,23,0.3779,0.0223,ACS 5-year 2021 (B19083)
2021,2017–2021,"Windham town, Cumberland County, Maine",86025,005,23,0.3600,0.0216,ACS 5-year 2021 (B19083)
2021,2017–2021,"Yarmouth town, Cumberland County, Maine",87845,005,23,0.5015,0.0366,ACS 5-year 2021 (B19083)
2021,2017–2021,"Avon town, Franklin County, Maine",02235,007,23,0.5006,0.0862,ACS 5-year 2021 (B19083)
2021,2017–2021,"Carrabassett Valley town, Franklin County, Maine",10740,007,23,0.5261,0.0436,ACS 5-year 2021 (B19083)
2021,2017–2021,"Carthage town, Franklin County, Maine",10915,007,23,0.3300,0.0690,ACS 5-year 2021 (B19083)
2021,2017–2021,"Chesterville town, Franklin County, Maine",12595,007,23,0.3457,0.0433,ACS 5-year 2021 (B19083)
2021,2017–2021,"Coplin plantation, Franklin County, Maine",14205,007,23,0.3830,0.1183,ACS 5-year 2021 (B19083)
2021,2017–2021,"Dallas plantation, Franklin County, Maine",16165,007,23,0.4666,0.2001,ACS 5-year 2021 (B19083)
2021,2017–2021,"East Central Franklin UT, Franklin County, Maine",19865,007,23,0.4571,0.0700,ACS 5-year 2021 (B19083)
2021,2017–2021,"Eustis town, Franklin County, Maine",24005,007,23,0.5385,0.0723,ACS 5-year 2021 (B19083)
2021,2017–2021,"Farmington town, Franklin County, Maine",24775,007,23,0.5290,0.0643,ACS 5-year 2021 (B19083)
2021,2017–2021,"Industry town, Franklin County, Maine",34820,007,23,0.3945,0.0448,ACS 5-year 2021 (B19083)
2021,2017–2021,"Jay town, Franklin County, Maine",35625,007,23,0.3587,0.0776,ACS 5-year 2021 (B19083)
2021,2017–2021,"Kingfield town, Franklin County, Maine",37025,007,23,0.4571,0.0698,ACS 5-year 2021 (B19083)
2021,2017–2021,"New Sharon town, Franklin County, Maine",49345,007,23,0.3908,0.0490,ACS 5-year 2021 (B19083)
2021,2017–2021,"New Vineyard town, Franklin County, Maine",49520,007,23,0.4553,0.0849,ACS 5-year 2021 (B19083)
2021,2017–2021,"North Franklin UT, Franklin County, Maine",51400,007,23,0.0658,0.0784,ACS 5-year 2021 (B19083)
2021,2017–2021,"Phillips town, Franklin County, Maine",58445,007,23,0.3993,0.0321,ACS 5-year 2021 (B19083)
2021,2017–2021,"Rangeley town, Franklin County, Maine",61840,007,23,0.4415,0.1170,ACS 5-year 2021 (B19083)
2021,2017–2021,"Rangeley plantation, Franklin County, Maine",61875,007,23,0.3369,0.0803,ACS 5-year 2021 (B19083)
2021,2017–2021,"Sandy River plantation, Franklin County, Maine",65655,007,23,0.3987,0.1027,ACS 5-year 2021 (B19083)
2021,2017–2021,"South Franklin UT, Franklin County, Maine",70760,007,23,0.1270,0.1264,ACS 5-year 2021 (B19083)
2021,2017–2021,"Strong town, Franklin County, Maine",74825,007,23,0.5362,0.0889,ACS 5-year 2021 (B19083)
2021,2017–2021,"Temple town, Franklin County, Maine",75980,007,23,0.3645,0.0697,ACS 5-year 2021 (B19083)
2021,2017–2021,"Weld town, Franklin County, Maine",81300,007,23,0.3161,0.0553,ACS 5-year 2021 (B19083)
2021,2017–2021,"West Central Franklin UT, Franklin County, Maine",82235,007,23,-666666666.0000,-222222222.0000,ACS 5-year 2021 (B19083)
2021,2017–2021,"Wilton town, Franklin County, Maine",85850,007,23,0.4402,0.0453,ACS 5-year 2021 (B19083)
2021,2017–2021,"Wyman UT, Franklin County, Maine",87680,007,23,0.0956,0.0734,ACS 5-year 2021 (B19083)
2021,2017–2021,"Amherst town, Hancock County, Maine",01185,009,23,0.4723,0.0733,ACS 5-year 2021 (B19083)
2021,2017–2021,"Aurora town, Hancock County, Maine",02165,009,23,0.4467,0.0968,ACS 5-year 2021 (B19083)
2021,2017–2021,"Bar Harbor town, Hancock County, Maine",02865,009,23,0.4294,0.0532,ACS 5-year 2021 (B19083)
2021,2017–2021,"Blue Hill town, Hancock County, Maine",05700,009,23,0.4499,0.0585,ACS 5-year 2021 (B19083)
2021,2017–2021,"Brooklin town, Hancock County, Maine",07800,009,23,0.3853,0.0526,ACS 5-year 2021 (B19083)
2021,2017–2021,"Brooksville town, Hancock County, Maine",07975,009,23,0.4082,0.0476,ACS 5-year 2021 (B19083)
2021,2017–2021,"Bucksport town, Hancock County, Maine",08815,009,23,0.4018,0.0581,ACS 5-year 2021 (B19083)
2021,2017–2021,"Castine town, Hancock County, Maine",11265,009,23,0.3921,0.0578,ACS 5-year 2021 (B19083)
2021,2017–2021,"Central Hancock UT, Hancock County, Maine",11800,009,23,0.5317,0.0903,ACS 5-year 2021 (B19083)
2021,2017–2021,"Cranberry Isles town, Hancock County, Maine",14905,009,23,0.3820,0.1609,ACS 5-year 2021 (B19083)
2021,2017–2021,"Dedham town, Hancock County, Maine",16935,009,23,0.4783,0.0777,ACS 5-year 2021 (B19083)
2021,2017–2021,"Deer Isle town, Hancock County, Maine",17145,009,23,0.4654,0.0418,ACS 5-year 2021 (B19083)
2021,2017–2021,"Eastbrook town, Hancock County, Maine",19770,009,23,0.3879,0.0685,ACS 5-year 2021 (B19083)
2021,2017–2021,"East Hancock UT, Hancock County, Maine",20405,009,23,0.3766,0.1091,ACS 5-year 2021 (B19083)
2021,2017–2021,"Ellsworth city, Hancock County, Maine",23200,009,23,0.4121,0.0293,ACS 5-year 2021 (B19083)
2021,2017–2021,"Franklin town, Hancock County, Maine",26350,009,23,0.4252,0.0497,ACS 5-year 2021 (B19083)
2021,2017–2021,"Frenchboro town, Hancock County, Maine",26595,009,23,0.4135,0.1735,ACS 5-year 2021 (B19083)
2021,2017–2021,"Gouldsboro town, Hancock County, Maine",28450,009,23,0.4813,0.1016,ACS 5-year 2021 (B19083)
2021,2017–2021,"Great Pond town, Hancock County, Maine",28975,009,23,0.2548,0.0615,ACS 5-year 2021 (B19083)
2021,2017–2021,"Hancock town, Hancock County, Maine",30970,009,23,0.4589,0.1014,ACS 5-year 2021 (B19083)
2021,2017–2021,"Lamoine town, Hancock County, Maine",38180,009,23,0.4266,0.0717,ACS 5-year 2021 (B19083)
2021,2017–2021,"Mariaville town, Hancock County, Maine",43430,009,23,0.3610,0.0542,ACS 5-year 2021 (B19083)
2021,2017–2021,"Marshall Island UT, Hancock County, Maine",43578,009,23,-666666666.0000,-222222222.0000,ACS 5-year 2021 (B19083)
2021,2017–2021,"Mount Desert town, Hancock County, Maine",47630,009,23,0.4962,0.0637,ACS 5-year 2021 (B19083)
2021,2017–2021,"Northwest Hancock UT, Hancock County, Maine",53620,009,23,-666666666.0000,-222222222.0000,ACS 5-year 2021 (B19083)
2021,2017–2021,"Orland town, Hancock County, Maine",55505,009,23,0.3919,0.0491,ACS 5-year 2021 (B19083)
2021,2017–2021,"Osborn town, Hancock County, Maine",55855,009,23,0.3374,0.1468,ACS 5-year 2021 (B19083)
2021,2017–2021,"Otis town, Hancock County, Maine",55890,009,23,0.4117,0.0999,ACS 5-year 2021 (B19083)
2021,2017–2021,"Penobscot town, Hancock County, Maine",57920,009,23,0.4775,0.0878,ACS 5-year 2021 (B19083)
2021,2017–2021,"Sedgwick town, Hancock County, Maine",67300,009,23,0.5039,0.0805,ACS 5-year 2021 (B19083)
2021,2017–2021,"Sorrento town, Hancock County, Maine",69750,009,23,0.3666,0.0716,ACS 5-year 2021 (B19083)
2021,2017–2021,"Southwest Harbor town, Hancock County, Maine",72865,009,23,0.4503,0.0365,ACS 5-year 2021 (B19083)
2021,2017–2021,"Stonington town, Hancock County, Maine",74580,009,23,0.4458,0.0808,ACS 5-year 2021 (B19083)
2021,2017–2021,"Sullivan town, Hancock County, Maine",74965,009,23,0.3467,0.0389,ACS 5-year 2021 (B19083)
2021,2017–2021,"Surry town, Hancock County, Maine",75280,009,23,0.4776,0.0696,ACS 5-year 2021 (B19083)
2021,2017–2021,"Swans Island town, Hancock County, Maine",75455,009,23,0.4071,0.0544,ACS 5-year 2021 (B19083)
2021,2017–2021,"Tremont town, Hancock County, Maine",77345,009,23,0.3963,0.0565,ACS 5-year 2021 (B19083)
2021,2017–2021,"Trenton town, Hancock County, Maine",77415,009,23,0.4449,0.0594,ACS 5-year 2021 (B19083)
2021,2017–2021,"Verona Island town, Hancock County, Maine",78925,009,23,0.3869,0.0659,ACS 5-year 2021 (B19083)
2021,2017–2021,"Waltham town, Hancock County, Maine",80040,009,23,0.4048,0.0612,ACS 5-year 2021 (B19083)
2021,2017–2021,"Winter Harbor town, Hancock County, Maine",86655,009,23,0.4122,0.0691,ACS 5-year 2021 (B19083)
2021,2017–2021,"Albion town, Kennebec County, Maine",00590,011,23,0.3774,0.0501,ACS 5-year 2021 (B19083)
2021,2017–2021,"Augusta city, Kennebec County, Maine",02100,011,23,0.4535,0.0292,ACS 5-year 2021 (B19083)
2021,2017–2021,"Belgrade town, Kennebec County, Maine",04020,011,23,0.4457,0.0662,ACS 5-year 2021 (B19083)
2021,2017–2021,"Benton town, Kennebec County, Maine",04475,011,23,0.3901,0.0308,ACS 5-year 2021 (B19083)
2021,2017–2021,"Chelsea town, Kennebec County, Maine",12350,011,23,0.4017,0.0452,ACS 5-year 2021 (B19083)
2021,2017–2021,"China town, Kennebec County, Maine",12735,011,23,0.3656,0.0805,ACS 5-year 2021 (B19083)
2021,2017–2021,"Clinton town, Kennebec County, Maine",13470,011,23,0.3928,0.0553,ACS 5-year 2021 (B19083)
2021,2017–2021,"Farmingdale town, Kennebec County, Maine",24670,011,23,0.4173,0.0773,ACS 5-year 2021 (B19083)
2021,2017–2021,"Fayette town, Kennebec County, Maine",24950,011,23,0.3918,0.0459,ACS 5-year 2021 (B19083)
2021,2017–2021,"Gardiner city, Kennebec County, Maine",27085,011,23,0.4826,0.0684,ACS 5-year 2021 (B19083)
2021,2017–2021,"Hallowell city, Kennebec County, Maine",30550,011,23,0.4835,0.0644,ACS 5-year 2021 (B19083)
2021,2017–2021,"Litchfield town, Kennebec County, Maine",40175,011,23,0.3738,0.0478,ACS 5-year 2021 (B19083)
2021,2017–2021,"Manchester town, Kennebec County, Maine",43080,011,23,0.4348,0.0623,ACS 5-year 2021 (B19083)
2021,2017–2021,"Monmouth town, Kennebec County, Maine",46405,011,23,0.3681,0.0523,ACS 5-year 2021 (B19083)
2021,2017–2021,"Mount Vernon town, Kennebec County, Maine",47770,011,23,0.4393,0.0558,ACS 5-year 2021 (B19083)
2021,2017–2021,"Oakland town, Kennebec County, Maine",54560,011,23,0.3896,0.0418,ACS 5-year 2021 (B19083)
2021,2017–2021,"Pittston town, Kennebec County, Maine",59110,011,23,0.3264,0.0572,ACS 5-year 2021 (B19083)
2021,2017–2021,"Randolph town, Kennebec County, Maine",61700,011,23,0.4556,0.0656,ACS 5-year 2021 (B19083)
2021,2017–2021,"Readfield town, Kennebec County, Maine",62190,011,23,0.4042,0.0614,ACS 5-year 2021 (B19083)
2021,2017–2021,"Rome town, Kennebec County, Maine",63835,011,23,0.4755,0.0594,ACS 5-year 2021 (B19083)
2021,2017–2021,"Sidney town, Kennebec County, Maine",68385,011,23,0.3876,0.0519,ACS 5-year 2021 (B19083)
2021,2017–2021,"Unity UT, Kennebec County, Maine",78190,011,23,0.3530,0.1972,ACS 5-year 2021 (B19083)
2021,2017–2021,"Vassalboro town, Kennebec County, Maine",78745,011,23,0.3646,0.0387,ACS 5-year 2021 (B19083)
2021,2017–2021,"Vienna town, Kennebec County, Maine",79025,011,23,0.3785,0.0538,ACS 5-year 2021 (B19083)
2021,2017–2021,"Waterville city, Kennebec County, Maine",80740,011,23,0.5084,0.0417,ACS 5-year 2021 (B19083)
2021,2017–2021,"Wayne town, Kennebec County, Maine",80880,011,23,0.4912,0.0810,ACS 5-year 2021 (B19083)
2021,2017–2021,"West Gardiner town, Kennebec County, Maine",82945,011,23,0.4089,0.0813,ACS 5-year 2021 (B19083)
2021,2017–2021,"Windsor town, Kennebec County, Maine",86165,011,23,0.3599,0.0528,ACS 5-year 2021 (B19083)
2021,2017–2021,"Winslow town, Kennebec County, Maine",86515,011,23,0.4332,0.0575,ACS 5-year 2021 (B19083)
2021,2017–2021,"Winthrop town, Kennebec County, Maine",86970,011,23,0.3738,0.0482,ACS 5-year 2021 (B19083)
2021,2017–2021,"Appleton town, Knox County, Maine",01465,013,23,0.4579,0.0575,ACS 5-year 2021 (B19083)
2021,2017–2021,"Camden town, Knox County, Maine",09725,013,23,0.4277,0.0471,ACS 5-year 2021 (B19083)
2021,2017–2021,"Criehaven UT, Knox County, Maine",15125,013,23,-666666666.0000,-222222222.0000,ACS 5-year 2021 (B19083)
2021,2017–2021,"Cushing town, Knox County, Maine",15780,013,23,0.4751,0.0530,ACS 5-year 2021 (B19083)
2021,2017–2021,"Friendship town, Knox County, Maine",26805,013,23,0.4378,0.0754,ACS 5-year 2021 (B19083)
2021,2017–2021,"Hope town, Knox County, Maine",33840,013,23,0.4155,0.0657,ACS 5-year 2021 (B19083)
2021,2017–2021,"Isle au Haut town, Knox County, Maine",35135,013,23,0.5150,0.1874,ACS 5-year 2021 (B19083)
2021,2017–2021,"Matinicus Isle plantation, Knox County, Maine",44165,013,23,0.4282,0.1499,ACS 5-year 2021 (B19083)
2021,2017–2021,"Muscle Ridge Islands UT, Knox County, Maine",47962,013,23,-666666666.0000,-222222222.0000,ACS 5-year 2021 (B19083)
2021,2017–2021,"North Haven town, Knox County, Maine",51620,013,23,0.4102,0.0778,ACS 5-year 2021 (B19083)
2021,2017–2021,"Owls Head town, Knox County, Maine",56135,013,23,0.4935,0.0788,ACS 5-year 2021 (B19083)
2021,2017–2021,"Rockland city, Knox County, Maine",63590,013,23,0.4394,0.0326,ACS 5-year 2021 (B19083)
2021,2017–2021,"Rockport town, Knox County, Maine",63660,013,23,0.4448,0.0836,ACS 5-year 2021 (B19083)
2021,2017–2021,"St. George town, Knox County, Maine",65130,013,23,0.4742,0.0541,ACS 5-year 2021 (B19083)
2021,2017–2021,"South Thomaston town, Knox County, Maine",72585,013,23,0.4106,0.0793,ACS 5-year 2021 (B19083)
2021,2017–2021,"Thomaston town, Knox County, Maine",76365,013,23,0.3332,0.0506,ACS 5-year 2021 (B19083)
2021,2017–2021,"Union town, Knox County, Maine",78115,013,23,0.3741,0.0408,ACS 5-year 2021 (B19083)
2021,2017–2021,"Vinalhaven town, Knox County, Maine",79130,013,23,0.4467,0.0564,ACS 5-year 2021 (B19083)
2021,2017–2021,"Warren town, Knox County, Maine",80215,013,23,0.3300,0.0545,ACS 5-year 2021 (B19083)
2021,2017–2021,"Washington town, Knox County, Maine",80425,013,23,0.5962,0.1241,ACS 5-year 2021 (B19083)
2021,2017–2021,"Alna town, Lincoln County, Maine",01010,015,23,0.3939,0.0477,ACS 5-year 2021 (B19083)
2021,2017–2021,"Boothbay town, Lincoln County, Maine",06050,015,23,0.4966,0.0761,ACS 5-year 2021 (B19083)
2021,2017–2021,"Boothbay Harbor town, Lincoln County, Maine",06120,015,23,0.5163,0.0698,ACS 5-year 2021 (B19083)
2021,2017–2021,"Bremen town, Lincoln County, Maine",06855,015,23,0.4423,0.1090,ACS 5-year 2021 (B19083)
2021,2017–2021,"Bristol town, Lincoln County, Maine",07485,015,23,0.4853,0.0689,ACS 5-year 2021 (B19083)
2021,2017–2021,"Damariscotta town, Lincoln County, Maine",16235,015,23,0.4401,0.0507,ACS 5-year 2021 (B19083)
2021,2017–2021,"Dresden town, Lincoln County, Maine",18475,015,23,0.3735,0.0513,ACS 5-year 2021 (B19083)
2021,2017–2021,"Edgecomb town, Lincoln County, Maine",22675,015,23,0.4377,0.0531,ACS 5-year 2021 (B19083)
2021,2017–2021,"Hibberts gore, Lincoln County, Maine",32715,015,23,-666666666.0000,-222222222.0000,ACS 5-year 2021 (B19083)
2021,2017–2021,"Jefferson town, Lincoln County, Maine",35695,015,23,0.3458,0.0389,ACS 5-year 2021 (B19083)
2021,2017–2021,"Louds Island UT, Lincoln County, Maine",41280,015,23,-666666666.0000,-222222222.0000,ACS 5-year 2021 (B19083)
2021,2017–2021,"Monhegan plantation, Lincoln County, Maine",46335,015,23,0.4689,0.1892,ACS 5-year 2021 (B19083)
2021,2017–2021,"Newcastle town, Lincoln County, Maine",48645,015,23,0.4842,0.0866,ACS 5-year 2021 (B19083)
2021,2017–2021,"Nobleboro town, Lincoln County, Maine",49660,015,23,0.4443,0.0556,ACS 5-year 2021 (B19083)
2021,2017–2021,"Somerville town, Lincoln County, Maine",69645,015,23,0.3252,0.0470,ACS 5-year 2021 (B19083)
2021,2017–2021,"South Bristol town, Lincoln County, Maine",70240,015,23,0.4742,0.0633,ACS 5-year 2021 (B19083)
2021,2017–2021,"Southport town, Lincoln County, Maine",71955,015,23,0.4563,0.0499,ACS 5-year 2021 (B19083)
2021,2017–2021,"Waldoboro town, Lincoln County, Maine",79550,015,23,0.4901,0.0648,ACS 5-year 2021 (B19083)
2021,2017–2021,"Westport Island town, Lincoln County, Maine",84140,015,23,0.5104,0.1348,ACS 5-year 2021 (B19083)
2021,2017–2021,"Whitefield town, Lincoln County, Maine",85010,015,23,0.3792,0.0423,ACS 5-year 2021 (B19083)
2021,2017–2021,"Wiscasset town, Lincoln County, Maine",87075,015,23,0.3493,0.0476,ACS 5-year 2021 (B19083)
2021,2017–2021,"Andover town, Oxford County, Maine",01325,017,23,0.4026,0.0593,ACS 5-year 2021 (B19083)
2021,2017–2021,"Bethel town, Oxford County, Maine",04825,017,23,0.4727,0.0500,ACS 5-year 2021 (B19083)
2021,2017–2021,"Brownfield town, Oxford County, Maine",08150,017,23,0.4176,0.0563,ACS 5-year 2021 (B19083)
2021,2017–2021,"Buckfield town, Oxford County, Maine",08710,017,23,0.3661,0.0460,ACS 5-year 2021 (B19083)
2021,2017–2021,"Byron town, Oxford County, Maine",09550,017,23,0.3885,0.2559,ACS 5-year 2021 (B19083)
2021,2017–2021,"Canton town, Oxford County, Maine",10005,017,23,0.4156,0.0538,ACS 5-year 2021 (B19083)
2021,2017–2021,"Denmark town, Oxford County, Maine",17250,017,23,0.4192,0.0487,ACS 5-year 2021 (B19083)
2021,2017–2021,"Dixfield town, Oxford County, Maine",17740,017,23,0.4511,0.0859,ACS 5-year 2021 (B19083)
2021,2017–2021,"Fryeburg town, Oxford County, Maine",26910,017,23,0.4297,0.0432,ACS 5-year 2021 (B19083)
2021,2017–2021,"Gilead town, Oxford County, Maine",27505,017,23,0.4114,0.0544,ACS 5-year 2021 (B19083)
2021,2017–2021,"Greenwood town, Oxford County, Maine",29710,017,23,0.4278,0.0584,ACS 5-year 2021 (B19083)
2021,2017–2021,"Hanover town, Oxford County, Maine",31110,017,23,0.7575,0.1172,ACS 5-year 2021 (B19083)
2021,2017–2021,"Hartford town, Oxford County, Maine",31670,017,23,0.3599,0.0539,ACS 5-year 2021 (B19083)
2021,2017–2021,"Hebron town, Oxford County, Maine",32370,017,23,0.3093,0.0393,ACS 5-year 2021 (B19083)
2021,2017–2021,"Hiram town, Oxford County, Maine",33315,017,23,0.4019,0.0465,ACS 5-year 2021 (B19083)
2021,2017–2021,"Lincoln plantation, Oxford County, Maine",39422,017,23,0.4652,0.0766,ACS 5-year 2021 (B19083)
2021,2017–2021,"Lovell town, Oxford County, Maine",41365,017,23,0.5225,0.0841,ACS 5-year 2021 (B19083)
2021,2017–2021,"Magalloway plantation, Oxford County, Maine",42835,017,23,0.3927,0.1659,ACS 5-year 2021 (B19083)
2021,2017–2021,"Mexico town, Oxford County, Maine",45285,017,23,0.3902,0.0506,ACS 5-year 2021 (B19083)
2021,2017–2021,"Milton UT, Oxford County, Maine",46105,017,23,0.5191,0.1955,ACS 5-year 2021 (B19083)
2021,2017–2021,"Newry town, Oxford County, Maine",49275,017,23,0.5398,0.1007,ACS 5-year 2021 (B19083)
2021,2017–2021,"North Oxford UT, Oxford County, Maine",52575,017,23,-666666666.0000,-222222222.0000,ACS 5-year 2021 (B19083)
2021,2017–2021,"Norway town, Oxford County, Maine",54000,017,23,0.4293,0.0388,ACS 5-year 2021 (B19083)
2021,2017–2021,"Otisfield town, Oxford County, Maine",55960,017,23,0.4045,0.0491,ACS 5-year 2021 (B19083)
2021,2017–2021,"Oxford town, Oxford County, Maine",56310,017,23,0.3752,0.0483,ACS 5-year 2021 (B19083)
2021,2017–2021,"Paris town, Oxford County, Maine",56625,017,23,0.4054,0.0618,ACS 5-year 2021 (B19083)
2021,2017–2021,"Peru town, Oxford County, Maine",58270,017,23,0.3724,0.0468,ACS 5-year 2021 (B19083)
2021,2017–2021,"Porter town, Oxford County, Maine",60405,017,23,0.3535,0.0276,ACS 5-year 2021 (B19083)
2021,2017–2021,"Roxbury town, Oxford County, Maine",64185,017,23,0.4073,0.0539,ACS 5-year 2021 (B19083)
2021,2017–2021,"Rumford town, Oxford County, Maine",64290,017,23,0.4538,0.0531,ACS 5-year 2021 (B19083)
2021,2017–2021,"South Oxford UT, Oxford County, Maine",71755,017,23,0.4589,0.1072,ACS 5-year 2021 (B19083)
2021,2017–2021,"Stoneham town, Oxford County, Maine",74510,017,23,0.4838,0.0660,ACS 5-year 2021 (B19083)
2021,2017–2021,"Stow town, Oxford County, Maine",74685,017,23,0.3746,0.0755,ACS 5-year 2021 (B19083)
2021,2017–2021,"Sumner town, Oxford County, Maine",75035,017,23,0.3724,0.0383,ACS 5-year 2021 (B19083)
2021,2017–2021,"Sweden town, Oxford County, Maine",75595,017,23,0.4507,0.1127,ACS 5-year 2021 (B19083)
2021,2017–2021,"Upton town, Oxford County, Maine",78465,017,23,0.5182,0.1631,ACS 5-year 2021 (B19083)
2021,2017–2021,"Waterford town, Oxford County, Maine",80635,017,23,0.3918,0.0314,ACS 5-year 2021 (B19083)
2021,2017–2021,"West Paris town, Oxford County, Maine",83890,017,23,0.3692,0.0420,ACS 5-year 2021 (B19083)
2021,2017–2021,"Woodstock town, Oxford County, Maine",87355,017,23,0.4134,0.0411,ACS 5-year 2021 (B19083)
2021,2017–2021,"Alton town, Penobscot County, Maine",01115,019,23,0.4163,0.0500,ACS 5-year 2021 (B19083)
2021,2017–2021,"Argyle UT, Penobscot County, Maine",01500,019,23,0.4241,0.0796,ACS 5-year 2021 (B19083)
2021,2017–2021,"Bangor city, Penobscot County, Maine",02795,019,23,0.4868,0.0217,ACS 5-year 2021 (B19083)
2021,2017–2021,"Bradford town, Penobscot County, Maine",06575,019,23,0.3585,0.0411,ACS 5-year 2021 (B19083)
2021,2017–2021,"Bradley town, Penobscot County, Maine",06680,019,23,0.3601,0.0389,ACS 5-year 2021 (B19083)
2021,2017–2021,"Brewer city, Penobscot County, Maine",06925,019,23,0.4427,0.0456,ACS 5-year 2021 (B19083)
2021,2017–2021,"Burlington town, Penobscot County, Maine",09200,019,23,0.3862,0.0583,ACS 5-year 2021 (B19083)
2021,2017–2021,"Carmel town, Penobscot County, Maine",10670,019,23,0.3200,0.0495,ACS 5-year 2021 (B19083)
2021,2017–2021,"Carroll plantation, Penobscot County, Maine",10810,019,23,0.3166,0.0831,ACS 5-year 2021 (B19083)
2021,2017–2021,"Charleston town, Penobscot County, Maine",12105,019,23,0.4906,0.1308,ACS 5-year 2021 (B19083)
2021,2017–2021,"Chester town, Penobscot County, Maine",12525,019,23,0.3862,0.0374,ACS 5-year 2021 (B19083)
2021,2017–2021,"Clifton town, Penobscot County, Maine",13365,019,23,0.4241,0.0624,ACS 5-year 2021 (B19083)
2021,2017–2021,"Corinna town, Penobscot County, Maine",14310,019,23,0.3983,0.0533,ACS 5-year 2021 (B19083)
2021,2017–2021,"Corinth town, Penobscot County, Maine",14380,019,23,0.4049,0.0361,ACS 5-year 2021 (B19083)
2021,2017–2021,"Dexter town, Penobscot County, Maine",17530,019,23,0.5040,0.1479,ACS 5-year 2021 (B19083)
2021,2017–2021,"Dixmont town, Penobscot County, Maine",17950,019,23,0.4236,0.0748,ACS 5-year 2021 (B19083)
2021,2017–2021,"Drew plantation, Penobscot County, Maine",18580,019,23,0.2648,0.2517,ACS 5-year 2021 (B19083)
2021,2017–2021,"East Central Penobscot UT, Penobscot County, Maine",19868,019,23,0.4096,0.0829,ACS 5-year 2021 (B19083)
2021,2017–2021,"East Millinocket town, Penobscot County, Maine",21030,019,23,0.4276,0.0428,ACS 5-year 2021 (B19083)
2021,2017–2021,"Eddington town, Penobscot County, Maine",22535,019,23,0.4024,0.0585,ACS 5-year 2021 (B19083)
2021,2017–2021,"Edinburg town, Penobscot County, Maine",22710,019,23,0.3106,0.0772,ACS 5-year 2021 (B19083)
2021,2017–2021,"Enfield town, Penobscot County, Maine",23620,019,23,0.3587,0.0274,ACS 5-year 2021 (B19083)
2021,2017–2021,"Etna town, Penobscot County, Maine",23865,019,23,0.3131,0.0449,ACS 5-year 2021 (B19083)
2021,2017–2021,"Exeter town, Penobscot County, Maine",24110,019,23,0.3379,0.0514,ACS 5-year 2021 (B19083)
2021,2017–2021,"Garland town, Penobscot County, Maine",27190,019,23,0.4529,0.0561,ACS 5-year 2021 (B19083)
2021,2017–2021,"Glenburn town, Penobscot County, Maine",27645,019,23,0.4018,0.0481,ACS 5-year 2021 (B19083)
2021,2017–2021,"Greenbush town, Penobscot County, Maine",29185,019,23,0.3856,0.0372,ACS 5-year 2021 (B19083)
2021,2017–2021,"Hampden town, Penobscot County, Maine",30795,019,23,0.4646,0.0743,ACS 5-year 2021 (B19083)
2021,2017–2021,"Hermon town, Penobscot County, Maine",32510,019,23,0.2991,0.0294,ACS 5-year 2021 (B19083)
2021,2017–2021,"Holden town, Penobscot County, Maine",33490,019,23,0.4467,0.1367,ACS 5-year 2021 (B19083)
2021,2017–2021,"Howland town, Penobscot County, Maine",34190,019,23,0.3555,0.0411,ACS 5-year 2021 (B19083)
2021,2017–2021,"Hudson town, Penobscot County, Maine",34365,019,23,0.3782,0.0268,ACS 5-year 2021 (B19083)
2021,2017–2021,"Kenduskeag town, Penobscot County, Maine",36325,019,23,0.3445,0.0432,ACS 5-year 2021 (B19083)
2021,2017–2021,"Kingman UT, Penobscot County, Maine",37075,019,23,0.3931,0.1030,ACS 5-year 2021 (B19083)
2021,2017–2021,"Lagrange town, Penobscot County, Maine",37760,019,23,0.4332,0.0352,ACS 5-year 2021 (B19083)
2021,2017–2021,"Lakeville town, Penobscot County, Maine",38005,019,23,0.5101,0.0975,ACS 5-year 2021 (B19083)
2021,2017–2021,"Lee town, Penobscot County, Maine",38530,019,23,0.4370,0.0650,ACS 5-year 2021 (B19083)
2021,2017–2021,"Levant town, Penobscot County, Maine",38705,019,23,0.3509,0.0549,ACS 5-year 2021 (B19083)
2021,2017–2021,"Lincoln town, Penobscot County, Maine",39475,019,23,0.4767,0.0824,ACS 5-year 2021 (B19083)
2021,2017–2021,"Lowell town, Penobscot County, Maine",41435,019,23,0.4081,0.0640,ACS 5-year 2021 (B19083)
2021,2017–2021,"Mattawamkeag town, Penobscot County, Maine",44270,019,23,0.3888,0.0384,ACS 5-year 2021 (B19083)
2021,2017–2021,"Maxfield town, Penobscot County, Maine",44340,019,23,0.3593,0.1086,ACS 5-year 2021 (B19083)
2021,2017–2021,"Medway town, Penobscot County, Maine",45005,019,23,0.3933,0.0421,ACS 5-year 2021 (B19083)
2021,2017–2021,"Milford town, Penobscot County, Maine",45670,019,23,0.3849,0.0577,ACS 5-year 2021 (B19083)
2021,2017–2021,"Millinocket town, Penobscot County, Maine",45810,019,23,0.4089,0.0485,ACS 5-year 2021 (B19083)
2021,2017–2021,"Mount Chase town, Penobscot County, Maine",47560,019,23,0.5031,0.1195,ACS 5-year 2021 (B19083)
2021,2017–2021,"Newburgh town, Penobscot County, Maine",48505,019,23,0.4106,0.0567,ACS 5-year 2021 (B19083)
2021,2017–2021,"Newport town, Penobscot County, Maine",49065,019,23,0.4395,0.0356,ACS 5-year 2021 (B19083)
2021,2017–2021,"North Penobscot UT, Penobscot County, Maine",52710,019,23,0.4585,0.0725,ACS 5-year 2021 (B19083)
2021,2017–2021,"Old Town city, Penobscot County, Maine",55225,019,23,0.4483,0.0484,ACS 5-year 2021 (B19083)
2021,2017–2021,"Orono town, Penobscot County, Maine",55565,019,23,0.4862,0.0261,ACS 5-year 2021 (B19083)
2021,2017–2021,"Orrington town, Penobscot County, Maine",55680,019,23,0.4091,0.0489,ACS 5-year 2021 (B19083)
2021,2017–2021,"Passadumkeag town, Penobscot County, Maine",57045,019,23,0.4796,0.1173,ACS 5-year 2021 (B19083)
2021,2017–2021,"Patten town, Penobscot County, Maine",57150,019,23,0.4806,0.0853,ACS 5-year 2021 (B19083)
2021,2017–2021,"Penobscot Indian Island Reservation, Penobscot County, Maine",57936,019,23,0.4676,0.0404,ACS 5-year 2021 (B19083)
2021,2017–2021,"Plymouth town, Penobscot County, Maine",59950,019,23,0.4074,0.0488,ACS 5-year 2021 (B19083)
2021,2017–2021,"Prentiss UT, Penobscot County, Maine",60790,019,23,0.3779,0.1893,ACS 5-year 2021 (B19083)
2021,2017–2021,"Seboeis plantation, Penobscot County, Maine",67160,019,23,0.3266,0.1978,ACS 5-year 2021 (B19083)
2021,2017–2021,"Springfield town, Penobscot County, Maine",73250,019,23,0.4036,0.0627,ACS 5-year 2021 (B19083)
2021,2017–2021,"Stacyville town, Penobscot County, Maine",73600,019,23,0.3485,0.0623,ACS 5-year 2021 (B19083)
2021,2017–2021,"Stetson town, Penobscot County, Maine",74055,019,23,0.4042,0.0555,ACS 5-year 2021 (B19083)
2021,2017–2021,"Twombly Ridge UT, Penobscot County, Maine",78015,019,23,-666666666.0000,-222222222.0000,ACS 5-year 2021 (B19083)
2021,2017–2021,"Veazie town, Penobscot County, Maine",78780,019,23,0.4078,0.0381,ACS 5-year 2021 (B19083)
2021,2017–2021,"Webster plantation, Penobscot County, Maine",81055,019,23,0.5149,0.1317,ACS 5-year 2021 (B19083)
2021,2017–2021,"Whitney UT, Penobscot County, Maine",85230,019,23,-666666666.0000,-222222222.0000,ACS 5-year 2021 (B19083)
2021,2017–2021,"Winn town, Penobscot County, Maine",86305,019,23,0.3925,0.0894,ACS 5-year 2021 (B19083)
2021,2017–2021,"Woodville town, Penobscot County, Maine",87390,019,23,0.2810,0.0655,ACS 5-year 2021 (B19083)
2021,2017–2021,"Abbot town, Piscataquis County, Maine",00100,021,23,0.4204,0.0714,ACS 5-year 2021 (B19083)
2021,2017–2021,"Beaver Cove town, Piscataquis County, Maine",03740,021,23,0.3422,0.1147,ACS 5-year 2021 (B19083)
2021,2017–2021,"Blanchard UT, Piscataquis County, Maine",05560,021,23,0.4002,0.1061,ACS 5-year 2021 (B19083)
2021,2017–2021,"Bowerbank town, Piscataquis County, Maine",06400,021,23,0.3813,0.0566,ACS 5-year 2021 (B19083)
2021,2017–2021,"Brownville town, Piscataquis County, Maine",08325,021,23,0.4232,0.0483,ACS 5-year 2021 (B19083)
2021,2017–2021,"Dover-Foxcroft town, Piscataquis County, Maine",18195,021,23,0.4925,0.0708,ACS 5-year 2021 (B19083)
2021,2017–2021,"Greenville town, Piscataquis County, Maine",29535,021,23,0.4264,0.0537,ACS 5-year 2021 (B19083)
2021,2017–2021,"Guilford town, Piscataquis County, Maine",30095,021,23,0.4324,0.0648,ACS 5-year 2021 (B19083)
2021,2017–2021,"Kingsbury plantation, Piscataquis County, Maine",37095,021,23,0.0919,0.0943,ACS 5-year 2021 (B19083)
2021,2017–2021,"Lake View plantation, Piscataquis County, Maine",37970,021,23,0.3875,0.1483,ACS 5-year 2021 (B19083)
2021,2017–2021,"Medford town, Piscataquis County, Maine",44830,021,23,0.4109,0.3671,ACS 5-year 2021 (B19083)
2021,2017–2021,"Milo town, Piscataquis County, Maine",46020,021,23,0.3383,0.0298,ACS 5-year 2021 (B19083)
2021,2017–2021,"Monson town, Piscataquis County, Maine",46580,021,23,0.4880,0.1189,ACS 5-year 2021 (B19083)
2021,2017–2021,"Northeast Piscataquis UT, Piscataquis County, Maine",51105,021,23,0.4242,0.0998,ACS 5-year 2021 (B19083)
2021,2017–2021,"Northwest Piscataquis UT, Piscataquis County, Maine",53628,021,23,0.4302,0.1326,ACS 5-year 2021 (B19083)
2021,2017–2021,"Parkman town, Piscataquis County, Maine",56765,021,23,0.4853,0.0795,ACS 5-year 2021 (B19083)
2021,2017–2021,"Sangerville town, Piscataquis County, Maine",65865,021,23,0.4448,0.0457,ACS 5-year 2021 (B19083)
2021,2017–2021,"Sebec town, Piscataquis County, Maine",66950,021,23,0.4413,0.0974,ACS 5-year 2021 (B19083)
2021,2017–2021,"Shirley town, Piscataquis County, Maine",68140,021,23,0.4550,0.0839,ACS 5-year 2021 (B19083)
2021,2017–2021,"Southeast Piscataquis UT, Piscataquis County, Maine",70655,021,23,0.4389,0.0709,ACS 5-year 2021 (B19083)
2021,2017–2021,"Wellington town, Piscataquis County, Maine",81405,021,23,0.3698,0.0542,ACS 5-year 2021 (B19083)
2021,2017–2021,"Willimantic town, Piscataquis County, Maine",85710,021,23,0.4538,0.0708,ACS 5-year 2021 (B19083)
2021,2017–2021,"Arrowsic town, Sagadahoc County, Maine",01570,023,23,0.5433,0.1421,ACS 5-year 2021 (B19083)
2021,2017–2021,"Bath city, Sagadahoc County, Maine",03355,023,23,0.4079,0.0358,ACS 5-year 2021 (B19083)
2021,2017–2021,"Bowdoin town, Sagadahoc County, Maine",06260,023,23,0.3740,0.0683,ACS 5-year 2021 (B19083)
2021,2017–2021,"Bowdoinham town, Sagadahoc County, Maine",06365,023,23,0.3270,0.0565,ACS 5-year 2021 (B19083)
2021,2017–2021,"Georgetown town, Sagadahoc County, Maine",27295,023,23,0.3863,0.0652,ACS 5-year 2021 (B19083)
2021,2017–2021,"Perkins UT, Sagadahoc County, Maine",58070,023,23,-666666666.0000,-222222222.0000,ACS 5-year 2021 (B19083)
2021,2017–2021,"Phippsburg town, Sagadahoc County, Maine",58515,023,23,0.3401,0.0501,ACS 5-year 2021 (B19083)
2021,2017–2021,"Richmond town, Sagadahoc County, Maine",62645,023,23,0.3994,0.0475,ACS 5-year 2021 (B19083)
2021,2017–2021,"Topsham town, Sagadahoc County, Maine",76960,023,23,0.4102,0.0480,ACS 5-year 2021 (B19083)
2021,2017–2021,"West Bath town, Sagadahoc County, Maine",81930,023,23,0.4728,0.0680,ACS 5-year 2021 (B19083)
2021,2017–2021,"Woolwich town, Sagadahoc County, Maine",87460,023,23,0.3656,0.0670,ACS 5-year 2021 (B19083)
2021,2017–2021,"Anson town, Somerset County, Maine",01395,025,23,0.4480,0.0532,ACS 5-year 2021 (B19083)
2021,2017–2021,"Athens town, Somerset County, Maine",01885,025,23,0.4048,0.0500,ACS 5-year 2021 (B19083)
2021,2017–2021,"Bingham town, Somerset County, Maine",05000,025,23,0.4582,0.1109,ACS 5-year 2021 (B19083)
2021,2017–2021,"Brighton plantation, Somerset County, Maine",07380,025,23,0.3847,0.2361,ACS 5-year 2021 (B19083)
2021,2017–2021,"Cambridge town, Somerset County, Maine",09655,025,23,0.3726,0.0787,ACS 5-year 2021 (B19083)
2021,2017–2021,"Canaan town, Somerset County, Maine",09935,025,23,0.3687,0.0366,ACS 5-year 2021 (B19083)
2021,2017–2021,"Caratunk town, Somerset County, Maine",10495,025,23,0.2931,0.1295,ACS 5-year 2021 (B19083)
2021,2017–2021,"Central Somerset UT, Somerset County, Maine",11820,025,23,0.2986,0.1190,ACS 5-year 2021 (B19083)
2021,2017–2021,"Cornville town, Somerset County, Maine",14555,025,23,0.4039,0.0562,ACS 5-year 2021 (B19083)
2021,2017–2021,"Dennistown plantation, Somerset County, Maine",17285,025,23,0.1673,0.1049,ACS 5-year 2021 (B19083)
2021,2017–2021,"Detroit town, Somerset County, Maine",17460,025,23,0.4239,0.0614,ACS 5-year 2021 (B19083)
2021,2017–2021,"Embden town, Somerset County, Maine",23410,025,23,0.3823,0.0611,ACS 5-year 2021 (B19083)
2021,2017–2021,"Fairfield town, Somerset County, Maine",24320,025,23,0.3972,0.0367,ACS 5-year 2021 (B19083)
2021,2017–2021,"Harmony town, Somerset County, Maine",31355,025,23,0.4054,0.0481,ACS 5-year 2021 (B19083)
2021,2017–2021,"Hartland town, Somerset County, Maine",31740,025,23,0.4966,0.0415,ACS 5-year 2021 (B19083)
2021,2017–2021,"Highland plantation, Somerset County, Maine",32895,025,23,0.2366,0.1983,ACS 5-year 2021 (B19083)
2021,2017–2021,"Jackman town, Somerset County, Maine",35345,025,23,0.4253,0.0644,ACS 5-year 2021 (B19083)
2021,2017–2021,"Madison town, Somerset County, Maine",42660,025,23,0.4821,0.1292,ACS 5-year 2021 (B19083)
2021,2017–2021,"Mercer town, Somerset County, Maine",45110,025,23,0.4163,0.0879,ACS 5-year 2021 (B19083)
2021,2017–2021,"Moose River town, Somerset County, Maine",47140,025,23,0.3387,0.0717,ACS 5-year 2021 (B19083)
2021,2017–2021,"Moscow town, Somerset County, Maine",47455,025,23,0.4667,0.0639,ACS 5-year 2021 (B19083)
2021,2017–2021,"New Portland town, Somerset County, Maine",49205,025,23,0.4205,0.0614,ACS 5-year 2021 (B19083)
2021,2017–2021,"Norridgewock town, Somerset County, Maine",49835,025,23,0.6542,0.1224,ACS 5-year 2021 (B19083)
2021,2017–2021,"Northeast Somerset UT, Somerset County, Maine",51114,025,23,0.4281,0.0836,ACS 5-year 2021 (B19083)
2021,2017–2021,"Northwest Somerset UT, Somerset County, Maine",53636,025,23,-666666666.0000,-222222222.0000,ACS 5-year 2021 (B19083)
2021,2017–2021,"Palmyra town, Somerset County, Maine",56520,025,23,0.3636,0.0379,ACS 5-year 2021 (B19083)
2021,2017–2021,"Pittsfield town, Somerset County, Maine",59005,025,23,0.4290,0.0443,ACS 5-year 2021 (B19083)
2021,2017–2021,"Pleasant Ridge plantation, Somerset County, Maine",59705,025,23,0.3765,0.1347,ACS 5-year 2021 (B19083)
2021,2017–2021,"Ripley town, Somerset County, Maine",62995,025,23,0.3792,0.0648,ACS 5-year 2021 (B19083)
2021,2017–2021,"St. Albans town, Somerset County, Maine",64850,025,23,0.5357,0.1050,ACS 5-year 2021 (B19083)
2021,2017–2021,"Seboomook Lake UT, Somerset County, Maine",67238,025,23,-666666666.0000,-222222222.0000,ACS 5-year 2021 (B19083)
2021,2017–2021,"Skowhegan town, Somerset County, Maine",68910,025,23,0.4249,0.0306,ACS 5-year 2021 (B19083)
2021,2017–2021,"Smithfield town, Somerset County, Maine",69155,025,23,0.3518,0.0583,ACS 5-year 2021 (B19083)
2021,2017–2021,"Solon town, Somerset County, Maine",69505,025,23,0.3671,0.0431,ACS 5-year 2021 (B19083)
2021,2017–2021,"Starks town, Somerset County, Maine",73845,025,23,0.4175,0.0565,ACS 5-year 2021 (B19083)
2021,2017–2021,"The Forks plantation, Somerset County, Maine",76190,025,23,0.3508,0.1257,ACS 5-year 2021 (B19083)
2021,2017–2021,"West Forks plantation, Somerset County, Maine",82840,025,23,0.2728,0.2002,ACS 5-year 2021 (B19083)
2021,2017–2021,"Belfast city, Waldo County, Maine",03950,027,23,0.4678,0.0472,ACS 5-year 2021 (B19083)
2021,2017–2021,"Belmont town, Waldo County, Maine",04125,027,23,0.3731,0.0485,ACS 5-year 2021 (B19083)
2021,2017–2021,"Brooks town, Waldo County, Maine",07870,027,23,0.4245,0.0622,ACS 5-year 2021 (B19083)
2021,2017–2021,"Burnham town, Waldo County, Maine",09270,027,23,0.4432,0.0407,ACS 5-year 2021 (B19083)
2021,2017–2021,"Frankfort town, Waldo County, Maine",26280,027,23,0.3023,0.0596,ACS 5-year 2021 (B19083)
2021,2017–2021,"Freedom town, Waldo County, Maine",26420,027,23,0.4283,0.1007,ACS 5-year 2021 (B19083)
2021,2017–2021,"Islesboro town, Waldo County, Maine",35240,027,23,0.5063,0.1159,ACS 5-year 2021 (B19083)
2021,2017–2021,"Jackson town, Waldo County, Maine",35450,027,23,0.4520,0.0522,ACS 5-year 2021 (B19083)
2021,2017–2021,"Knox town, Waldo County, Maine",37585,027,23,0.4108,0.0536,ACS 5-year 2021 (B19083)
2021,2017–2021,"Liberty town, Waldo County, Maine",39055,027,23,0.3575,0.0621,ACS 5-year 2021 (B19083)
2021,2017–2021,"Lincolnville town, Waldo County, Maine",39755,027,23,0.4662,0.0777,ACS 5-year 2021 (B19083)
2021,2017–2021,"Monroe town, Waldo County, Maine",46475,027,23,0.3839,0.0713,ACS 5-year 2021 (B19083)
2021,2017–2021,"Montville town, Waldo County, Maine",46790,027,23,0.3479,0.0397,ACS 5-year 2021 (B19083)
2021,2017–2021,"Morrill town, Waldo County, Maine",47245,027,23,0.3689,0.0402,ACS 5-year 2021 (B19083)
2021,2017–2021,"Northport town, Waldo County, Maine",52845,027,23,0.4577,0.0613,ACS 5-year 2021 (B19083)
2021,2017–2021,"Palermo town, Waldo County, Maine",56450,027,23,0.4805,0.1165,ACS 5-year 2021 (B19083)
2021,2017–2021,"Prospect town, Waldo County, Maine",61210,027,23,0.3859,0.0638,ACS 5-year 2021 (B19083)
2021,2017–2021,"Searsmont town, Waldo County, Maine",66565,027,23,0.3331,0.0598,ACS 5-year 2021 (B19083)
2021,2017–2021,"Searsport town, Waldo County, Maine",66635,027,23,0.3816,0.0627,ACS 5-year 2021 (B19083)
2021,2017–2021,"Stockton Springs town, Waldo County, Maine",74475,027,23,0.3868,0.0466,ACS 5-year 2021 (B19083)
2021,2017–2021,"Swanville town, Waldo County, Maine",75525,027,23,0.4820,0.1086,ACS 5-year 2021 (B19083)
2021,2017–2021,"Thorndike town, Waldo County, Maine",76610,027,23,0.3620,0.0610,ACS 5-year 2021 (B19083)
2021,2017–2021,"Troy town, Waldo County, Maine",77625,027,23,0.4482,0.0927,ACS 5-year 2021 (B19083)
2021,2017–2021,"Unity town, Waldo County, Maine",78255,027,23,0.4390,0.0460,ACS 5-year 2021 (B19083)
2021,2017–2021,"Waldo town, Waldo County, Maine",79480,027,23,0.3684,0.0717,ACS 5-year 2021 (B19083)
2021,2017–2021,"Winterport town, Waldo County, Maine",86760,027,23,0.4016,0.0425,ACS 5-year 2021 (B19083)
2021,2017–2021,"Addison town, Washington County, Maine",00380,029,23,0.4455,0.0630,ACS 5-year 2021 (B19083)
2021,2017–2021,"Alexander town, Washington County, Maine",00660,029,23,0.3617,0.0522,ACS 5-year 2021 (B19083)
2021,2017–2021,"Baileyville town, Washington County, Maine",02480,029,23,0.4317,0.0588,ACS 5-year 2021 (B19083)
2021,2017–2021,"Baring plantation, Washington County, Maine",02970,029,23,0.3968,0.0518,ACS 5-year 2021 (B19083)
2021,2017–2021,"Beals town, Washington County, Maine",03670,029,23,0.4391,0.0466,ACS 5-year 2021 (B19083)
2021,2017–2021,"Beddington town, Washington County, Maine",03810,029,23,0.4914,0.1286,ACS 5-year 2021 (B19083)
2021,2017–2021,"Calais city, Washington County, Maine",09585,029,23,0.4499,0.0440,ACS 5-year 2021 (B19083)
2021,2017–2021,"Charlotte town, Washington County, Maine",12175,029,23,0.4110,0.0528,ACS 5-year 2021 (B19083)
2021,2017–2021,"Cherryfield town, Washington County, Maine",12455,029,23,0.4861,0.0601,ACS 5-year 2021 (B19083)
2021,2017–2021,"Codyville plantation, Washington County, Maine",13610,029,23,0.1817,0.1854,ACS 5-year 2021 (B19083)
2021,2017–2021,"Columbia town, Washington County, Maine",13750,029,23,0.3261,0.0571,ACS 5-year 2021 (B19083)
2021,2017–2021,"Columbia Falls town, Washington County, Maine",13820,029,23,0.4000,0.0493,ACS 5-year 2021 (B19083)
2021,2017–2021,"Cooper town, Washington County, Maine",14100,029,23,0.3869,0.0467,ACS 5-year 2021 (B19083)
2021,2017–2021,"Crawford town, Washington County, Maine",14940,029,23,0.3796,0.1193,ACS 5-year 2021 (B19083)
2021,2017–2021,"Cutler town, Washington County, Maine",15920,029,23,0.4346,0.0516,ACS 5-year 2021 (B19083)
2021,2017–2021,"Danforth town, Washington County, Maine",16410,029,23,0.3283,0.0576,ACS 5-year 2021 (B19083)
2021,2017–2021,"Deblois town, Washington County, Maine",16865,029,23,0.2526,0.1334,ACS 5-year 2021 (B19083)
2021,2017–2021,"Dennysville town, Washington County, Maine",17355,029,23,0.5396,0.0657,ACS 5-year 2021 (B19083)
2021,2017–2021,"East Central Washington UT, Washington County, Maine",19870,029,23,0.3910,0.0505,ACS 5-year 2021 (B19083)
2021,2017–2021,"East Machias town, Washington County, Maine",20960,029,23,0.4698,0.0951,ACS 5-year 2021 (B19083)
2021,2017–2021,"Eastport city, Washington County, Maine",21730,029,23,0.4786,0.0346,ACS 5-year 2021 (B19083)
2021,2017–2021,"Grand Lake Stream plantation, Washington County, Maine",28660,029,23,0.3078,0.0802,ACS 5-year 2021 (B19083)
2021,2017–2021,"Harrington town, Washington County, Maine",31530,029,23,0.3813,0.0427,ACS 5-year 2021 (B19083)
2021,2017–2021,"Jonesboro town, Washington County, Maine",35905,029,23,0.3610,0.0588,ACS 5-year 2021 (B19083)
2021,2017–2021,"Jonesport town, Washington County, Maine",36010,029,23,0.4567,0.0683,ACS 5-year 2021 (B19083)
2021,2017–2021,"Lubec town, Washington County, Maine",41610,029,23,0.4748,0.0575,ACS 5-year 2021 (B19083)
2021,2017–2021,"Machias town, Washington County, Maine",41960,029,23,0.5107,0.0348,ACS 5-year 2021 (B19083)
2021,2017–2021,"Machiasport town, Washington County, Maine",42100,029,23,0.4675,0.0825,ACS 5-year 2021 (B19083)
2021,2017–2021,"Marshfield town, Washington County, Maine",43640,029,23,0.3820,0.0502,ACS 5-year 2021 (B19083)
2021,2017–2021,"Meddybemps town, Washington County, Maine",44760,029,23,0.3751,0.0508,ACS 5-year 2021 (B19083)
2021,2017–2021,"Milbridge town, Washington County, Maine",45600,029,23,0.4677,0.0517,ACS 5-year 2021 (B19083)
2021,2017–2021,"Northfield town, Washington County, Maine",51375,029,23,0.4941,0.0693,ACS 5-year 2021 (B19083)
2021,2017–2021,"North Washington UT, Washington County, Maine",53500,029,23,0.4309,0.0872,ACS 5-year 2021 (B19083)
2021,2017–2021,"Passamaquoddy Indian Township Reservation, Washington County, Maine",57082,029,23,0.5400,0.0655,ACS 5-year 2021 (B19083)
2021,2017–2021,"Passamaquoddy Pleasant Point Reservation, Washington County, Maine",57090,029,23,0.4281,0.0596,ACS 5-year 2021 (B19083)
2021,2017–2021,"Pembroke town, Washington County, Maine",57780,029,23,0.3834,0.0420,ACS 5-year 2021 (B19083)
2021,2017–2021,"Perry town, Washington County, Maine",58165,029,23,0.3789,0.0448,ACS 5-year 2021 (B19083)
2021,2017–2021,"Princeton town, Washington County, Maine",61035,029,23,0.4480,0.0527,ACS 5-year 2021 (B19083)
2021,2017–2021,"Robbinston town, Washington County, Maine",63275,029,23,0.4685,0.0782,ACS 5-year 2021 (B19083)
2021,2017–2021,"Roque Bluffs town, Washington County, Maine",63940,029,23,0.4305,0.0769,ACS 5-year 2021 (B19083)
2021,2017–2021,"Steuben town, Washington County, Maine",74125,029,23,0.4872,0.1015,ACS 5-year 2021 (B19083)
2021,2017–2021,"Talmadge town, Washington County, Maine",75770,029,23,0.2921,0.1324,ACS 5-year 2021 (B19083)
2021,2017–2021,"Topsfield town, Washington County, Maine",76895,029,23,0.4067,0.1954,ACS 5-year 2021 (B19083)
2021,2017–2021,"Vanceboro town, Washington County, Maine",78675,029,23,0.3881,0.0607,ACS 5-year 2021 (B19083)
2021,2017–2021,"Waite town, Washington County, Maine",79375,029,23,0.3488,0.1270,ACS 5-year 2021 (B19083)
2021,2017–2021,"Wesley town, Washington County, Maine",81685,029,23,0.3064,0.0810,ACS 5-year 2021 (B19083)
2021,2017–2021,"Whiting town, Washington County, Maine",85185,029,23,0.4072,0.0791,ACS 5-year 2021 (B19083)
2021,2017–2021,"Whitneyville town, Washington County, Maine",85290,029,23,0.4917,0.1619,ACS 5-year 2021 (B19083)
2021,2017–2021,"Acton town, York County, Maine",00275,031,23,0.4049,0.0439,ACS 5-year 2021 (B19083)
2021,2017–2021,"Alfred town, York County, Maine",00730,031,23,0.4417,0.0571,ACS 5-year 2021 (B19083)
2021,2017–2021,"Arundel town, York County, Maine",01605,031,23,0.3210,0.0413,ACS 5-year 2021 (B19083)
2021,2017–2021,"Berwick town, York County, Maine",04720,031,23,0.3629,0.0459,ACS 5-year 2021 (B19083)
2021,2017–2021,"Biddeford city, York County, Maine",04860,031,23,0.4355,0.0277,ACS 5-year 2021 (B19083)
2021,2017–2021,"Buxton town, York County, Maine",09410,031,23,0.4037,0.0652,ACS 5-year 2021 (B19083)
2021,2017–2021,"Cornish town, York County, Maine",14485,031,23,0.3524,0.0630,ACS 5-year 2021 (B19083)
2021,2017–2021,"Dayton town, York County, Maine",16725,031,23,0.3124,0.0271,ACS 5-year 2021 (B19083)
2021,2017–2021,"Eliot town, York County, Maine",22955,031,23,0.3721,0.0406,ACS 5-year 2021 (B19083)
2021,2017–2021,"Hollis town, York County, Maine",33665,031,23,0.3250,0.0416,ACS 5-year 2021 (B19083)
2021,2017–2021,"Kennebunk town, York County, Maine",36535,031,23,0.4373,0.0500,ACS 5-year 2021 (B19083)
2021,2017–2021,"Kennebunkport town, York County, Maine",36745,031,23,0.5276,0.0745,ACS 5-year 2021 (B19083)
2021,2017–2021,"Kittery town, York County, Maine",37270,031,23,0.4467,0.0434,ACS 5-year 2021 (B19083)
2021,2017–2021,"Lebanon town, York County, Maine",38425,031,23,0.3055,0.0378,ACS 5-year 2021 (B19083)
2021,2017–2021,"Limerick town, York County, Maine",39195,031,23,0.3554,0.0456,ACS 5-year 2021 (B19083)
2021,2017–2021,"Limington town, York County, Maine",39405,031,23,0.3872,0.0537,ACS 5-year 2021 (B19083)
2021,2017–2021,"Lyman town, York County, Maine",41750,031,23,0.3984,0.0938,ACS 5-year 2021 (B19083)
2021,2017–2021,"Newfield town, York County, Maine",48750,031,23,0.4747,0.0994,ACS 5-year 2021 (B19083)
2021,2017–2021,"North Berwick town, York County, Maine",50325,031,23,0.4295,0.0981,ACS 5-year 2021 (B19083)
2021,2017–2021,"Ogunquit town, York County, Maine",54980,031,23,0.5189,0.1719,ACS 5-year 2021 (B19083)
2021,2017–2021,"Old Orchard Beach town, York County, Maine",55085,031,23,0.4950,0.0567,ACS 5-year 2021 (B19083)
2021,2017–2021,"Parsonsfield town, York County, Maine",56870,031,23,0.4319,0.0601,ACS 5-year 2021 (B19083)
2021,2017–2021,"Saco city, York County, Maine",64675,031,23,0.4185,0.0226,ACS 5-year 2021 (B19083)
2021,2017–2021,"Sanford city, York County, Maine",65725,031,23,0.4038,0.0241,ACS 5-year 2021 (B19083)
2021,2017–2021,"Shapleigh town, York County, Maine",67475,031,23,0.3428,0.0546,ACS 5-year 2021 (B19083)
2021,2017–2021,"South Berwick town, York County, Maine",70030,031,23,0.3956,0.0534,ACS 5-year 2021 (B19083)
2021,2017–2021,"Waterboro town, York County, Maine",80530,031,23,0.3291,0.0439,ACS 5-year 2021 (B19083)
2021,2017–2021,"Wells town, York County, Maine",81475,031,23,0.4396,0.0343,ACS 5-year 2021 (B19083)
2021,2017–2021,"York town, York County, Maine",87985,031,23,0.4635,0.0635,ACS 5-year 2021 (B19083)
2022,2018–2022,"Auburn city, Androscoggin County, Maine",02060,001,23,0.4813,0.0395,ACS 5-year 2022 (B19083)
2022,2018–2022,"Durham town, Androscoggin County, Maine",19105,001,23,0.3288,0.0311,ACS 5-year 2022 (B19083)
2022,2018–2022,"Greene town, Androscoggin County, Maine",29255,001,23,0.4157,0.0562,ACS 5-year 2022 (B19083)
2022,2018–2022,"Leeds town, Androscoggin County, Maine",38565,001,23,0.3668,0.0409,ACS 5-year 2022 (B19083)
2022,2018–2022,"Lewiston city, Androscoggin County, Maine",38740,001,23,0.4373,0.0245,ACS 5-year 2022 (B19083)
2022,2018–2022,"Lisbon town, Androscoggin County, Maine",40035,001,23,0.3547,0.0235,ACS 5-year 2022 (B19083)
2022,2018–2022,"Livermore town, Androscoggin County, Maine",40665,001,23,0.3404,0.0318,ACS 5-year 2022 (B19083)
2022,2018–2022,"Livermore Falls town, Androscoggin County, Maine",40770,001,23,0.3411,0.0478,ACS 5-year 2022 (B19083)
2022,2018–2022,"Mechanic Falls town, Androscoggin County, Maine",44585,001,23,0.3460,0.0536,ACS 5-year 2022 (B19083)
2022,2018–2022,"Minot town, Androscoggin County, Maine",46160,001,23,0.4567,0.1002,ACS 5-year 2022 (B19083)
2022,2018–2022,"Poland town, Androscoggin County, Maine",60020,001,23,0.3757,0.0539,ACS 5-year 2022 (B19083)
2022,2018–2022,"Sabattus town, Androscoggin County, Maine",64570,001,23,0.4014,0.0525,ACS 5-year 2022 (B19083)
2022,2018–2022,"Turner town, Androscoggin County, Maine",77800,001,23,0.3548,0.0423,ACS 5-year 2022 (B19083)
2022,2018–2022,"Wales town, Androscoggin County, Maine",79585,001,23,0.3370,0.0537,ACS 5-year 2022 (B19083)
2022,2018–2022,"Allagash town, Aroostook County, Maine",00800,003,23,0.4821,0.0632,ACS 5-year 2022 (B19083)
2022,2018–2022,"Amity town, Aroostook County, Maine",01220,003,23,0.5245,0.0889,ACS 5-year 2022 (B19083)
2022,2018–2022,"Ashland town, Aroostook County, Maine",01710,003,23,0.4438,0.0705,ACS 5-year 2022 (B19083)
2022,2018–2022,"Bancroft UT, Aroostook County, Maine",02762,003,23,0.3849,0.1150,ACS 5-year 2022 (B19083)
2022,2018–2022,"Blaine town, Aroostook County, Maine",05385,003,23,0.4330,0.0928,ACS 5-year 2022 (B19083)
2022,2018–2022,"Bridgewater town, Aroostook County, Maine",07065,003,23,0.4033,0.0560,ACS 5-year 2022 (B19083)
2022,2018–2022,"Caribou city, Aroostook County, Maine",10565,003,23,0.4764,0.0509,ACS 5-year 2022 (B19083)
2022,2018–2022,"Castle Hill town, Aroostook County, Maine",11300,003,23,0.4276,0.0775,ACS 5-year 2022 (B19083)
2022,2018–2022,"Caswell town, Aroostook County, Maine",11335,003,23,0.3665,0.0775,ACS 5-year 2022 (B19083)
2022,2018–2022,"Central Aroostook UT, Aroostook County, Maine",11785,003,23,0.2686,0.1284,ACS 5-year 2022 (B19083)
2022,2018–2022,"Chapman town, Aroostook County, Maine",12000,003,23,0.3216,0.0627,ACS 5-year 2022 (B19083)
2022,2018–2022,"Connor UT, Aroostook County, Maine",13900,003,23,0.3567,0.0636,ACS 5-year 2022 (B19083)
2022,2018–2022,"Crystal town, Aroostook County, Maine",15395,003,23,0.4038,0.0533,ACS 5-year 2022 (B19083)
2022,2018–2022,"Cyr plantation, Aroostook County, Maine",15990,003,23,0.3237,0.1335,ACS 5-year 2022 (B19083)
2022,2018–2022,"Dyer Brook town, Aroostook County, Maine",19210,003,23,0.3006,0.1105,ACS 5-year 2022 (B19083)
2022,2018–2022,"Eagle Lake town, Aroostook County, Maine",19420,003,23,0.4440,0.0466,ACS 5-year 2022 (B19083)
2022,2018–2022,"Easton town, Aroostook County, Maine",21380,003,23,0.4591,0.0558,ACS 5-year 2022 (B19083)
2022,2018–2022,"Fort Fairfield town, Aroostook County, Maine",25615,003,23,0.4264,0.0679,ACS 5-year 2022 (B19083)
2022,2018–2022,"Fort Kent town, Aroostook County, Maine",25755,003,23,0.5149,0.1359,ACS 5-year 2022 (B19083)
2022,2018–2022,"Frenchville town, Aroostook County, Maine",26735,003,23,0.3991,0.0462,ACS 5-year 2022 (B19083)
2022,2018–2022,"Garfield plantation, Aroostook County, Maine",27120,003,23,0.3100,0.0994,ACS 5-year 2022 (B19083)
2022,2018–2022,"Glenwood plantation, Aroostook County, Maine",27855,003,23,-666666666.0000,-222222222.0000,ACS 5-year 2022 (B19083)
2022,2018–2022,"Grand Isle town, Aroostook County, Maine",28590,003,23,0.4449,0.0615,ACS 5-year 2022 (B19083)
2022,2018–2022,"Hamlin town, Aroostook County, Maine",30690,003,23,0.7257,0.0757,ACS 5-year 2022 (B19083)
2022,2018–2022,"Hammond town, Aroostook County, Maine",30725,003,23,0.3222,0.0562,ACS 5-year 2022 (B19083)
2022,2018–2022,"Haynesville town, Aroostook County, Maine",32195,003,23,0.4398,0.1017,ACS 5-year 2022 (B19083)
2022,2018–2022,"Hersey town, Aroostook County, Maine",32685,003,23,0.4033,0.1429,ACS 5-year 2022 (B19083)
2022,2018–2022,"Hodgdon town, Aroostook County, Maine",33385,003,23,0.4599,0.0781,ACS 5-year 2022 (B19083)
2022,2018–2022,"Houlton town, Aroostook County, Maine",33980,003,23,0.4966,0.0499,ACS 5-year 2022 (B19083)
2022,2018–2022,"Island Falls town, Aroostook County, Maine",35065,003,23,0.4537,0.0571,ACS 5-year 2022 (B19083)
2022,2018–2022,"Limestone town, Aroostook County, Maine",39300,003,23,0.4457,0.0606,ACS 5-year 2022 (B19083)
2022,2018–2022,"Linneus town, Aroostook County, Maine",39965,003,23,0.3645,0.0550,ACS 5-year 2022 (B19083)
2022,2018–2022,"Littleton town, Aroostook County, Maine",40595,003,23,0.3642,0.0455,ACS 5-year 2022 (B19083)
2022,2018–2022,"Ludlow town, Aroostook County, Maine",41715,003,23,0.3809,0.0512,ACS 5-year 2022 (B19083)
2022,2018–2022,"Macwahoc plantation, Aroostook County, Maine",42450,003,23,0.3757,0.1310,ACS 5-year 2022 (B19083)
2022,2018–2022,"Madawaska town, Aroostook County, Maine",42520,003,23,0.4568,0.0502,ACS 5-year 2022 (B19083)
2022,2018–2022,"Mapleton town, Aroostook County, Maine",43255,003,23,0.3850,0.0574,ACS 5-year 2022 (B19083)
2022,2018–2022,"Mars Hill town, Aroostook County, Maine",43710,003,23,0.3915,0.0547,ACS 5-year 2022 (B19083)
2022,2018–2022,"Masardis town, Aroostook County, Maine",43990,003,23,0.3701,0.1318,ACS 5-year 2022 (B19083)
2022,2018–2022,"Merrill town, Aroostook County, Maine",45180,003,23,0.2898,0.0728,ACS 5-year 2022 (B19083)
2022,2018–2022,"Monticello town, Aroostook County, Maine",46685,003,23,0.3739,0.0471,ACS 5-year 2022 (B19083)
2022,2018–2022,"Moro plantation, Aroostook County, Maine",47175,003,23,0.2700,0.1172,ACS 5-year 2022 (B19083)
2022,2018–2022,"Nashville plantation, Aroostook County, Maine",48120,003,23,0.2484,0.2657,ACS 5-year 2022 (B19083)
2022,2018–2022,"New Canada town, Aroostook County, Maine",48575,003,23,0.3936,0.0984,ACS 5-year 2022 (B19083)
2022,2018–2022,"New Limerick town, Aroostook County, Maine",48960,003,23,0.5362,0.0786,ACS 5-year 2022 (B19083)
2022,2018–2022,"New Sweden town, Aroostook County, Maine",49415,003,23,0.4136,0.0532,ACS 5-year 2022 (B19083)
2022,2018–2022,"Northwest Aroostook UT, Aroostook County, Maine",53602,003,23,-666666666.0000,-222222222.0000,ACS 5-year 2022 (B19083)
2022,2018–2022,"Oakfield town, Aroostook County, Maine",54385,003,23,0.3681,0.0462,ACS 5-year 2022 (B19083)
2022,2018–2022,"Orient town, Aroostook County, Maine",55435,003,23,0.5474,0.1049,ACS 5-year 2022 (B19083)
2022,2018–2022,"Penobscot Indian Island Reservation, Aroostook County, Maine",57936,003,23,-666666666.0000,-222222222.0000,ACS 5-year 2022 (B19083)
2022,2018–2022,"Perham town, Aroostook County, Maine",58060,003,23,0.5613,0.1761,ACS 5-year 2022 (B19083)
2022,2018–2022,"Portage Lake town, Aroostook County, Maine",60300,003,23,0.4630,0.0627,ACS 5-year 2022 (B19083)
2022,2018–2022,"Presque Isle city, Aroostook County, Maine",60825,003,23,0.4145,0.0299,ACS 5-year 2022 (B19083)
2022,2018–2022,"Reed plantation, Aroostook County, Maine",62400,003,23,0.5323,0.0681,ACS 5-year 2022 (B19083)
2022,2018–2022,"St. Agatha town, Aroostook County, Maine",64780,003,23,0.3933,0.0442,ACS 5-year 2022 (B19083)
2022,2018–2022,"St. Francis town, Aroostook County, Maine",65025,003,23,0.3415,0.0525,ACS 5-year 2022 (B19083)
2022,2018–2022,"St. John plantation, Aroostook County, Maine",65200,003,23,0.3511,0.0620,ACS 5-year 2022 (B19083)
2022,2018–2022,"Sherman town, Aroostook County, Maine",67790,003,23,0.4740,0.0692,ACS 5-year 2022 (B19083)
2022,2018–2022,"Smyrna town, Aroostook County, Maine",69260,003,23,0.5197,0.1176,ACS 5-year 2022 (B19083)
2022,2018–2022,"South Aroostook UT, Aroostook County, Maine",69930,003,23,0.2897,0.0564,ACS 5-year 2022 (B19083)
2022,2018–2022,"Square Lake UT, Aroostook County, Maine",73472,003,23,0.4751,0.0573,ACS 5-year 2022 (B19083)
2022,2018–2022,"Stockholm town, Aroostook County, Maine",74405,003,23,0.3816,0.0483,ACS 5-year 2022 (B19083)
2022,2018–2022,"Van Buren town, Aroostook County, Maine",78570,003,23,0.6100,0.1020,ACS 5-year 2022 (B19083)
2022,2018–2022,"Wade town, Aroostook County, Maine",79270,003,23,0.4303,0.0792,ACS 5-year 2022 (B19083)
2022,2018–2022,"Wallagrass town, Aroostook County, Maine",79865,003,23,0.3644,0.0480,ACS 5-year 2022 (B19083)
2022,2018–2022,"Washburn town, Aroostook County, Maine",80285,003,23,0.4227,0.0364,ACS 5-year 2022 (B19083)
2022,2018–2022,"Westfield town, Aroostook County, Maine",82770,003,23,0.4063,0.0606,ACS 5-year 2022 (B19083)
2022,2018–2022,"Westmanland town, Aroostook County, Maine",83540,003,23,0.3831,0.0792,ACS 5-year 2022 (B19083)
2022,2018–2022,"Weston town, Aroostook County, Maine",83785,003,23,0.3329,0.0612,ACS 5-year 2022 (B19083)
2022,2018–2022,"Winterville plantation, Aroostook County, Maine",86865,003,23,0.4681,0.1372,ACS 5-year 2022 (B19083)
2022,2018–2022,"Woodland town, Aroostook County, Maine",87215,003,23,0.3682,0.0385,ACS 5-year 2022 (B19083)
2022,2018–2022,"Baldwin town, Cumberland County, Maine",02655,005,23,0.3671,0.0327,ACS 5-year 2022 (B19083)
2022,2018–2022,"Bridgton town, Cumberland County, Maine",07170,005,23,0.3920,0.0613,ACS 5-year 2022 (B19083)
2022,2018–2022,"Brunswick town, Cumberland County, Maine",08430,005,23,0.4550,0.0366,ACS 5-year 2022 (B19083)
2022,2018–2022,"Cape Elizabeth town, Cumberland County, Maine",10180,005,23,0.4744,0.0368,ACS 5-year 2022 (B19083)
2022,2018–2022,"Casco town, Cumberland County, Maine",11125,005,23,0.4934,0.0683,ACS 5-year 2022 (B19083)
2022,2018–2022,"Chebeague Island town, Cumberland County, Maine",12300,005,23,0.6063,0.1130,ACS 5-year 2022 (B19083)
2022,2018–2022,"Cumberland town, Cumberland County, Maine",15430,005,23,0.4740,0.0475,ACS 5-year 2022 (B19083)
2022,2018–2022,"Falmouth town, Cumberland County, Maine",24495,005,23,0.4970,0.0271,ACS 5-year 2022 (B19083)
2022,2018–2022,"Freeport town, Cumberland County, Maine",26525,005,23,0.4417,0.0499,ACS 5-year 2022 (B19083)
2022,2018–2022,"Frye Island town, Cumberland County, Maine",27025,005,23,0.2886,0.1782,ACS 5-year 2022 (B19083)
2022,2018–2022,"Gorham town, Cumberland County, Maine",28240,005,23,0.4155,0.0344,ACS 5-year 2022 (B19083)
2022,2018–2022,"Gray town, Cumberland County, Maine",28870,005,23,0.4342,0.0579,ACS 5-year 2022 (B19083)
2022,2018–2022,"Harpswell town, Cumberland County, Maine",31390,005,23,0.4785,0.0452,ACS 5-year 2022 (B19083)
2022,2018–2022,"Harrison town, Cumberland County, Maine",31600,005,23,0.4394,0.0605,ACS 5-year 2022 (B19083)
2022,2018–2022,"Long Island town, Cumberland County, Maine",41067,005,23,0.4124,0.0728,ACS 5-year 2022 (B19083)
2022,2018–2022,"Naples town, Cumberland County, Maine",48085,005,23,0.4162,0.0718,ACS 5-year 2022 (B19083)
2022,2018–2022,"New Gloucester town, Cumberland County, Maine",48820,005,23,0.3578,0.0464,ACS 5-year 2022 (B19083)
2022,2018–2022,"North Yarmouth town, Cumberland County, Maine",53860,005,23,0.4226,0.0554,ACS 5-year 2022 (B19083)
2022,2018–2022,"Portland city, Cumberland County, Maine",60545,005,23,0.4870,0.0210,ACS 5-year 2022 (B19083)
2022,2018–2022,"Pownal town, Cumberland County, Maine",60685,005,23,0.3688,0.0447,ACS 5-year 2022 (B19083)
2022,2018–2022,"Raymond town, Cumberland County, Maine",61945,005,23,0.3759,0.0506,ACS 5-year 2022 (B19083)
2022,2018–2022,"Scarborough town, Cumberland County, Maine",66145,005,23,0.4418,0.0223,ACS 5-year 2022 (B19083)
2022,2018–2022,"Sebago town, Cumberland County, Maine",66775,005,23,0.4308,0.0669,ACS 5-year 2022 (B19083)
2022,2018–2022,"South Portland city, Cumberland County, Maine",71990,005,23,0.4265,0.0256,ACS 5-year 2022 (B19083)
2022,2018–2022,"Standish town, Cumberland County, Maine",73670,005,23,0.3590,0.0348,ACS 5-year 2022 (B19083)
2022,2018–2022,"Westbrook city, Cumberland County, Maine",82105,005,23,0.3722,0.0215,ACS 5-year 2022 (B19083)
2022,2018–2022,"Windham town, Cumberland County, Maine",86025,005,23,0.3839,0.0273,ACS 5-year 2022 (B19083)
2022,2018–2022,"Yarmouth town, Cumberland County, Maine",87845,005,23,0.4947,0.0360,ACS 5-year 2022 (B19083)
2022,2018–2022,"Avon town, Franklin County, Maine",02235,007,23,0.5100,0.0890,ACS 5-year 2022 (B19083)
2022,2018–2022,"Carrabassett Valley town, Franklin County, Maine",10740,007,23,0.5142,0.0469,ACS 5-year 2022 (B19083)
2022,2018–2022,"Carthage town, Franklin County, Maine",10915,007,23,0.3385,0.0662,ACS 5-year 2022 (B19083)
2022,2018–2022,"Chesterville town, Franklin County, Maine",12595,007,23,0.3642,0.0435,ACS 5-year 2022 (B19083)
2022,2018–2022,"Coplin plantation, Franklin County, Maine",14205,007,23,0.3962,0.1347,ACS 5-year 2022 (B19083)
2022,2018–2022,"Dallas plantation, Franklin County, Maine",16165,007,23,0.4573,0.1931,ACS 5-year 2022 (B19083)
2022,2018–2022,"East Central Franklin UT, Franklin County, Maine",19865,007,23,0.4934,0.0801,ACS 5-year 2022 (B19083)
2022,2018–2022,"Eustis town, Franklin County, Maine",24005,007,23,0.5070,0.1149,ACS 5-year 2022 (B19083)
2022,2018–2022,"Farmington town, Franklin County, Maine",24775,007,23,0.4958,0.0760,ACS 5-year 2022 (B19083)
2022,2018–2022,"Industry town, Franklin County, Maine",34820,007,23,0.4021,0.0496,ACS 5-year 2022 (B19083)
2022,2018–2022,"Jay town, Franklin County, Maine",35625,007,23,0.3299,0.0626,ACS 5-year 2022 (B19083)
2022,2018–2022,"Kingfield town, Franklin County, Maine",37025,007,23,0.4738,0.0701,ACS 5-year 2022 (B19083)
2022,2018–2022,"New Sharon town, Franklin County, Maine",49345,007,23,0.4011,0.0398,ACS 5-year 2022 (B19083)
2022,2018–2022,"New Vineyard town, Franklin County, Maine",49520,007,23,0.4290,0.0946,ACS 5-year 2022 (B19083)
2022,2018–2022,"North Franklin UT, Franklin County, Maine",51400,007,23,-666666666.0000,-222222222.0000,ACS 5-year 2022 (B19083)
2022,2018–2022,"Phillips town, Franklin County, Maine",58445,007,23,0.4181,0.0339,ACS 5-year 2022 (B19083)
2022,2018–2022,"Rangeley town, Franklin County, Maine",61840,007,23,0.4388,0.0984,ACS 5-year 2022 (B19083)
2022,2018–2022,"Rangeley plantation, Franklin County, Maine",61875,007,23,0.3146,0.1178,ACS 5-year 2022 (B19083)
2022,2018–2022,"Sandy River plantation, Franklin County, Maine",65655,007,23,0.3849,0.1301,ACS 5-year 2022 (B19083)
2022,2018–2022,"South Franklin UT, Franklin County, Maine",70760,007,23,0.2650,0.1183,ACS 5-year 2022 (B19083)
2022,2018–2022,"Strong town, Franklin County, Maine",74825,007,23,0.5094,0.0982,ACS 5-year 2022 (B19083)
2022,2018–2022,"Temple town, Franklin County, Maine",75980,007,23,0.3487,0.0540,ACS 5-year 2022 (B19083)
2022,2018–2022,"Weld town, Franklin County, Maine",81300,007,23,0.3255,0.0633,ACS 5-year 2022 (B19083)
2022,2018–2022,"West Central Franklin UT, Franklin County, Maine",82235,007,23,-666666666.0000,-222222222.0000,ACS 5-year 2022 (B19083)
2022,2018–2022,"Wilton town, Franklin County, Maine",85850,007,23,0.4290,0.0448,ACS 5-year 2022 (B19083)
2022,2018–2022,"Wyman UT, Franklin County, Maine",87680,007,23,-666666666.0000,-222222222.0000,ACS 5-year 2022 (B19083)
2022,2018–2022,"Amherst town, Hancock County, Maine",01185,009,23,0.4972,0.0883,ACS 5-year 2022 (B19083)
2022,2018–2022,"Aurora town, Hancock County, Maine",02165,009,23,0.4713,0.0994,ACS 5-year 2022 (B19083)
2022,2018–2022,"Bar Harbor town, Hancock County, Maine",02865,009,23,0.4536,0.0488,ACS 5-year 2022 (B19083)
2022,2018–2022,"Blue Hill town, Hancock County, Maine",05700,009,23,0.4773,0.0692,ACS 5-year 2022 (B19083)
2022,2018–2022,"Brooklin town, Hancock County, Maine",07800,009,23,0.3509,0.0387,ACS 5-year 2022 (B19083)
2022,2018–2022,"Brooksville town, Hancock County, Maine",07975,009,23,0.3898,0.0523,ACS 5-year 2022 (B19083)
2022,2018–2022,"Bucksport town, Hancock County, Maine",08815,009,23,0.4077,0.0531,ACS 5-year 2022 (B19083)
2022,2018–2022,"Castine town, Hancock County, Maine",11265,009,23,0.4378,0.0724,ACS 5-year 2022 (B19083)
2022,2018–2022,"Central Hancock UT, Hancock County, Maine",11800,009,23,0.5450,0.1164,ACS 5-year 2022 (B19083)
2022,2018–2022,"Cranberry Isles town, Hancock County, Maine",14905,009,23,0.3971,0.1246,ACS 5-year 2022 (B19083)
2022,2018–2022,"Dedham town, Hancock County, Maine",16935,009,23,0.4726,0.0759,ACS 5-year 2022 (B19083)
2022,2018–2022,"Deer Isle town, Hancock County, Maine",17145,009,23,0.4824,0.0421,ACS 5-year 2022 (B19083)
2022,2018–2022,"Eastbrook town, Hancock County, Maine",19770,009,23,0.3989,0.0695,ACS 5-year 2022 (B19083)
2022,2018–2022,"East Hancock UT, Hancock County, Maine",20405,009,23,0.2918,0.0832,ACS 5-year 2022 (B19083)
2022,2018–2022,"Ellsworth city, Hancock County, Maine",23200,009,23,0.4227,0.0303,ACS 5-year 2022 (B19083)
2022,2018–2022,"Franklin town, Hancock County, Maine",26350,009,23,0.4237,0.0383,ACS 5-year 2022 (B19083)
2022,2018–2022,"Frenchboro town, Hancock County, Maine",26595,009,23,0.3200,0.1888,ACS 5-year 2022 (B19083)
2022,2018–2022,"Gouldsboro town, Hancock County, Maine",28450,009,23,0.4573,0.1029,ACS 5-year 2022 (B19083)
2022,2018–2022,"Great Pond town, Hancock County, Maine",28975,009,23,0.2903,0.0753,ACS 5-year 2022 (B19083)
2022,2018–2022,"Hancock town, Hancock County, Maine",30970,009,23,0.4398,0.0964,ACS 5-year 2022 (B19083)
2022,2018–2022,"Lamoine town, Hancock County, Maine",38180,009,23,0.4358,0.0777,ACS 5-year 2022 (B19083)
2022,2018–2022,"Mariaville town, Hancock County, Maine",43430,009,23,0.3410,0.0469,ACS 5-year 2022 (B19083)
2022,2018–2022,"Marshall Island UT, Hancock County, Maine",43578,009,23,-666666666.0000,-222222222.0000,ACS 5-year 2022 (B19083)
2022,2018–2022,"Mount Desert town, Hancock County, Maine",47630,009,23,0.4740,0.0673,ACS 5-year 2022 (B19083)
2022,2018–2022,"Northwest Hancock UT, Hancock County, Maine",53620,009,23,-666666666.0000,-222222222.0000,ACS 5-year 2022 (B19083)
2022,2018–2022,"Orland town, Hancock County, Maine",55505,009,23,0.4105,0.0561,ACS 5-year 2022 (B19083)
2022,2018–2022,"Osborn town, Hancock County, Maine",55855,009,23,0.3564,0.1412,ACS 5-year 2022 (B19083)
2022,2018–2022,"Otis town, Hancock County, Maine",55890,009,23,0.3889,0.0726,ACS 5-year 2022 (B19083)
2022,2018–2022,"Penobscot town, Hancock County, Maine",57920,009,23,0.4877,0.0942,ACS 5-year 2022 (B19083)
2022,2018–2022,"Sedgwick town, Hancock County, Maine",67300,009,23,0.4658,0.0726,ACS 5-year 2022 (B19083)
2022,2018–2022,"Sorrento town, Hancock County, Maine",69750,009,23,0.3938,0.0798,ACS 5-year 2022 (B19083)
2022,2018–2022,"Southwest Harbor town, Hancock County, Maine",72865,009,23,0.4460,0.0408,ACS 5-year 2022 (B19083)
2022,2018–2022,"Stonington town, Hancock County, Maine",74580,009,23,0.4537,0.0767,ACS 5-year 2022 (B19083)
2022,2018–2022,"Sullivan town, Hancock County, Maine",74965,009,23,0.3805,0.0499,ACS 5-year 2022 (B19083)
2022,2018–2022,"Surry town, Hancock County, Maine",75280,009,23,0.4687,0.0573,ACS 5-year 2022 (B19083)
2022,2018–2022,"Swans Island town, Hancock County, Maine",75455,009,23,0.4848,0.0578,ACS 5-year 2022 (B19083)
2022,2018–2022,"Tremont town, Hancock County, Maine",77345,009,23,0.3829,0.0498,ACS 5-year 2022 (B19083)
2022,2018–2022,"Trenton town, Hancock County, Maine",77415,009,23,0.4847,0.0677,ACS 5-year 2022 (B19083)
2022,2018–2022,"Verona Island town, Hancock County, Maine",78925,009,23,0.3994,0.0636,ACS 5-year 2022 (B19083)
2022,2018–2022,"Waltham town, Hancock County, Maine",80040,009,23,0.3998,0.0655,ACS 5-year 2022 (B19083)
2022,2018–2022,"Winter Harbor town, Hancock County, Maine",86655,009,23,0.3986,0.0581,ACS 5-year 2022 (B19083)
2022,2018–2022,"Albion town, Kennebec County, Maine",00590,011,23,0.3786,0.0600,ACS 5-year 2022 (B19083)
2022,2018–2022,"Augusta city, Kennebec County, Maine",02100,011,23,0.4622,0.0341,ACS 5-year 2022 (B19083)
2022,2018–2022,"Belgrade town, Kennebec County, Maine",04020,011,23,0.4920,0.0683,ACS 5-year 2022 (B19083)
2022,2018–2022,"Benton town, Kennebec County, Maine",04475,011,23,0.4464,0.0622,ACS 5-year 2022 (B19083)
2022,2018–2022,"Chelsea town, Kennebec County, Maine",12350,011,23,0.3954,0.0406,ACS 5-year 2022 (B19083)
2022,2018–2022,"China town, Kennebec County, Maine",12735,011,23,0.3489,0.0781,ACS 5-year 2022 (B19083)
2022,2018–2022,"Clinton town, Kennebec County, Maine",13470,011,23,0.4078,0.0493,ACS 5-year 2022 (B19083)
2022,2018–2022,"Farmingdale town, Kennebec County, Maine",24670,011,23,0.4163,0.0756,ACS 5-year 2022 (B19083)
2022,2018–2022,"Fayette town, Kennebec County, Maine",24950,011,23,0.4427,0.0614,ACS 5-year 2022 (B19083)
2022,2018–2022,"Gardiner city, Kennebec County, Maine",27085,011,23,0.4629,0.0530,ACS 5-year 2022 (B19083)
2022,2018–2022,"Hallowell city, Kennebec County, Maine",30550,011,23,0.4656,0.0616,ACS 5-year 2022 (B19083)
2022,2018–2022,"Litchfield town, Kennebec County, Maine",40175,011,23,0.3432,0.0484,ACS 5-year 2022 (B19083)
2022,2018–2022,"Manchester town, Kennebec County, Maine",43080,011,23,0.4231,0.0788,ACS 5-year 2022 (B19083)
2022,2018–2022,"Monmouth town, Kennebec County, Maine",46405,011,23,0.4106,0.0620,ACS 5-year 2022 (B19083)
2022,2018–2022,"Mount Vernon town, Kennebec County, Maine",47770,011,23,0.4250,0.0524,ACS 5-year 2022 (B19083)
2022,2018–2022,"Oakland town, Kennebec County, Maine",54560,011,23,0.4411,0.0600,ACS 5-year 2022 (B19083)
2022,2018–2022,"Pittston town, Kennebec County, Maine",59110,011,23,0.3487,0.0558,ACS 5-year 2022 (B19083)
2022,2018–2022,"Randolph town, Kennebec County, Maine",61700,011,23,0.4357,0.0432,ACS 5-year 2022 (B19083)
2022,2018–2022,"Readfield town, Kennebec County, Maine",62190,011,23,0.3622,0.0444,ACS 5-year 2022 (B19083)
2022,2018–2022,"Rome town, Kennebec County, Maine",63835,011,23,0.4790,0.0640,ACS 5-year 2022 (B19083)
2022,2018–2022,"Sidney town, Kennebec County, Maine",68385,011,23,0.3967,0.0512,ACS 5-year 2022 (B19083)
2022,2018–2022,"Unity UT, Kennebec County, Maine",78190,011,23,0.4166,0.1870,ACS 5-year 2022 (B19083)
2022,2018–2022,"Vassalboro town, Kennebec County, Maine",78745,011,23,0.3595,0.0424,ACS 5-year 2022 (B19083)
2022,2018–2022,"Vienna town, Kennebec County, Maine",79025,011,23,0.3829,0.0545,ACS 5-year 2022 (B19083)
2022,2018–2022,"Waterville city, Kennebec County, Maine",80740,011,23,0.5121,0.0420,ACS 5-year 2022 (B19083)
2022,2018–2022,"Wayne town, Kennebec County, Maine",80880,011,23,0.4132,0.0484,ACS 5-year 2022 (B19083)
2022,2018–2022,"West Gardiner town, Kennebec County, Maine",82945,011,23,0.4425,0.0685,ACS 5-year 2022 (B19083)
2022,2018–2022,"Windsor town, Kennebec County, Maine",86165,011,23,0.3151,0.0311,ACS 5-year 2022 (B19083)
2022,2018–2022,"Winslow town, Kennebec County, Maine",86515,011,23,0.4346,0.0529,ACS 5-year 2022 (B19083)
2022,2018–2022,"Winthrop town, Kennebec County, Maine",86970,011,23,0.3701,0.0415,ACS 5-year 2022 (B19083)
2022,2018–2022,"Appleton town, Knox County, Maine",01465,013,23,0.4635,0.0582,ACS 5-year 2022 (B19083)
2022,2018–2022,"Camden town, Knox County, Maine",09725,013,23,0.4113,0.0385,ACS 5-year 2022 (B19083)
2022,2018–2022,"Criehaven UT, Knox County, Maine",15125,013,23,-666666666.0000,-222222222.0000,ACS 5-year 2022 (B19083)
2022,2018–2022,"Cushing town, Knox County, Maine",15780,013,23,0.4740,0.0460,ACS 5-year 2022 (B19083)
2022,2018–2022,"Friendship town, Knox County, Maine",26805,013,23,0.4550,0.0630,ACS 5-year 2022 (B19083)
2022,2018–2022,"Hope town, Knox County, Maine",33840,013,23,0.4061,0.0618,ACS 5-year 2022 (B19083)
2022,2018–2022,"Isle au Haut town, Knox County, Maine",35135,013,23,0.6963,0.1490,ACS 5-year 2022 (B19083)
2022,2018–2022,"Matinicus Isle plantation, Knox County, Maine",44165,013,23,0.4559,0.1089,ACS 5-year 2022 (B19083)
2022,2018–2022,"Muscle Ridge Islands UT, Knox County, Maine",47962,013,23,-666666666.0000,-222222222.0000,ACS 5-year 2022 (B19083)
2022,2018–2022,"North Haven town, Knox County, Maine",51620,013,23,0.4650,0.1146,ACS 5-year 2022 (B19083)
2022,2018–2022,"Owls Head town, Knox County, Maine",56135,013,23,0.4622,0.0687,ACS 5-year 2022 (B19083)
2022,2018–2022,"Rockland city, Knox County, Maine",63590,013,23,0.4374,0.0373,ACS 5-year 2022 (B19083)
2022,2018–2022,"Rockport town, Knox County, Maine",63660,013,23,0.4223,0.0655,ACS 5-year 2022 (B19083)
2022,2018–2022,"St. George town, Knox County, Maine",65130,013,23,0.4642,0.0595,ACS 5-year 2022 (B19083)
2022,2018–2022,"South Thomaston town, Knox County, Maine",72585,013,23,0.3691,0.0386,ACS 5-year 2022 (B19083)
2022,2018–2022,"Thomaston town, Knox County, Maine",76365,013,23,0.3321,0.0428,ACS 5-year 2022 (B19083)
2022,2018–2022,"Union town, Knox County, Maine",78115,013,23,0.3796,0.0447,ACS 5-year 2022 (B19083)
2022,2018–2022,"Vinalhaven town, Knox County, Maine",79130,013,23,0.4696,0.0623,ACS 5-year 2022 (B19083)
2022,2018–2022,"Warren town, Knox County, Maine",80215,013,23,0.3365,0.0405,ACS 5-year 2022 (B19083)
2022,2018–2022,"Washington town, Knox County, Maine",80425,013,23,0.4555,0.0940,ACS 5-year 2022 (B19083)
2022,2018–2022,"Alna town, Lincoln County, Maine",01010,015,23,0.3857,0.0544,ACS 5-year 2022 (B19083)
2022,2018–2022,"Boothbay town, Lincoln County, Maine",06050,015,23,0.5077,0.0654,ACS 5-year 2022 (B19083)
2022,2018–2022,"Boothbay Harbor town, Lincoln County, Maine",06120,015,23,0.5289,0.0725,ACS 5-year 2022 (B19083)
2022,2018–2022,"Bremen town, Lincoln County, Maine",06855,015,23,0.4833,0.0876,ACS 5-year 2022 (B19083)
2022,2018–2022,"Bristol town, Lincoln County, Maine",07485,015,23,0.4959,0.0834,ACS 5-year 2022 (B19083)
2022,2018–2022,"Damariscotta town, Lincoln County, Maine",16235,015,23,0.4718,0.0621,ACS 5-year 2022 (B19083)
2022,2018–2022,"Dresden town, Lincoln County, Maine",18475,015,23,0.3947,0.0589,ACS 5-year 2022 (B19083)
2022,2018–2022,"Edgecomb town, Lincoln County, Maine",22675,015,23,0.4419,0.0602,ACS 5-year 2022 (B19083)
2022,2018–2022,"Hibberts gore, Lincoln County, Maine",32715,015,23,-666666666.0000,-222222222.0000,ACS 5-year 2022 (B19083)
2022,2018–2022,"Jefferson town, Lincoln County, Maine",35695,015,23,0.3809,0.0624,ACS 5-year 2022 (B19083)
2022,2018–2022,"Louds Island UT, Lincoln County, Maine",41280,015,23,-666666666.0000,-222222222.0000,ACS 5-year 2022 (B19083)
2022,2018–2022,"Monhegan plantation, Lincoln County, Maine",46335,015,23,0.5055,0.2395,ACS 5-year 2022 (B19083)
2022,2018–2022,"Newcastle town, Lincoln County, Maine",48645,015,23,0.5231,0.1041,ACS 5-year 2022 (B19083)
2022,2018–2022,"Nobleboro town, Lincoln County, Maine",49660,015,23,0.3919,0.0443,ACS 5-year 2022 (B19083)
2022,2018–2022,"Somerville town, Lincoln County, Maine",69645,015,23,0.3455,0.0423,ACS 5-year 2022 (B19083)
2022,2018–2022,"South Bristol town, Lincoln County, Maine",70240,015,23,0.4579,0.0583,ACS 5-year 2022 (B19083)
2022,2018–2022,"Southport town, Lincoln County, Maine",71955,015,23,0.4422,0.0617,ACS 5-year 2022 (B19083)
2022,2018–2022,"Waldoboro town, Lincoln County, Maine",79550,015,23,0.4684,0.0452,ACS 5-year 2022 (B19083)
2022,2018–2022,"Westport Island town, Lincoln County, Maine",84140,015,23,0.4908,0.1341,ACS 5-year 2022 (B19083)
2022,2018–2022,"Whitefield town, Lincoln County, Maine",85010,015,23,0.3386,0.0394,ACS 5-year 2022 (B19083)
2022,2018–2022,"Wiscasset town, Lincoln County, Maine",87075,015,23,0.3317,0.0523,ACS 5-year 2022 (B19083)
2022,2018–2022,"Andover town, Oxford County, Maine",01325,017,23,0.4364,0.0583,ACS 5-year 2022 (B19083)
2022,2018–2022,"Bethel town, Oxford County, Maine",04825,017,23,0.4815,0.0709,ACS 5-year 2022 (B19083)
2022,2018–2022,"Brownfield town, Oxford County, Maine",08150,017,23,0.4822,0.0667,ACS 5-year 2022 (B19083)
2022,2018–2022,"Buckfield town, Oxford County, Maine",08710,017,23,0.3597,0.0460,ACS 5-year 2022 (B19083)
2022,2018–2022,"Byron town, Oxford County, Maine",09550,017,23,0.3238,0.1679,ACS 5-year 2022 (B19083)
2022,2018–2022,"Canton town, Oxford County, Maine",10005,017,23,0.4130,0.0689,ACS 5-year 2022 (B19083)
2022,2018–2022,"Denmark town, Oxford County, Maine",17250,017,23,0.4379,0.0445,ACS 5-year 2022 (B19083)
2022,2018–2022,"Dixfield town, Oxford County, Maine",17740,017,23,0.4265,0.0557,ACS 5-year 2022 (B19083)
2022,2018–2022,"Fryeburg town, Oxford County, Maine",26910,017,23,0.4346,0.0494,ACS 5-year 2022 (B19083)
2022,2018–2022,"Gilead town, Oxford County, Maine",27505,017,23,0.4127,0.0525,ACS 5-year 2022 (B19083)
2022,2018–2022,"Greenwood town, Oxford County, Maine",29710,017,23,0.4351,0.0530,ACS 5-year 2022 (B19083)
2022,2018–2022,"Hanover town, Oxford County, Maine",31110,017,23,0.7799,0.1030,ACS 5-year 2022 (B19083)
2022,2018–2022,"Hartford town, Oxford County, Maine",31670,017,23,0.3624,0.0632,ACS 5-year 2022 (B19083)
2022,2018–2022,"Hebron town, Oxford County, Maine",32370,017,23,0.3382,0.0441,ACS 5-year 2022 (B19083)
2022,2018–2022,"Hiram town, Oxford County, Maine",33315,017,23,0.3887,0.0413,ACS 5-year 2022 (B19083)
2022,2018–2022,"Lincoln plantation, Oxford County, Maine",39422,017,23,0.4252,0.1124,ACS 5-year 2022 (B19083)
2022,2018–2022,"Lovell town, Oxford County, Maine",41365,017,23,0.5388,0.0663,ACS 5-year 2022 (B19083)
2022,2018–2022,"Magalloway plantation, Oxford County, Maine",42835,017,23,0.3781,0.0964,ACS 5-year 2022 (B19083)
2022,2018–2022,"Mexico town, Oxford County, Maine",45285,017,23,0.4150,0.0451,ACS 5-year 2022 (B19083)
2022,2018–2022,"Milton UT, Oxford County, Maine",46105,017,23,0.5428,0.2345,ACS 5-year 2022 (B19083)
2022,2018–2022,"Newry town, Oxford County, Maine",49275,017,23,0.4356,0.1131,ACS 5-year 2022 (B19083)
2022,2018–2022,"North Oxford UT, Oxford County, Maine",52575,017,23,-666666666.0000,-222222222.0000,ACS 5-year 2022 (B19083)
2022,2018–2022,"Norway town, Oxford County, Maine",54000,017,23,0.4251,0.0375,ACS 5-year 2022 (B19083)
2022,2018–2022,"Otisfield town, Oxford County, Maine",55960,017,23,0.3855,0.0465,ACS 5-year 2022 (B19083)
2022,2018–2022,"Oxford town, Oxford County, Maine",56310,017,23,0.3875,0.0424,ACS 5-year 2022 (B19083)
2022,2018–2022,"Paris town, Oxford County, Maine",56625,017,23,0.3872,0.0637,ACS 5-year 2022 (B19083)
2022,2018–2022,"Peru town, Oxford County, Maine",58270,017,23,0.3809,0.0346,ACS 5-year 2022 (B19083)
2022,2018–2022,"Porter town, Oxford County, Maine",60405,017,23,0.3649,0.0412,ACS 5-year 2022 (B19083)
2022,2018–2022,"Roxbury town, Oxford County, Maine",64185,017,23,0.3974,0.0380,ACS 5-year 2022 (B19083)
2022,2018–2022,"Rumford town, Oxford County, Maine",64290,017,23,0.5073,0.0679,ACS 5-year 2022 (B19083)
2022,2018–2022,"South Oxford UT, Oxford County, Maine",71755,017,23,0.4667,0.0895,ACS 5-year 2022 (B19083)
2022,2018–2022,"Stoneham town, Oxford County, Maine",74510,017,23,0.4840,0.0608,ACS 5-year 2022 (B19083)
2022,2018–2022,"Stow town, Oxford County, Maine",74685,017,23,0.3921,0.0711,ACS 5-year 2022 (B19083)
2022,2018–2022,"Sumner town, Oxford County, Maine",75035,017,23,0.3650,0.0294,ACS 5-year 2022 (B19083)
2022,2018–2022,"Sweden town, Oxford County, Maine",75595,017,23,0.3583,0.0458,ACS 5-year 2022 (B19083)
2022,2018–2022,"Upton town, Oxford County, Maine",78465,017,23,0.5098,0.1013,ACS 5-year 2022 (B19083)
2022,2018–2022,"Waterford town, Oxford County, Maine",80635,017,23,0.4295,0.0405,ACS 5-year 2022 (B19083)
2022,2018–2022,"West Paris town, Oxford County, Maine",83890,017,23,0.3961,0.0470,ACS 5-year 2022 (B19083)
2022,2018–2022,"Woodstock town, Oxford County, Maine",87355,017,23,0.4517,0.0526,ACS 5-year 2022 (B19083)
2022,2018–2022,"Alton town, Penobscot County, Maine",01115,019,23,0.4392,0.0433,ACS 5-year 2022 (B19083)
2022,2018–2022,"Argyle UT, Penobscot County, Maine",01500,019,23,0.3527,0.0666,ACS 5-year 2022 (B19083)
2022,2018–2022,"Bangor city, Penobscot County, Maine",02795,019,23,0.5056,0.0277,ACS 5-year 2022 (B19083)
2022,2018–2022,"Bradford town, Penobscot County, Maine",06575,019,23,0.3932,0.0486,ACS 5-year 2022 (B19083)
2022,2018–2022,"Bradley town, Penobscot County, Maine",06680,019,23,0.3730,0.0599,ACS 5-year 2022 (B19083)
2022,2018–2022,"Brewer city, Penobscot County, Maine",06925,019,23,0.4660,0.0374,ACS 5-year 2022 (B19083)
2022,2018–2022,"Burlington town, Penobscot County, Maine",09200,019,23,0.4086,0.0825,ACS 5-year 2022 (B19083)
2022,2018–2022,"Carmel town, Penobscot County, Maine",10670,019,23,0.3573,0.0574,ACS 5-year 2022 (B19083)
2022,2018–2022,"Carroll plantation, Penobscot County, Maine",10810,019,23,0.3430,0.1259,ACS 5-year 2022 (B19083)
2022,2018–2022,"Charleston town, Penobscot County, Maine",12105,019,23,0.3927,0.0845,ACS 5-year 2022 (B19083)
2022,2018–2022,"Chester town, Penobscot County, Maine",12525,019,23,0.3580,0.0411,ACS 5-year 2022 (B19083)
2022,2018–2022,"Clifton town, Penobscot County, Maine",13365,019,23,0.4280,0.0536,ACS 5-year 2022 (B19083)
2022,2018–2022,"Corinna town, Penobscot County, Maine",14310,019,23,0.3847,0.0547,ACS 5-year 2022 (B19083)
2022,2018–2022,"Corinth town, Penobscot County, Maine",14380,019,23,0.3958,0.0349,ACS 5-year 2022 (B19083)
2022,2018–2022,"Dexter town, Penobscot County, Maine",17530,019,23,0.4699,0.1114,ACS 5-year 2022 (B19083)
2022,2018–2022,"Dixmont town, Penobscot County, Maine",17950,019,23,0.4122,0.0805,ACS 5-year 2022 (B19083)
2022,2018–2022,"Drew plantation, Penobscot County, Maine",18580,019,23,0.3004,0.3091,ACS 5-year 2022 (B19083)
2022,2018–2022,"East Central Penobscot UT, Penobscot County, Maine",19868,019,23,0.4577,0.0731,ACS 5-year 2022 (B19083)
2022,2018–2022,"East Millinocket town, Penobscot County, Maine",21030,019,23,0.4575,0.0626,ACS 5-year 2022 (B19083)
2022,2018–2022,"Eddington town, Penobscot County, Maine",22535,019,23,0.4039,0.0619,ACS 5-year 2022 (B19083)
2022,2018–2022,"Edinburg town, Penobscot County, Maine",22710,019,23,0.2738,0.0755,ACS 5-year 2022 (B19083)
2022,2018–2022,"Enfield town, Penobscot County, Maine",23620,019,23,0.3850,0.0356,ACS 5-year 2022 (B19083)
2022,2018–2022,"Etna town, Penobscot County, Maine",23865,019,23,0.3273,0.0509,ACS 5-year 2022 (B19083)
2022,2018–2022,"Exeter town, Penobscot County, Maine",24110,019,23,0.3484,0.0518,ACS 5-year 2022 (B19083)
2022,2018–2022,"Garland town, Penobscot County, Maine",27190,019,23,0.4524,0.0452,ACS 5-year 2022 (B19083)
2022,2018–2022,"Glenburn town, Penobscot County, Maine",27645,019,23,0.3794,0.0437,ACS 5-year 2022 (B19083)
2022,2018–2022,"Greenbush town, Penobscot County, Maine",29185,019,23,0.3538,0.0362,ACS 5-year 2022 (B19083)
2022,2018–2022,"Hampden town, Penobscot County, Maine",30795,019,23,0.4132,0.0444,ACS 5-year 2022 (B19083)
2022,2018–2022,"Hermon town, Penobscot County, Maine",32510,019,23,0.3322,0.0394,ACS 5-year 2022 (B19083)
2022,2018–2022,"Holden town, Penobscot County, Maine",33490,019,23,0.4849,0.1178,ACS 5-year 2022 (B19083)
2022,2018–2022,"Howland town, Penobscot County, Maine",34190,019,23,0.4011,0.0576,ACS 5-year 2022 (B19083)
2022,2018–2022,"Hudson town, Penobscot County, Maine",34365,019,23,0.4020,0.0350,ACS 5-year 2022 (B19083)
2022,2018–2022,"Kenduskeag town, Penobscot County, Maine",36325,019,23,0.3476,0.0424,ACS 5-year 2022 (B19083)
2022,2018–2022,"Kingman UT, Penobscot County, Maine",37075,019,23,0.3979,0.0846,ACS 5-year 2022 (B19083)
2022,2018–2022,"Lagrange town, Penobscot County, Maine",37760,019,23,0.4398,0.0309,ACS 5-year 2022 (B19083)
2022,2018–2022,"Lakeville town, Penobscot County, Maine",38005,019,23,0.5382,0.0688,ACS 5-year 2022 (B19083)
2022,2018–2022,"Lee town, Penobscot County, Maine",38530,019,23,0.4455,0.0652,ACS 5-year 2022 (B19083)
2022,2018–2022,"Levant town, Penobscot County, Maine",38705,019,23,0.3684,0.0477,ACS 5-year 2022 (B19083)
2022,2018–2022,"Lincoln town, Penobscot County, Maine",39475,019,23,0.4684,0.0904,ACS 5-year 2022 (B19083)
2022,2018–2022,"Lowell town, Penobscot County, Maine",41435,019,23,0.3891,0.0540,ACS 5-year 2022 (B19083)
2022,2018–2022,"Mattawamkeag town, Penobscot County, Maine",44270,019,23,0.3947,0.0452,ACS 5-year 2022 (B19083)
2022,2018–2022,"Maxfield town, Penobscot County, Maine",44340,019,23,0.3773,0.1282,ACS 5-year 2022 (B19083)
2022,2018–2022,"Medway town, Penobscot County, Maine",45005,019,23,0.3885,0.0418,ACS 5-year 2022 (B19083)
2022,2018–2022,"Milford town, Penobscot County, Maine",45670,019,23,0.3998,0.0556,ACS 5-year 2022 (B19083)
2022,2018–2022,"Millinocket town, Penobscot County, Maine",45810,019,23,0.4357,0.0622,ACS 5-year 2022 (B19083)
2022,2018–2022,"Mount Chase town, Penobscot County, Maine",47560,019,23,0.5091,0.0997,ACS 5-year 2022 (B19083)
2022,2018–2022,"Newburgh town, Penobscot County, Maine",48505,019,23,0.4141,0.0527,ACS 5-year 2022 (B19083)
2022,2018–2022,"Newport town, Penobscot County, Maine",49065,019,23,0.4048,0.0410,ACS 5-year 2022 (B19083)
2022,2018–2022,"North Penobscot UT, Penobscot County, Maine",52710,019,23,0.4335,0.0705,ACS 5-year 2022 (B19083)
2022,2018–2022,"Old Town city, Penobscot County, Maine",55225,019,23,0.4643,0.0298,ACS 5-year 2022 (B19083)
2022,2018–2022,"Orono town, Penobscot County, Maine",55565,019,23,0.4678,0.0287,ACS 5-year 2022 (B19083)
2022,2018–2022,"Orrington town, Penobscot County, Maine",55680,019,23,0.4430,0.0777,ACS 5-year 2022 (B19083)
2022,2018–2022,"Passadumkeag town, Penobscot County, Maine",57045,019,23,0.4267,0.0960,ACS 5-year 2022 (B19083)
2022,2018–2022,"Patten town, Penobscot County, Maine",57150,019,23,0.4511,0.0753,ACS 5-year 2022 (B19083)
2022,2018–2022,"Penobscot Indian Island Reservation, Penobscot County, Maine",57936,019,23,0.4390,0.0506,ACS 5-year 2022 (B19083)
2022,2018–2022,"Plymouth town, Penobscot County, Maine",59950,019,23,0.4162,0.0410,ACS 5-year 2022 (B19083)
2022,2018–2022,"Prentiss UT, Penobscot County, Maine",60790,019,23,0.4079,0.1743,ACS 5-year 2022 (B19083)
2022,2018–2022,"Seboeis plantation, Penobscot County, Maine",67160,019,23,0.3565,0.1461,ACS 5-year 2022 (B19083)
2022,2018–2022,"Springfield town, Penobscot County, Maine",73250,019,23,0.3677,0.0668,ACS 5-year 2022 (B19083)
2022,2018–2022,"Stacyville town, Penobscot County, Maine",73600,019,23,0.3622,0.0446,ACS 5-year 2022 (B19083)
2022,2018–2022,"Stetson town, Penobscot County, Maine",74055,019,23,0.4108,0.0433,ACS 5-year 2022 (B19083)
2022,2018–2022,"Twombly Ridge UT, Penobscot County, Maine",78015,019,23,-666666666.0000,-222222222.0000,ACS 5-year 2022 (B19083)
2022,2018–2022,"Veazie town, Penobscot County, Maine",78780,019,23,0.4065,0.0395,ACS 5-year 2022 (B19083)
2022,2018–2022,"Webster plantation, Penobscot County, Maine",81055,019,23,0.3785,0.1207,ACS 5-year 2022 (B19083)
2022,2018–2022,"Whitney UT, Penobscot County, Maine",85230,019,23,-666666666.0000,-222222222.0000,ACS 5-year 2022 (B19083)
2022,2018–2022,"Winn town, Penobscot County, Maine",86305,019,23,0.3815,0.1108,ACS 5-year 2022 (B19083)
2022,2018–2022,"Woodville town, Penobscot County, Maine",87390,019,23,0.3117,0.0776,ACS 5-year 2022 (B19083)
2022,2018–2022,"Abbot town, Piscataquis County, Maine",00100,021,23,0.4138,0.0597,ACS 5-year 2022 (B19083)
2022,2018–2022,"Beaver Cove town, Piscataquis County, Maine",03740,021,23,0.3574,0.0948,ACS 5-year 2022 (B19083)
2022,2018–2022,"Blanchard UT, Piscataquis County, Maine",05560,021,23,0.3620,0.1175,ACS 5-year 2022 (B19083)
2022,2018–2022,"Bowerbank town, Piscataquis County, Maine",06400,021,23,0.3587,0.0447,ACS 5-year 2022 (B19083)
2022,2018–2022,"Brownville town, Piscataquis County, Maine",08325,021,23,0.4364,0.0454,ACS 5-year 2022 (B19083)
2022,2018–2022,"Dover-Foxcroft town, Piscataquis County, Maine",18195,021,23,0.5536,0.0817,ACS 5-year 2022 (B19083)
2022,2018–2022,"Greenville town, Piscataquis County, Maine",29535,021,23,0.3928,0.0552,ACS 5-year 2022 (B19083)
2022,2018–2022,"Guilford town, Piscataquis County, Maine",30095,021,23,0.4072,0.0672,ACS 5-year 2022 (B19083)
2022,2018–2022,"Kingsbury plantation, Piscataquis County, Maine",37095,021,23,0.2566,0.3514,ACS 5-year 2022 (B19083)
2022,2018–2022,"Lake View plantation, Piscataquis County, Maine",37970,021,23,0.3873,0.1159,ACS 5-year 2022 (B19083)
2022,2018–2022,"Medford town, Piscataquis County, Maine",44830,021,23,0.5031,0.3273,ACS 5-year 2022 (B19083)
2022,2018–2022,"Milo town, Piscataquis County, Maine",46020,021,23,0.3462,0.0356,ACS 5-year 2022 (B19083)
2022,2018–2022,"Monson town, Piscataquis County, Maine",46580,021,23,0.4270,0.0484,ACS 5-year 2022 (B19083)
2022,2018–2022,"Northeast Piscataquis UT, Piscataquis County, Maine",51105,021,23,0.3319,0.0609,ACS 5-year 2022 (B19083)
2022,2018–2022,"Northwest Piscataquis UT, Piscataquis County, Maine",53628,021,23,0.4630,0.1002,ACS 5-year 2022 (B19083)
2022,2018–2022,"Parkman town, Piscataquis County, Maine",56765,021,23,0.4794,0.0871,ACS 5-year 2022 (B19083)
2022,2018–2022,"Sangerville town, Piscataquis County, Maine",65865,021,23,0.4620,0.0487,ACS 5-year 2022 (B19083)
2022,2018–2022,"Sebec town, Piscataquis County, Maine",66950,021,23,0.4477,0.1067,ACS 5-year 2022 (B19083)
2022,2018–2022,"Shirley town, Piscataquis County, Maine",68140,021,23,0.4282,0.0685,ACS 5-year 2022 (B19083)
2022,2018–2022,"Southeast Piscataquis UT, Piscataquis County, Maine",70655,021,23,0.4299,0.0705,ACS 5-year 2022 (B19083)
2022,2018–2022,"Wellington town, Piscataquis County, Maine",81405,021,23,0.3812,0.0511,ACS 5-year 2022 (B19083)
2022,2018–2022,"Willimantic town, Piscataquis County, Maine",85710,021,23,0.4340,0.0781,ACS 5-year 2022 (B19083)
2022,2018–2022,"Arrowsic town, Sagadahoc County, Maine",01570,023,23,0.5158,0.1096,ACS 5-year 2022 (B19083)
2022,2018–2022,"Bath city, Sagadahoc County, Maine",03355,023,23,0.4155,0.0408,ACS 5-year 2022 (B19083)
2022,2018–2022,"Bowdoin town, Sagadahoc County, Maine",06260,023,23,0.3883,0.0638,ACS 5-year 2022 (B19083)
2022,2018–2022,"Bowdoinham town, Sagadahoc County, Maine",06365,023,23,0.3188,0.0588,ACS 5-year 2022 (B19083)
2022,2018–2022,"Georgetown town, Sagadahoc County, Maine",27295,023,23,0.3970,0.0573,ACS 5-year 2022 (B19083)
2022,2018–2022,"Perkins UT, Sagadahoc County, Maine",58070,023,23,-666666666.0000,-222222222.0000,ACS 5-year 2022 (B19083)
2022,2018–2022,"Phippsburg town, Sagadahoc County, Maine",58515,023,23,0.3573,0.0549,ACS 5-year 2022 (B19083)
2022,2018–2022,"Richmond town, Sagadahoc County, Maine",62645,023,23,0.3927,0.0445,ACS 5-year 2022 (B19083)
2022,2018–2022,"Topsham town, Sagadahoc County, Maine",76960,023,23,0.4444,0.0423,ACS 5-year 2022 (B19083)
2022,2018–2022,"West Bath town, Sagadahoc County, Maine",81930,023,23,0.3902,0.0592,ACS 5-year 2022 (B19083)
2022,2018–2022,"Woolwich town, Sagadahoc County, Maine",87460,023,23,0.4091,0.0763,ACS 5-year 2022 (B19083)
2022,2018–2022,"Anson town, Somerset County, Maine",01395,025,23,0.4217,0.0544,ACS 5-year 2022 (B19083)
2022,2018–2022,"Athens town, Somerset County, Maine",01885,025,23,0.4070,0.0498,ACS 5-year 2022 (B19083)
2022,2018–2022,"Bingham town, Somerset County, Maine",05000,025,23,0.4506,0.0879,ACS 5-year 2022 (B19083)
2022,2018–2022,"Brighton plantation, Somerset County, Maine",07380,025,23,0.3479,0.1804,ACS 5-year 2022 (B19083)
2022,2018–2022,"Cambridge town, Somerset County, Maine",09655,025,23,0.3861,0.0798,ACS 5-year 2022 (B19083)
2022,2018–2022,"Canaan town, Somerset County, Maine",09935,025,23,0.3774,0.0328,ACS 5-year 2022 (B19083)
2022,2018–2022,"Caratunk town, Somerset County, Maine",10495,025,23,0.3645,0.1778,ACS 5-year 2022 (B19083)
2022,2018–2022,"Central Somerset UT, Somerset County, Maine",11820,025,23,0.3052,0.1336,ACS 5-year 2022 (B19083)
2022,2018–2022,"Cornville town, Somerset County, Maine",14555,025,23,0.4049,0.0583,ACS 5-year 2022 (B19083)
2022,2018–2022,"Dennistown plantation, Somerset County, Maine",17285,025,23,0.1550,0.1312,ACS 5-year 2022 (B19083)
2022,2018–2022,"Detroit town, Somerset County, Maine",17460,025,23,0.4040,0.0580,ACS 5-year 2022 (B19083)
2022,2018–2022,"Embden town, Somerset County, Maine",23410,025,23,0.3837,0.0442,ACS 5-year 2022 (B19083)
2022,2018–2022,"Fairfield town, Somerset County, Maine",24320,025,23,0.3842,0.0399,ACS 5-year 2022 (B19083)
2022,2018–2022,"Harmony town, Somerset County, Maine",31355,025,23,0.3909,0.0616,ACS 5-year 2022 (B19083)
2022,2018–2022,"Hartland town, Somerset County, Maine",31740,025,23,0.5063,0.0423,ACS 5-year 2022 (B19083)
2022,2018–2022,"Highland plantation, Somerset County, Maine",32895,025,23,0.3499,0.2663,ACS 5-year 2022 (B19083)
2022,2018–2022,"Jackman town, Somerset County, Maine",35345,025,23,0.4507,0.0758,ACS 5-year 2022 (B19083)
2022,2018–2022,"Madison town, Somerset County, Maine",42660,025,23,0.4842,0.1197,ACS 5-year 2022 (B19083)
2022,2018–2022,"Mercer town, Somerset County, Maine",45110,025,23,0.3658,0.0664,ACS 5-year 2022 (B19083)
2022,2018–2022,"Moose River town, Somerset County, Maine",47140,025,23,0.2797,0.0674,ACS 5-year 2022 (B19083)
2022,2018–2022,"Moscow town, Somerset County, Maine",47455,025,23,0.4443,0.0679,ACS 5-year 2022 (B19083)
2022,2018–2022,"New Portland town, Somerset County, Maine",49205,025,23,0.4176,0.0505,ACS 5-year 2022 (B19083)
2022,2018–2022,"Norridgewock town, Somerset County, Maine",49835,025,23,0.6649,0.1087,ACS 5-year 2022 (B19083)
2022,2018–2022,"Northeast Somerset UT, Somerset County, Maine",51114,025,23,0.4001,0.0836,ACS 5-year 2022 (B19083)
2022,2018–2022,"Northwest Somerset UT, Somerset County, Maine",53636,025,23,-666666666.0000,-222222222.0000,ACS 5-year 2022 (B19083)
2022,2018–2022,"Palmyra town, Somerset County, Maine",56520,025,23,0.3760,0.0459,ACS 5-year 2022 (B19083)
2022,2018–2022,"Pittsfield town, Somerset County, Maine",59005,025,23,0.4490,0.0389,ACS 5-year 2022 (B19083)
2022,2018–2022,"Pleasant Ridge plantation, Somerset County, Maine",59705,025,23,0.3020,0.0771,ACS 5-year 2022 (B19083)
2022,2018–2022,"Ripley town, Somerset County, Maine",62995,025,23,0.4221,0.0866,ACS 5-year 2022 (B19083)
2022,2018–2022,"St. Albans town, Somerset County, Maine",64850,025,23,0.5359,0.0885,ACS 5-year 2022 (B19083)
2022,2018–2022,"Seboomook Lake UT, Somerset County, Maine",67238,025,23,-666666666.0000,-222222222.0000,ACS 5-year 2022 (B19083)
2022,2018–2022,"Skowhegan town, Somerset County, Maine",68910,025,23,0.4234,0.0310,ACS 5-year 2022 (B19083)
2022,2018–2022,"Smithfield town, Somerset County, Maine",69155,025,23,0.3313,0.0574,ACS 5-year 2022 (B19083)
2022,2018–2022,"Solon town, Somerset County, Maine",69505,025,23,0.3601,0.0444,ACS 5-year 2022 (B19083)
2022,2018–2022,"Starks town, Somerset County, Maine",73845,025,23,0.4047,0.0441,ACS 5-year 2022 (B19083)
2022,2018–2022,"The Forks plantation, Somerset County, Maine",76190,025,23,0.3218,0.1416,ACS 5-year 2022 (B19083)
2022,2018–2022,"West Forks plantation, Somerset County, Maine",82840,025,23,0.3498,0.1572,ACS 5-year 2022 (B19083)
2022,2018–2022,"Belfast city, Waldo County, Maine",03950,027,23,0.4924,0.0535,ACS 5-year 2022 (B19083)
2022,2018–2022,"Belmont town, Waldo County, Maine",04125,027,23,0.3792,0.0486,ACS 5-year 2022 (B19083)
2022,2018–2022,"Brooks town, Waldo County, Maine",07870,027,23,0.4126,0.0629,ACS 5-year 2022 (B19083)
2022,2018–2022,"Burnham town, Waldo County, Maine",09270,027,23,0.4726,0.0684,ACS 5-year 2022 (B19083)
2022,2018–2022,"Frankfort town, Waldo County, Maine",26280,027,23,0.3156,0.0574,ACS 5-year 2022 (B19083)
2022,2018–2022,"Freedom town, Waldo County, Maine",26420,027,23,0.3464,0.0371,ACS 5-year 2022 (B19083)
2022,2018–2022,"Islesboro town, Waldo County, Maine",35240,027,23,0.5162,0.1087,ACS 5-year 2022 (B19083)
2022,2018–2022,"Jackson town, Waldo County, Maine",35450,027,23,0.4285,0.0549,ACS 5-year 2022 (B19083)
2022,2018–2022,"Knox town, Waldo County, Maine",37585,027,23,0.4075,0.0557,ACS 5-year 2022 (B19083)
2022,2018–2022,"Liberty town, Waldo County, Maine",39055,027,23,0.3786,0.0560,ACS 5-year 2022 (B19083)
2022,2018–2022,"Lincolnville town, Waldo County, Maine",39755,027,23,0.4777,0.0724,ACS 5-year 2022 (B19083)
2022,2018–2022,"Monroe town, Waldo County, Maine",46475,027,23,0.3901,0.0589,ACS 5-year 2022 (B19083)
2022,2018–2022,"Montville town, Waldo County, Maine",46790,027,23,0.3751,0.0443,ACS 5-year 2022 (B19083)
2022,2018–2022,"Morrill town, Waldo County, Maine",47245,027,23,0.3517,0.0421,ACS 5-year 2022 (B19083)
2022,2018–2022,"Northport town, Waldo County, Maine",52845,027,23,0.4169,0.0388,ACS 5-year 2022 (B19083)
2022,2018–2022,"Palermo town, Waldo County, Maine",56450,027,23,0.3499,0.0500,ACS 5-year 2022 (B19083)
2022,2018–2022,"Prospect town, Waldo County, Maine",61210,027,23,0.3860,0.0584,ACS 5-year 2022 (B19083)
2022,2018–2022,"Searsmont town, Waldo County, Maine",66565,027,23,0.3391,0.0542,ACS 5-year 2022 (B19083)
2022,2018–2022,"Searsport town, Waldo County, Maine",66635,027,23,0.3531,0.0497,ACS 5-year 2022 (B19083)
2022,2018–2022,"Stockton Springs town, Waldo County, Maine",74475,027,23,0.4030,0.0454,ACS 5-year 2022 (B19083)
2022,2018–2022,"Swanville town, Waldo County, Maine",75525,027,23,0.4259,0.0806,ACS 5-year 2022 (B19083)
2022,2018–2022,"Thorndike town, Waldo County, Maine",76610,027,23,0.3657,0.0523,ACS 5-year 2022 (B19083)
2022,2018–2022,"Troy town, Waldo County, Maine",77625,027,23,0.4485,0.0934,ACS 5-year 2022 (B19083)
2022,2018–2022,"Unity town, Waldo County, Maine",78255,027,23,0.4350,0.0539,ACS 5-year 2022 (B19083)
2022,2018–2022,"Waldo town, Waldo County, Maine",79480,027,23,0.3905,0.0860,ACS 5-year 2022 (B19083)
2022,2018–2022,"Winterport town, Waldo County, Maine",86760,027,23,0.3905,0.0528,ACS 5-year 2022 (B19083)
2022,2018–2022,"Addison town, Washington County, Maine",00380,029,23,0.4400,0.0583,ACS 5-year 2022 (B19083)
2022,2018–2022,"Alexander town, Washington County, Maine",00660,029,23,0.3648,0.0571,ACS 5-year 2022 (B19083)
2022,2018–2022,"Baileyville town, Washington County, Maine",02480,029,23,0.3957,0.0525,ACS 5-year 2022 (B19083)
2022,2018–2022,"Baring plantation, Washington County, Maine",02970,029,23,0.4036,0.0535,ACS 5-year 2022 (B19083)
2022,2018–2022,"Beals town, Washington County, Maine",03670,029,23,0.4747,0.0430,ACS 5-year 2022 (B19083)
2022,2018–2022,"Beddington town, Washington County, Maine",03810,029,23,0.2334,0.1676,ACS 5-year 2022 (B19083)
2022,2018–2022,"Calais city, Washington County, Maine",09585,029,23,0.4504,0.0418,ACS 5-year 2022 (B19083)
2022,2018–2022,"Charlotte town, Washington County, Maine",12175,029,23,0.3876,0.0456,ACS 5-year 2022 (B19083)
2022,2018–2022,"Cherryfield town, Washington County, Maine",12455,029,23,0.4797,0.0599,ACS 5-year 2022 (B19083)
2022,2018–2022,"Codyville plantation, Washington County, Maine",13610,029,23,0.1964,0.1859,ACS 5-year 2022 (B19083)
2022,2018–2022,"Columbia town, Washington County, Maine",13750,029,23,0.3404,0.0566,ACS 5-year 2022 (B19083)
2022,2018–2022,"Columbia Falls town, Washington County, Maine",13820,029,23,0.4414,0.0572,ACS 5-year 2022 (B19083)
2022,2018–2022,"Cooper town, Washington County, Maine",14100,029,23,0.4084,0.0533,ACS 5-year 2022 (B19083)
2022,2018–2022,"Crawford town, Washington County, Maine",14940,029,23,0.4418,0.0923,ACS 5-year 2022 (B19083)
2022,2018–2022,"Cutler town, Washington County, Maine",15920,029,23,0.4402,0.0710,ACS 5-year 2022 (B19083)
2022,2018–2022,"Danforth town, Washington County, Maine",16410,029,23,0.3203,0.0678,ACS 5-year 2022 (B19083)
2022,2018–2022,"Deblois town, Washington County, Maine",16865,029,23,0.5131,0.1033,ACS 5-year 2022 (B19083)
2022,2018–2022,"Dennysville town, Washington County, Maine",17355,029,23,0.5450,0.0683,ACS 5-year 2022 (B19083)
2022,2018–2022,"East Central Washington UT, Washington County, Maine",19870,029,23,0.4367,0.0572,ACS 5-year 2022 (B19083)
2022,2018–2022,"East Machias town, Washington County, Maine",20960,029,23,0.4808,0.0932,ACS 5-year 2022 (B19083)
2022,2018–2022,"Eastport city, Washington County, Maine",21730,029,23,0.4579,0.0335,ACS 5-year 2022 (B19083)
2022,2018–2022,"Grand Lake Stream plantation, Washington County, Maine",28660,029,23,0.3868,0.0959,ACS 5-year 2022 (B19083)
2022,2018–2022,"Harrington town, Washington County, Maine",31530,029,23,0.4053,0.0504,ACS 5-year 2022 (B19083)
2022,2018–2022,"Jonesboro town, Washington County, Maine",35905,029,23,0.3809,0.0675,ACS 5-year 2022 (B19083)
2022,2018–2022,"Jonesport town, Washington County, Maine",36010,029,23,0.5083,0.0863,ACS 5-year 2022 (B19083)
2022,2018–2022,"Lubec town, Washington County, Maine",41610,029,23,0.4842,0.0601,ACS 5-year 2022 (B19083)
2022,2018–2022,"Machias town, Washington County, Maine",41960,029,23,0.4691,0.0377,ACS 5-year 2022 (B19083)
2022,2018–2022,"Machiasport town, Washington County, Maine",42100,029,23,0.4471,0.0896,ACS 5-year 2022 (B19083)
2022,2018–2022,"Marshfield town, Washington County, Maine",43640,029,23,0.3634,0.0600,ACS 5-year 2022 (B19083)
2022,2018–2022,"Meddybemps town, Washington County, Maine",44760,029,23,0.3505,0.0551,ACS 5-year 2022 (B19083)
2022,2018–2022,"Milbridge town, Washington County, Maine",45600,029,23,0.4747,0.0444,ACS 5-year 2022 (B19083)
2022,2018–2022,"Northfield town, Washington County, Maine",51375,029,23,0.5132,0.0645,ACS 5-year 2022 (B19083)
2022,2018–2022,"North Washington UT, Washington County, Maine",53500,029,23,0.3877,0.0957,ACS 5-year 2022 (B19083)
2022,2018–2022,"Passamaquoddy Indian Township Reservation, Washington County, Maine",57082,029,23,0.5231,0.0798,ACS 5-year 2022 (B19083)
2022,2018–2022,"Passamaquoddy Pleasant Point Reservation, Washington County, Maine",57090,029,23,0.4605,0.0589,ACS 5-year 2022 (B19083)
2022,2018–2022,"Pembroke town, Washington County, Maine",57780,029,23,0.3903,0.0429,ACS 5-year 2022 (B19083)
2022,2018–2022,"Perry town, Washington County, Maine",58165,029,23,0.3833,0.0568,ACS 5-year 2022 (B19083)
2022,2018–2022,"Princeton town, Washington County, Maine",61035,029,23,0.4839,0.0440,ACS 5-year 2022 (B19083)
2022,2018–2022,"Robbinston town, Washington County, Maine",63275,029,23,0.4551,0.0421,ACS 5-year 2022 (B19083)
2022,2018–2022,"Roque Bluffs town, Washington County, Maine",63940,029,23,0.4335,0.0685,ACS 5-year 2022 (B19083)
2022,2018–2022,"Steuben town, Washington County, Maine",74125,029,23,0.4765,0.0937,ACS 5-year 2022 (B19083)
2022,2018–2022,"Talmadge town, Washington County, Maine",75770,029,23,0.4376,0.1081,ACS 5-year 2022 (B19083)
2022,2018–2022,"Topsfield town, Washington County, Maine",76895,029,23,0.4553,0.1523,ACS 5-year 2022 (B19083)
2022,2018–2022,"Vanceboro town, Washington County, Maine",78675,029,23,0.3943,0.0479,ACS 5-year 2022 (B19083)
2022,2018–2022,"Waite town, Washington County, Maine",79375,029,23,0.3907,0.1117,ACS 5-year 2022 (B19083)
2022,2018–2022,"Wesley town, Washington County, Maine",81685,029,23,0.3215,0.0693,ACS 5-year 2022 (B19083)
2022,2018–2022,"Whiting town, Washington County, Maine",85185,029,23,0.3883,0.0908,ACS 5-year 2022 (B19083)
2022,2018–2022,"Whitneyville town, Washington County, Maine",85290,029,23,0.4867,0.1594,ACS 5-year 2022 (B19083)
2022,2018–2022,"Acton town, York County, Maine",00275,031,23,0.3998,0.0396,ACS 5-year 2022 (B19083)
2022,2018–2022,"Alfred town, York County, Maine",00730,031,23,0.4522,0.0575,ACS 5-year 2022 (B19083)
2022,2018–2022,"Arundel town, York County, Maine",01605,031,23,0.3535,0.0410,ACS 5-year 2022 (B19083)
2022,2018–2022,"Berwick town, York County, Maine",04720,031,23,0.3913,0.0445,ACS 5-year 2022 (B19083)
2022,2018–2022,"Biddeford city, York County, Maine",04860,031,23,0.4335,0.0218,ACS 5-year 2022 (B19083)
2022,2018–2022,"Buxton town, York County, Maine",09410,031,23,0.3748,0.0515,ACS 5-year 2022 (B19083)
2022,2018–2022,"Cornish town, York County, Maine",14485,031,23,0.3590,0.0662,ACS 5-year 2022 (B19083)
2022,2018–2022,"Dayton town, York County, Maine",16725,031,23,0.3144,0.0319,ACS 5-year 2022 (B19083)
2022,2018–2022,"Eliot town, York County, Maine",22955,031,23,0.3843,0.0454,ACS 5-year 2022 (B19083)
2022,2018–2022,"Hollis town, York County, Maine",33665,031,23,0.3420,0.0395,ACS 5-year 2022 (B19083)
2022,2018–2022,"Kennebunk town, York County, Maine",36535,031,23,0.3964,0.0423,ACS 5-year 2022 (B19083)
2022,2018–2022,"Kennebunkport town, York County, Maine",36745,031,23,0.5480,0.0677,ACS 5-year 2022 (B19083)
2022,2018–2022,"Kittery town, York County, Maine",37270,031,23,0.4214,0.0364,ACS 5-year 2022 (B19083)
2022,2018–2022,"Lebanon town, York County, Maine",38425,031,23,0.2950,0.0397,ACS 5-year 2022 (B19083)
2022,2018–2022,"Limerick town, York County, Maine",39195,031,23,0.3239,0.0409,ACS 5-year 2022 (B19083)
2022,2018–2022,"Limington town, York County, Maine",39405,031,23,0.3844,0.0492,ACS 5-year 2022 (B19083)
2022,2018–2022,"Lyman town, York County, Maine",41750,031,23,0.4119,0.0675,ACS 5-year 2022 (B19083)
2022,2018–2022,"Newfield town, York County, Maine",48750,031,23,0.4819,0.1169,ACS 5-year 2022 (B19083)
2022,2018–2022,"North Berwick town, York County, Maine",50325,031,23,0.4473,0.0790,ACS 5-year 2022 (B19083)
2022,2018–2022,"Ogunquit town, York County, Maine",54980,031,23,0.5524,0.1677,ACS 5-year 2022 (B19083)
2022,2018–2022,"Old Orchard Beach town, York County, Maine",55085,031,23,0.4487,0.0373,ACS 5-year 2022 (B19083)
2022,2018–2022,"Parsonsfield town, York County, Maine",56870,031,23,0.4458,0.0705,ACS 5-year 2022 (B19083)
2022,2018–2022,"Saco city, York County, Maine",64675,031,23,0.4144,0.0261,ACS 5-year 2022 (B19083)
2022,2018–2022,"Sanford city, York County, Maine",65725,031,23,0.3992,0.0214,ACS 5-year 2022 (B19083)
2022,2018–2022,"Shapleigh town, York County, Maine",67475,031,23,0.3650,0.0512,ACS 5-year 2022 (B19083)
2022,2018–2022,"South Berwick town, York County, Maine",70030,031,23,0.3937,0.0497,ACS 5-year 2022 (B19083)
2022,2018–2022,"Waterboro town, York County, Maine",80530,031,23,0.3379,0.0369,ACS 5-year 2022 (B19083)
2022,2018–2022,"Wells town, York County, Maine",81475,031,23,0.4282,0.0351,ACS 5-year 2022 (B19083)
2022,2018–2022,"York town, York County, Maine",87985,031,23,0.4183,0.0324,ACS 5-year 2022 (B19083)
2023,2019–2023,"Auburn city, Androscoggin County, Maine",02060,001,23,0.4755,0.0379,ACS 5-year 2023 (B19083)
2023,2019–2023,"Durham town, Androscoggin County, Maine",19105,001,23,0.3371,0.0381,ACS 5-year 2023 (B19083)
2023,2019–2023,"Greene town, Androscoggin County, Maine",29255,001,23,0.4200,0.0647,ACS 5-year 2023 (B19083)
2023,2019–2023,"Leeds town, Androscoggin County, Maine",38565,001,23,0.3601,0.0366,ACS 5-year 2023 (B19083)
2023,2019–2023,"Lewiston city, Androscoggin County, Maine",38740,001,23,0.4324,0.0232,ACS 5-year 2023 (B19083)
2023,2019–2023,"Lisbon town, Androscoggin County, Maine",40035,001,23,0.3728,0.0332,ACS 5-year 2023 (B19083)
2023,2019–2023,"Livermore town, Androscoggin County, Maine",40665,001,23,0.3599,0.0279,ACS 5-year 2023 (B19083)
2023,2019–2023,"Livermore Falls town, Androscoggin County, Maine",40770,001,23,0.3692,0.0443,ACS 5-year 2023 (B19083)
2023,2019–2023,"Mechanic Falls town, Androscoggin County, Maine",44585,001,23,0.3522,0.0592,ACS 5-year 2023 (B19083)
2023,2019–2023,"Minot town, Androscoggin County, Maine",46160,001,23,0.4491,0.0829,ACS 5-year 2023 (B19083)
2023,2019–2023,"Poland town, Androscoggin County, Maine",60020,001,23,0.3593,0.0506,ACS 5-year 2023 (B19083)
2023,2019–2023,"Sabattus town, Androscoggin County, Maine",64570,001,23,0.4063,0.0577,ACS 5-year 2023 (B19083)
2023,2019–2023,"Turner town, Androscoggin County, Maine",77800,001,23,0.3199,0.0375,ACS 5-year 2023 (B19083)
2023,2019–2023,"Wales town, Androscoggin County, Maine",79585,001,23,0.3718,0.0445,ACS 5-year 2023 (B19083)
2023,2019–2023,"Allagash town, Aroostook County, Maine",00800,003,23,0.4399,0.0579,ACS 5-year 2023 (B19083)
2023,2019–2023,"Amity town, Aroostook County, Maine",01220,003,23,0.6310,0.1195,ACS 5-year 2023 (B19083)
2023,2019–2023,"Ashland town, Aroostook County, Maine",01710,003,23,0.4819,0.0672,ACS 5-year 2023 (B19083)
2023,2019–2023,"Bancroft UT, Aroostook County, Maine",02762,003,23,0.3607,0.1181,ACS 5-year 2023 (B19083)
2023,2019–2023,"Blaine town, Aroostook County, Maine",05385,003,23,0.4307,0.0850,ACS 5-year 2023 (B19083)
2023,2019–2023,"Bridgewater town, Aroostook County, Maine",07065,003,23,0.4476,0.0541,ACS 5-year 2023 (B19083)
2023,2019–2023,"Caribou city, Aroostook County, Maine",10565,003,23,0.4765,0.0511,ACS 5-year 2023 (B19083)
2023,2019–2023,"Castle Hill town, Aroostook County, Maine",11300,003,23,0.3939,0.0623,ACS 5-year 2023 (B19083)
2023,2019–2023,"Caswell town, Aroostook County, Maine",11335,003,23,0.3363,0.0764,ACS 5-year 2023 (B19083)
2023,2019–2023,"Central Aroostook UT, Aroostook County, Maine",11785,003,23,0.2386,0.0981,ACS 5-year 2023 (B19083)
2023,2019–2023,"Chapman town, Aroostook County, Maine",12000,003,23,0.4567,0.1311,ACS 5-year 2023 (B19083)
2023,2019–2023,"Connor UT, Aroostook County, Maine",13900,003,23,0.3376,0.0673,ACS 5-year 2023 (B19083)
2023,2019–2023,"Crystal town, Aroostook County, Maine",15395,003,23,0.4418,0.1011,ACS 5-year 2023 (B19083)
2023,2019–2023,"Cyr plantation, Aroostook County, Maine",15990,003,23,0.3639,0.1025,ACS 5-year 2023 (B19083)
2023,2019–2023,"Dyer Brook town, Aroostook County, Maine",19210,003,23,0.3055,0.1200,ACS 5-year 2023 (B19083)
2023,2019–2023,"Eagle Lake town, Aroostook County, Maine",19420,003,23,0.4771,0.0750,ACS 5-year 2023 (B19083)
2023,2019–2023,"Easton town, Aroostook County, Maine",21380,003,23,0.4652,0.0533,ACS 5-year 2023 (B19083)
2023,2019–2023,"Fort Fairfield town, Aroostook County, Maine",25615,003,23,0.4289,0.0616,ACS 5-year 2023 (B19083)
2023,2019–2023,"Fort Kent town, Aroostook County, Maine",25755,003,23,0.5454,0.1177,ACS 5-year 2023 (B19083)
2023,2019–2023,"Frenchville town, Aroostook County, Maine",26735,003,23,0.4108,0.0543,ACS 5-year 2023 (B19083)
2023,2019–2023,"Garfield plantation, Aroostook County, Maine",27120,003,23,0.3736,0.1100,ACS 5-year 2023 (B19083)
2023,2019–2023,"Glenwood plantation, Aroostook County, Maine",27855,003,23,-666666666.0000,-222222222.0000,ACS 5-year 2023 (B19083)
2023,2019–2023,"Grand Isle town, Aroostook County, Maine",28590,003,23,0.4785,0.0534,ACS 5-year 2023 (B19083)
2023,2019–2023,"Hamlin town, Aroostook County, Maine",30690,003,23,0.6937,0.0866,ACS 5-year 2023 (B19083)
2023,2019–2023,"Hammond town, Aroostook County, Maine",30725,003,23,0.3014,0.0929,ACS 5-year 2023 (B19083)
2023,2019–2023,"Haynesville town, Aroostook County, Maine",32195,003,23,0.3975,0.0883,ACS 5-year 2023 (B19083)
2023,2019–2023,"Hersey town, Aroostook County, Maine",32685,003,23,0.4341,0.1415,ACS 5-year 2023 (B19083)
2023,2019–2023,"Hodgdon town, Aroostook County, Maine",33385,003,23,0.4572,0.0671,ACS 5-year 2023 (B19083)
2023,2019–2023,"Houlton town, Aroostook County, Maine",33980,003,23,0.4858,0.0500,ACS 5-year 2023 (B19083)
2023,2019–2023,"Island Falls town, Aroostook County, Maine",35065,003,23,0.4524,0.0543,ACS 5-year 2023 (B19083)
2023,2019–2023,"Limestone town, Aroostook County, Maine",39300,003,23,0.5153,0.0653,ACS 5-year 2023 (B19083)
2023,2019–2023,"Linneus town, Aroostook County, Maine",39965,003,23,0.5529,0.1114,ACS 5-year 2023 (B19083)
2023,2019–2023,"Littleton town, Aroostook County, Maine",40595,003,23,0.3924,0.0473,ACS 5-year 2023 (B19083)
2023,2019–2023,"Ludlow town, Aroostook County, Maine",41715,003,23,0.3879,0.0627,ACS 5-year 2023 (B19083)
2023,2019–2023,"Macwahoc plantation, Aroostook County, Maine",42450,003,23,0.3715,0.1896,ACS 5-year 2023 (B19083)
2023,2019–2023,"Madawaska town, Aroostook County, Maine",42520,003,23,0.4437,0.0499,ACS 5-year 2023 (B19083)
2023,2019–2023,"Mapleton town, Aroostook County, Maine",43255,003,23,0.3827,0.0527,ACS 5-year 2023 (B19083)
2023,2019–2023,"Mars Hill town, Aroostook County, Maine",43710,003,23,0.4134,0.0556,ACS 5-year 2023 (B19083)
2023,2019–2023,"Masardis town, Aroostook County, Maine",43990,003,23,0.3844,0.1236,ACS 5-year 2023 (B19083)
2023,2019–2023,"Merrill town, Aroostook County, Maine",45180,003,23,0.2651,0.0639,ACS 5-year 2023 (B19083)
2023,2019–2023,"Monticello town, Aroostook County, Maine",46685,003,23,0.3627,0.0433,ACS 5-year 2023 (B19083)
2023,2019–2023,"Moro plantation, Aroostook County, Maine",47175,003,23,0.2639,0.0745,ACS 5-year 2023 (B19083)
2023,2019–2023,"Nashville plantation, Aroostook County, Maine",48120,003,23,0.2069,0.1625,ACS 5-year 2023 (B19083)
2023,2019–2023,"New Canada town, Aroostook County, Maine",48575,003,23,0.3620,0.0998,ACS 5-year 2023 (B19083)
2023,2019–2023,"New Limerick town, Aroostook County, Maine",48960,003,23,0.4730,0.0716,ACS 5-year 2023 (B19083)
2023,2019–2023,"New Sweden town, Aroostook County, Maine",49415,003,23,0.4343,0.0524,ACS 5-year 2023 (B19083)
2023,2019–2023,"Northwest Aroostook UT, Aroostook County, Maine",53602,003,23,-666666666.0000,-222222222.0000,ACS 5-year 2023 (B19083)
2023,2019–2023,"Oakfield town, Aroostook County, Maine",54385,003,23,0.3459,0.0408,ACS 5-year 2023 (B19083)
2023,2019–2023,"Orient town, Aroostook County, Maine",55435,003,23,0.5611,0.1094,ACS 5-year 2023 (B19083)
2023,2019–2023,"Penobscot Indian Island Reservation, Aroostook County, Maine",57936,003,23,-666666666.0000,-222222222.0000,ACS 5-year 2023 (B19083)
2023,2019–2023,"Perham town, Aroostook County, Maine",58060,003,23,0.5912,0.1750,ACS 5-year 2023 (B19083)
2023,2019–2023,"Portage Lake town, Aroostook County, Maine",60300,003,23,0.4845,0.0559,ACS 5-year 2023 (B19083)
2023,2019–2023,"Presque Isle city, Aroostook County, Maine",60825,003,23,0.3885,0.0206,ACS 5-year 2023 (B19083)
2023,2019–2023,"Reed plantation, Aroostook County, Maine",62400,003,23,0.5308,0.1049,ACS 5-year 2023 (B19083)
2023,2019–2023,"St. Agatha town, Aroostook County, Maine",64780,003,23,0.3908,0.0447,ACS 5-year 2023 (B19083)
2023,2019–2023,"St. Francis town, Aroostook County, Maine",65025,003,23,0.3585,0.0398,ACS 5-year 2023 (B19083)
2023,2019–2023,"St. John plantation, Aroostook County, Maine",65200,003,23,0.3643,0.0526,ACS 5-year 2023 (B19083)
2023,2019–2023,"Sherman town, Aroostook County, Maine",67790,003,23,0.4880,0.0627,ACS 5-year 2023 (B19083)
2023,2019–2023,"Smyrna town, Aroostook County, Maine",69260,003,23,0.4797,0.0659,ACS 5-year 2023 (B19083)
2023,2019–2023,"South Aroostook UT, Aroostook County, Maine",69930,003,23,0.2439,0.0467,ACS 5-year 2023 (B19083)
2023,2019–2023,"Square Lake UT, Aroostook County, Maine",73472,003,23,0.4684,0.0619,ACS 5-year 2023 (B19083)
2023,2019–2023,"Stockholm town, Aroostook County, Maine",74405,003,23,0.4081,0.0515,ACS 5-year 2023 (B19083)
2023,2019–2023,"Van Buren town, Aroostook County, Maine",78570,003,23,0.6078,0.0883,ACS 5-year 2023 (B19083)
2023,2019–2023,"Wade town, Aroostook County, Maine",79270,003,23,0.4402,0.0589,ACS 5-year 2023 (B19083)
2023,2019–2023,"Wallagrass town, Aroostook County, Maine",79865,003,23,0.3523,0.0512,ACS 5-year 2023 (B19083)
2023,2019–2023,"Washburn town, Aroostook County, Maine",80285,003,23,0.4253,0.0347,ACS 5-year 2023 (B19083)
2023,2019–2023,"Westfield town, Aroostook County, Maine",82770,003,23,0.3511,0.0456,ACS 5-year 2023 (B19083)
2023,2019–2023,"Westmanland town, Aroostook County, Maine",83540,003,23,0.3926,0.0653,ACS 5-year 2023 (B19083)
2023,2019–2023,"Weston town, Aroostook County, Maine",83785,003,23,0.3326,0.0526,ACS 5-year 2023 (B19083)
2023,2019–2023,"Winterville plantation, Aroostook County, Maine",86865,003,23,0.4717,0.1332,ACS 5-year 2023 (B19083)
2023,2019–2023,"Woodland town, Aroostook County, Maine",87215,003,23,0.3655,0.0351,ACS 5-year 2023 (B19083)
2023,2019–2023,"Baldwin town, Cumberland County, Maine",02655,005,23,0.3866,0.0393,ACS 5-year 2023 (B19083)
2023,2019–2023,"Bridgton town, Cumberland County, Maine",07170,005,23,0.4027,0.0583,ACS 5-year 2023 (B19083)
2023,2019–2023,"Brunswick town, Cumberland County, Maine",08430,005,23,0.4483,0.0355,ACS 5-year 2023 (B19083)
2023,2019–2023,"Cape Elizabeth town, Cumberland County, Maine",10180,005,23,0.4593,0.0341,ACS 5-year 2023 (B19083)
2023,2019–2023,"Casco town, Cumberland County, Maine",11125,005,23,0.4962,0.0718,ACS 5-year 2023 (B19083)
2023,2019–2023,"Chebeague Island town, Cumberland County, Maine",12300,005,23,0.5585,0.1215,ACS 5-year 2023 (B19083)
2023,2019–2023,"Cumberland town, Cumberland County, Maine",15430,005,23,0.4921,0.0407,ACS 5-year 2023 (B19083)
2023,2019–2023,"Falmouth town, Cumberland County, Maine",24495,005,23,0.5065,0.0268,ACS 5-year 2023 (B19083)
2023,2019–2023,"Freeport town, Cumberland County, Maine",26525,005,23,0.4344,0.0461,ACS 5-year 2023 (B19083)
2023,2019–2023,"Frye Island town, Cumberland County, Maine",27025,005,23,0.5309,0.2983,ACS 5-year 2023 (B19083)
2023,2019–2023,"Gorham town, Cumberland County, Maine",28240,005,23,0.3993,0.0438,ACS 5-year 2023 (B19083)
2023,2019–2023,"Gray town, Cumberland County, Maine",28870,005,23,0.4247,0.0611,ACS 5-year 2023 (B19083)
2023,2019–2023,"Harpswell town, Cumberland County, Maine",31390,005,23,0.4753,0.0520,ACS 5-year 2023 (B19083)
2023,2019–2023,"Harrison town, Cumberland County, Maine",31600,005,23,0.4523,0.0575,ACS 5-year 2023 (B19083)
2023,2019–2023,"Long Island town, Cumberland County, Maine",41067,005,23,0.4540,0.0664,ACS 5-year 2023 (B19083)
2023,2019–2023,"Naples town, Cumberland County, Maine",48085,005,23,0.4295,0.0761,ACS 5-year 2023 (B19083)
2023,2019–2023,"New Gloucester town, Cumberland County, Maine",48820,005,23,0.3507,0.0463,ACS 5-year 2023 (B19083)
2023,2019–2023,"North Yarmouth town, Cumberland County, Maine",53860,005,23,0.4249,0.0565,ACS 5-year 2023 (B19083)
2023,2019–2023,"Portland city, Cumberland County, Maine",60545,005,23,0.4825,0.0202,ACS 5-year 2023 (B19083)
2023,2019–2023,"Pownal town, Cumberland County, Maine",60685,005,23,0.3842,0.0430,ACS 5-year 2023 (B19083)
2023,2019–2023,"Raymond town, Cumberland County, Maine",61945,005,23,0.3857,0.0497,ACS 5-year 2023 (B19083)
2023,2019–2023,"Scarborough town, Cumberland County, Maine",66145,005,23,0.4332,0.0222,ACS 5-year 2023 (B19083)
2023,2019–2023,"Sebago town, Cumberland County, Maine",66775,005,23,0.4676,0.0632,ACS 5-year 2023 (B19083)
2023,2019–2023,"South Portland city, Cumberland County, Maine",71990,005,23,0.4250,0.0255,ACS 5-year 2023 (B19083)
2023,2019–2023,"Standish town, Cumberland County, Maine",73670,005,23,0.3719,0.0420,ACS 5-year 2023 (B19083)
2023,2019–2023,"Westbrook city, Cumberland County, Maine",82105,005,23,0.3789,0.0228,ACS 5-year 2023 (B19083)
2023,2019–2023,"Windham town, Cumberland County, Maine",86025,005,23,0.3766,0.0303,ACS 5-year 2023 (B19083)
2023,2019–2023,"Yarmouth town, Cumberland County, Maine",87845,005,23,0.4870,0.0380,ACS 5-year 2023 (B19083)
2023,2019–2023,"Avon town, Franklin County, Maine",02235,007,23,0.5114,0.1107,ACS 5-year 2023 (B19083)
2023,2019–2023,"Carrabassett Valley town, Franklin County, Maine",10740,007,23,0.5142,0.0554,ACS 5-year 2023 (B19083)
2023,2019–2023,"Carthage town, Franklin County, Maine",10915,007,23,0.3105,0.0631,ACS 5-year 2023 (B19083)
2023,2019–2023,"Chesterville town, Franklin County, Maine",12595,007,23,0.3884,0.0375,ACS 5-year 2023 (B19083)
2023,2019–2023,"Coplin plantation, Franklin County, Maine",14205,007,23,0.5123,0.1304,ACS 5-year 2023 (B19083)
2023,2019–2023,"Dallas plantation, Franklin County, Maine",16165,007,23,0.5210,0.1954,ACS 5-year 2023 (B19083)
2023,2019–2023,"East Central Franklin UT, Franklin County, Maine",19865,007,23,0.4695,0.0702,ACS 5-year 2023 (B19083)
2023,2019–2023,"Eustis town, Franklin County, Maine",24005,007,23,0.4083,0.1113,ACS 5-year 2023 (B19083)
2023,2019–2023,"Farmington town, Franklin County, Maine",24775,007,23,0.4931,0.0795,ACS 5-year 2023 (B19083)
2023,2019–2023,"Industry town, Franklin County, Maine",34820,007,23,0.4027,0.0561,ACS 5-year 2023 (B19083)
2023,2019–2023,"Jay town, Franklin County, Maine",35625,007,23,0.3640,0.0883,ACS 5-year 2023 (B19083)
2023,2019–2023,"Kingfield town, Franklin County, Maine",37025,007,23,0.4875,0.0536,ACS 5-year 2023 (B19083)
2023,2019–2023,"New Sharon town, Franklin County, Maine",49345,007,23,0.3899,0.0552,ACS 5-year 2023 (B19083)
2023,2019–2023,"New Vineyard town, Franklin County, Maine",49520,007,23,0.4261,0.0814,ACS 5-year 2023 (B19083)
2023,2019–2023,"North Franklin UT, Franklin County, Maine",51400,007,23,-666666666.0000,-222222222.0000,ACS 5-year 2023 (B19083)
2023,2019–2023,"Phillips town, Franklin County, Maine",58445,007,23,0.4452,0.0412,ACS 5-year 2023 (B19083)
2023,2019–2023,"Rangeley town, Franklin County, Maine",61840,007,23,0.4275,0.0606,ACS 5-year 2023 (B19083)
2023,2019–2023,"Rangeley plantation, Franklin County, Maine",61875,007,23,0.3386,0.1503,ACS 5-year 2023 (B19083)
2023,2019–2023,"Sandy River plantation, Franklin County, Maine",65655,007,23,0.3867,0.0921,ACS 5-year 2023 (B19083)
2023,2019–2023,"South Franklin UT, Franklin County, Maine",70760,007,23,0.2494,0.1214,ACS 5-year 2023 (B19083)
2023,2019–2023,"Strong town, Franklin County, Maine",74825,007,23,0.4435,0.0468,ACS 5-year 2023 (B19083)
2023,2019–2023,"Temple town, Franklin County, Maine",75980,007,23,0.3393,0.0592,ACS 5-year 2023 (B19083)
2023,2019–2023,"Weld town, Franklin County, Maine",81300,007,23,0.4440,0.0755,ACS 5-year 2023 (B19083)
2023,2019–2023,"West Central Franklin UT, Franklin County, Maine",82235,007,23,-666666666.0000,-222222222.0000,ACS 5-year 2023 (B19083)
2023,2019–2023,"Wilton town, Franklin County, Maine",85850,007,23,0.4236,0.0467,ACS 5-year 2023 (B19083)
2023,2019–2023,"Wyman UT, Franklin County, Maine",87680,007,23,-666666666.0000,-222222222.0000,ACS 5-year 2023 (B19083)
2023,2019–2023,"Amherst town, Hancock County, Maine",01185,009,23,0.4433,0.0659,ACS 5-year 2023 (B19083)
2023,2019–2023,"Aurora town, Hancock County, Maine",02165,009,23,0.3987,0.0947,ACS 5-year 2023 (B19083)
2023,2019–2023,"Bar Harbor town, Hancock County, Maine",02865,009,23,0.4648,0.0519,ACS 5-year 2023 (B19083)
2023,2019–2023,"Blue Hill town, Hancock County, Maine",05700,009,23,0.4990,0.1064,ACS 5-year 2023 (B19083)
2023,2019–2023,"Brooklin town, Hancock County, Maine",07800,009,23,0.3453,0.0422,ACS 5-year 2023 (B19083)
2023,2019–2023,"Brooksville town, Hancock County, Maine",07975,009,23,0.3956,0.0540,ACS 5-year 2023 (B19083)
2023,2019–2023,"Bucksport town, Hancock County, Maine",08815,009,23,0.3824,0.0553,ACS 5-year 2023 (B19083)
2023,2019–2023,"Castine town, Hancock County, Maine",11265,009,23,0.3830,0.0717,ACS 5-year 2023 (B19083)
2023,2019–2023,"Central Hancock UT, Hancock County, Maine",11800,009,23,0.4476,0.0924,ACS 5-year 2023 (B19083)
2023,2019–2023,"Cranberry Isles town, Hancock County, Maine",14905,009,23,0.4094,0.0918,ACS 5-year 2023 (B19083)
2023,2019–2023,"Dedham town, Hancock County, Maine",16935,009,23,0.4894,0.0698,ACS 5-year 2023 (B19083)
2023,2019–2023,"Deer Isle town, Hancock County, Maine",17145,009,23,0.4760,0.0503,ACS 5-year 2023 (B19083)
2023,2019–2023,"Eastbrook town, Hancock County, Maine",19770,009,23,0.4004,0.0574,ACS 5-year 2023 (B19083)
2023,2019–2023,"East Hancock UT, Hancock County, Maine",20405,009,23,0.2876,0.1047,ACS 5-year 2023 (B19083)
2023,2019–2023,"Ellsworth city, Hancock County, Maine",23200,009,23,0.4034,0.0345,ACS 5-year 2023 (B19083)
2023,2019–2023,"Franklin town, Hancock County, Maine",26350,009,23,0.3870,0.0403,ACS 5-year 2023 (B19083)
2023,2019–2023,"Frenchboro town, Hancock County, Maine",26595,009,23,0.2793,0.1455,ACS 5-year 2023 (B19083)
2023,2019–2023,"Gouldsboro town, Hancock County, Maine",28450,009,23,0.3435,0.0447,ACS 5-year 2023 (B19083)
2023,2019–2023,"Great Pond town, Hancock County, Maine",28975,009,23,0.3467,0.1000,ACS 5-year 2023 (B19083)
2023,2019–2023,"Hancock town, Hancock County, Maine",30970,009,23,0.3674,0.0392,ACS 5-year 2023 (B19083)
2023,2019–2023,"Lamoine town, Hancock County, Maine",38180,009,23,0.4457,0.0834,ACS 5-year 2023 (B19083)
2023,2019–2023,"Mariaville town, Hancock County, Maine",43430,009,23,0.3832,0.0400,ACS 5-year 2023 (B19083)
2023,2019–2023,"Marshall Island UT, Hancock County, Maine",43578,009,23,-666666666.0000,-222222222.0000,ACS 5-year 2023 (B19083)
2023,2019–2023,"Mount Desert town, Hancock County, Maine",47630,009,23,0.4475,0.0715,ACS 5-year 2023 (B19083)
2023,2019–2023,"Northwest Hancock UT, Hancock County, Maine",53620,009,23,-666666666.0000,-222222222.0000,ACS 5-year 2023 (B19083)
2023,2019–2023,"Orland town, Hancock County, Maine",55505,009,23,0.4832,0.1020,ACS 5-year 2023 (B19083)
2023,2019–2023,"Osborn town, Hancock County, Maine",55855,009,23,0.3982,0.1353,ACS 5-year 2023 (B19083)
2023,2019–2023,"Otis town, Hancock County, Maine",55890,009,23,0.3630,0.0698,ACS 5-year 2023 (B19083)
2023,2019–2023,"Penobscot town, Hancock County, Maine",57920,009,23,0.4956,0.0878,ACS 5-year 2023 (B19083)
2023,2019–2023,"Sedgwick town, Hancock County, Maine",67300,009,23,0.4905,0.0776,ACS 5-year 2023 (B19083)
2023,2019–2023,"Sorrento town, Hancock County, Maine",69750,009,23,0.4100,0.0731,ACS 5-year 2023 (B19083)
2023,2019–2023,"Southwest Harbor town, Hancock County, Maine",72865,009,23,0.4985,0.0984,ACS 5-year 2023 (B19083)
2023,2019–2023,"Stonington town, Hancock County, Maine",74580,009,23,0.4724,0.0704,ACS 5-year 2023 (B19083)
2023,2019–2023,"Sullivan town, Hancock County, Maine",74965,009,23,0.4068,0.0585,ACS 5-year 2023 (B19083)
2023,2019–2023,"Surry town, Hancock County, Maine",75280,009,23,0.5197,0.0962,ACS 5-year 2023 (B19083)
2023,2019–2023,"Swans Island town, Hancock County, Maine",75455,009,23,0.5178,0.0722,ACS 5-year 2023 (B19083)
2023,2019–2023,"Tremont town, Hancock County, Maine",77345,009,23,0.4020,0.0488,ACS 5-year 2023 (B19083)
2023,2019–2023,"Trenton town, Hancock County, Maine",77415,009,23,0.5112,0.0619,ACS 5-year 2023 (B19083)
2023,2019–2023,"Verona Island town, Hancock County, Maine",78925,009,23,0.3979,0.0755,ACS 5-year 2023 (B19083)
2023,2019–2023,"Waltham town, Hancock County, Maine",80040,009,23,0.4462,0.1056,ACS 5-year 2023 (B19083)
2023,2019–2023,"Winter Harbor town, Hancock County, Maine",86655,009,23,0.3962,0.0446,ACS 5-year 2023 (B19083)
2023,2019–2023,"Albion town, Kennebec County, Maine",00590,011,23,0.4048,0.0677,ACS 5-year 2023 (B19083)
2023,2019–2023,"Augusta city, Kennebec County, Maine",02100,011,23,0.4515,0.0313,ACS 5-year 2023 (B19083)
2023,2019–2023,"Belgrade town, Kennebec County, Maine",04020,011,23,0.4711,0.0570,ACS 5-year 2023 (B19083)
2023,2019–2023,"Benton town, Kennebec County, Maine",04475,011,23,0.4409,0.0610,ACS 5-year 2023 (B19083)
2023,2019–2023,"Chelsea town, Kennebec County, Maine",12350,011,23,0.3893,0.0386,ACS 5-year 2023 (B19083)
2023,2019–2023,"China town, Kennebec County, Maine",12735,011,23,0.3934,0.0788,ACS 5-year 2023 (B19083)
2023,2019–2023,"Clinton town, Kennebec County, Maine",13470,011,23,0.3662,0.0410,ACS 5-year 2023 (B19083)
2023,2019–2023,"Farmingdale town, Kennebec County, Maine",24670,011,23,0.4573,0.0563,ACS 5-year 2023 (B19083)
2023,2019–2023,"Fayette town, Kennebec County, Maine",24950,011,23,0.4491,0.0619,ACS 5-year 2023 (B19083)
2023,2019–2023,"Gardiner city, Kennebec County, Maine",27085,011,23,0.4202,0.0334,ACS 5-year 2023 (B19083)
2023,2019–2023,"Hallowell city, Kennebec County, Maine",30550,011,23,0.4851,0.0482,ACS 5-year 2023 (B19083)
2023,2019–2023,"Litchfield town, Kennebec County, Maine",40175,011,23,0.3502,0.0457,ACS 5-year 2023 (B19083)
2023,2019–2023,"Manchester town, Kennebec County, Maine",43080,011,23,0.4092,0.0782,ACS 5-year 2023 (B19083)
2023,2019–2023,"Monmouth town, Kennebec County, Maine",46405,011,23,0.4034,0.0617,ACS 5-year 2023 (B19083)
2023,2019–2023,"Mount Vernon town, Kennebec County, Maine",47770,011,23,0.4498,0.0507,ACS 5-year 2023 (B19083)
2023,2019–2023,"Oakland town, Kennebec County, Maine",54560,011,23,0.4352,0.0557,ACS 5-year 2023 (B19083)
2023,2019–2023,"Pittston town, Kennebec County, Maine",59110,011,23,0.4433,0.1132,ACS 5-year 2023 (B19083)
2023,2019–2023,"Randolph town, Kennebec County, Maine",61700,011,23,0.4193,0.0457,ACS 5-year 2023 (B19083)
2023,2019–2023,"Readfield town, Kennebec County, Maine",62190,011,23,0.3574,0.0461,ACS 5-year 2023 (B19083)
2023,2019–2023,"Rome town, Kennebec County, Maine",63835,011,23,0.4606,0.0513,ACS 5-year 2023 (B19083)
2023,2019–2023,"Sidney town, Kennebec County, Maine",68385,011,23,0.3867,0.0503,ACS 5-year 2023 (B19083)
2023,2019–2023,"Unity UT, Kennebec County, Maine",78190,011,23,0.5464,0.1365,ACS 5-year 2023 (B19083)
2023,2019–2023,"Vassalboro town, Kennebec County, Maine",78745,011,23,0.3521,0.0405,ACS 5-year 2023 (B19083)
2023,2019–2023,"Vienna town, Kennebec County, Maine",79025,011,23,0.4942,0.1320,ACS 5-year 2023 (B19083)
2023,2019–2023,"Waterville city, Kennebec County, Maine",80740,011,23,0.4990,0.0345,ACS 5-year 2023 (B19083)
2023,2019–2023,"Wayne town, Kennebec County, Maine",80880,011,23,0.4203,0.0579,ACS 5-year 2023 (B19083)
2023,2019–2023,"West Gardiner town, Kennebec County, Maine",82945,011,23,0.3688,0.0602,ACS 5-year 2023 (B19083)
2023,2019–2023,"Windsor town, Kennebec County, Maine",86165,011,23,0.3367,0.0347,ACS 5-year 2023 (B19083)
2023,2019–2023,"Winslow town, Kennebec County, Maine",86515,011,23,0.4563,0.0622,ACS 5-year 2023 (B19083)
2023,2019–2023,"Winthrop town, Kennebec County, Maine",86970,011,23,0.3660,0.0434,ACS 5-year 2023 (B19083)
2023,2019–2023,"Appleton town, Knox County, Maine",01465,013,23,0.4384,0.0644,ACS 5-year 2023 (B19083)
2023,2019–2023,"Camden town, Knox County, Maine",09725,013,23,0.4324,0.0445,ACS 5-year 2023 (B19083)
2023,2019–2023,"Criehaven UT, Knox County, Maine",15125,013,23,-666666666.0000,-222222222.0000,ACS 5-year 2023 (B19083)
2023,2019–2023,"Cushing town, Knox County, Maine",15780,013,23,0.4832,0.0515,ACS 5-year 2023 (B19083)
2023,2019–2023,"Friendship town, Knox County, Maine",26805,013,23,0.4954,0.0634,ACS 5-year 2023 (B19083)
2023,2019–2023,"Hope town, Knox County, Maine",33840,013,23,0.4257,0.0701,ACS 5-year 2023 (B19083)
2023,2019–2023,"Isle au Haut town, Knox County, Maine",35135,013,23,0.7102,0.1400,ACS 5-year 2023 (B19083)
2023,2019–2023,"Matinicus Isle plantation, Knox County, Maine",44165,013,23,0.3949,0.0630,ACS 5-year 2023 (B19083)
2023,2019–2023,"Muscle Ridge Islands UT, Knox County, Maine",47962,013,23,-666666666.0000,-222222222.0000,ACS 5-year 2023 (B19083)
2023,2019–2023,"North Haven town, Knox County, Maine",51620,013,23,0.4603,0.1097,ACS 5-year 2023 (B19083)
2023,2019–2023,"Owls Head town, Knox County, Maine",56135,013,23,0.4606,0.0703,ACS 5-year 2023 (B19083)
2023,2019–2023,"Rockland city, Knox County, Maine",63590,013,23,0.4271,0.0317,ACS 5-year 2023 (B19083)
2023,2019–2023,"Rockport town, Knox County, Maine",63660,013,23,0.4428,0.0508,ACS 5-year 2023 (B19083)
2023,2019–2023,"St. George town, Knox County, Maine",65130,013,23,0.5023,0.0644,ACS 5-year 2023 (B19083)
2023,2019–2023,"South Thomaston town, Knox County, Maine",72585,013,23,0.4052,0.0492,ACS 5-year 2023 (B19083)
2023,2019–2023,"Thomaston town, Knox County, Maine",76365,013,23,0.3589,0.0427,ACS 5-year 2023 (B19083)
2023,2019–2023,"Union town, Knox County, Maine",78115,013,23,0.3936,0.0564,ACS 5-year 2023 (B19083)
2023,2019–2023,"Vinalhaven town, Knox County, Maine",79130,013,23,0.5188,0.0611,ACS 5-year 2023 (B19083)
2023,2019–2023,"Warren town, Knox County, Maine",80215,013,23,0.3685,0.0530,ACS 5-year 2023 (B19083)
2023,2019–2023,"Washington town, Knox County, Maine",80425,013,23,0.4602,0.0859,ACS 5-year 2023 (B19083)
2023,2019–2023,"Alna town, Lincoln County, Maine",01010,015,23,0.3671,0.0492,ACS 5-year 2023 (B19083)
2023,2019–2023,"Boothbay town, Lincoln County, Maine",06050,015,23,0.5622,0.0877,ACS 5-year 2023 (B19083)
2023,2019–2023,"Boothbay Harbor town, Lincoln County, Maine",06120,015,23,0.5339,0.0763,ACS 5-year 2023 (B19083)
2023,2019–2023,"Bremen town, Lincoln County, Maine",06855,015,23,0.4891,0.0884,ACS 5-year 2023 (B19083)
2023,2019–2023,"Bristol town, Lincoln County, Maine",07485,015,23,0.4784,0.0763,ACS 5-year 2023 (B19083)
2023,2019–2023,"Damariscotta town, Lincoln County, Maine",16235,015,23,0.4807,0.0500,ACS 5-year 2023 (B19083)
2023,2019–2023,"Dresden town, Lincoln County, Maine",18475,015,23,0.4056,0.0718,ACS 5-year 2023 (B19083)
2023,2019–2023,"Edgecomb town, Lincoln County, Maine",22675,015,23,0.4289,0.0567,ACS 5-year 2023 (B19083)
2023,2019–2023,"Hibberts gore, Lincoln County, Maine",32715,015,23,-666666666.0000,-222222222.0000,ACS 5-year 2023 (B19083)
2023,2019–2023,"Jefferson town, Lincoln County, Maine",35695,015,23,0.3534,0.0670,ACS 5-year 2023 (B19083)
2023,2019–2023,"Louds Island UT, Lincoln County, Maine",41280,015,23,-666666666.0000,-222222222.0000,ACS 5-year 2023 (B19083)
2023,2019–2023,"Monhegan plantation, Lincoln County, Maine",46335,015,23,0.4253,0.2158,ACS 5-year 2023 (B19083)
2023,2019–2023,"Newcastle town, Lincoln County, Maine",48645,015,23,0.4514,0.0931,ACS 5-year 2023 (B19083)
2023,2019–2023,"Nobleboro town, Lincoln County, Maine",49660,015,23,0.3921,0.0417,ACS 5-year 2023 (B19083)
2023,2019–2023,"Somerville town, Lincoln County, Maine",69645,015,23,0.3515,0.0432,ACS 5-year 2023 (B19083)
2023,2019–2023,"South Bristol town, Lincoln County, Maine",70240,015,23,0.4334,0.0606,ACS 5-year 2023 (B19083)
2023,2019–2023,"Southport town, Lincoln County, Maine",71955,015,23,0.4450,0.0493,ACS 5-year 2023 (B19083)
2023,2019–2023,"Waldoboro town, Lincoln County, Maine",79550,015,23,0.4563,0.0515,ACS 5-year 2023 (B19083)
2023,2019–2023,"Westport Island town, Lincoln County, Maine",84140,015,23,0.3859,0.0508,ACS 5-year 2023 (B19083)
2023,2019–2023,"Whitefield town, Lincoln County, Maine",85010,015,23,0.3761,0.0626,ACS 5-year 2023 (B19083)
2023,2019–2023,"Wiscasset town, Lincoln County, Maine",87075,015,23,0.3408,0.0434,ACS 5-year 2023 (B19083)
2023,2019–2023,"Andover town, Oxford County, Maine",01325,017,23,0.4645,0.0546,ACS 5-year 2023 (B19083)
2023,2019–2023,"Bethel town, Oxford County, Maine",04825,017,23,0.5009,0.0591,ACS 5-year 2023 (B19083)
2023,2019–2023,"Brownfield town, Oxford County, Maine",08150,017,23,0.4516,0.0697,ACS 5-year 2023 (B19083)
2023,2019–2023,"Buckfield town, Oxford County, Maine",08710,017,23,0.3828,0.0494,ACS 5-year 2023 (B19083)
2023,2019–2023,"Byron town, Oxford County, Maine",09550,017,23,0.3687,0.2468,ACS 5-year 2023 (B19083)
2023,2019–2023,"Canton town, Oxford County, Maine",10005,017,23,0.3798,0.0604,ACS 5-year 2023 (B19083)
2023,2019–2023,"Denmark town, Oxford County, Maine",17250,017,23,0.4320,0.0487,ACS 5-year 2023 (B19083)
2023,2019–2023,"Dixfield town, Oxford County, Maine",17740,017,23,0.4164,0.0494,ACS 5-year 2023 (B19083)
2023,2019–2023,"Fryeburg town, Oxford County, Maine",26910,017,23,0.4247,0.0446,ACS 5-year 2023 (B19083)
2023,2019–2023,"Gilead town, Oxford County, Maine",27505,017,23,0.3892,0.0471,ACS 5-year 2023 (B19083)
2023,2019–2023,"Greenwood town, Oxford County, Maine",29710,017,23,0.4443,0.0595,ACS 5-year 2023 (B19083)
2023,2019–2023,"Hanover town, Oxford County, Maine",31110,017,23,0.7160,0.0804,ACS 5-year 2023 (B19083)
2023,2019–2023,"Hartford town, Oxford County, Maine",31670,017,23,0.3956,0.0488,ACS 5-year 2023 (B19083)
2023,2019–2023,"Hebron town, Oxford County, Maine",32370,017,23,0.3384,0.0532,ACS 5-year 2023 (B19083)
2023,2019–2023,"Hiram town, Oxford County, Maine",33315,017,23,0.3856,0.0393,ACS 5-year 2023 (B19083)
2023,2019–2023,"Lincoln plantation, Oxford County, Maine",39422,017,23,0.4079,0.1100,ACS 5-year 2023 (B19083)
2023,2019–2023,"Lovell town, Oxford County, Maine",41365,017,23,0.5607,0.0782,ACS 5-year 2023 (B19083)
2023,2019–2023,"Mexico town, Oxford County, Maine",45285,017,23,0.3885,0.0497,ACS 5-year 2023 (B19083)
2023,2019–2023,"Milton UT, Oxford County, Maine",46105,017,23,0.5215,0.2006,ACS 5-year 2023 (B19083)
2023,2019–2023,"Newry town, Oxford County, Maine",49275,017,23,0.4413,0.0902,ACS 5-year 2023 (B19083)
2023,2019–2023,"North Oxford UT, Oxford County, Maine",52575,017,23,0.4108,0.0842,ACS 5-year 2023 (B19083)
2023,2019–2023,"Norway town, Oxford County, Maine",54000,017,23,0.4342,0.0472,ACS 5-year 2023 (B19083)
2023,2019–2023,"Otisfield town, Oxford County, Maine",55960,017,23,0.3915,0.0411,ACS 5-year 2023 (B19083)
2023,2019–2023,"Oxford town, Oxford County, Maine",56310,017,23,0.3882,0.0433,ACS 5-year 2023 (B19083)
2023,2019–2023,"Paris town, Oxford County, Maine",56625,017,23,0.3864,0.0591,ACS 5-year 2023 (B19083)
2023,2019–2023,"Peru town, Oxford County, Maine",58270,017,23,0.3957,0.0426,ACS 5-year 2023 (B19083)
2023,2019–2023,"Porter town, Oxford County, Maine",60405,017,23,0.4139,0.0517,ACS 5-year 2023 (B19083)
2023,2019–2023,"Roxbury town, Oxford County, Maine",64185,017,23,0.4026,0.0656,ACS 5-year 2023 (B19083)
2023,2019–2023,"Rumford town, Oxford County, Maine",64290,017,23,0.4994,0.0617,ACS 5-year 2023 (B19083)
2023,2019–2023,"South Oxford UT, Oxford County, Maine",71755,017,23,0.4108,0.0429,ACS 5-year 2023 (B19083)
2023,2019–2023,"Stoneham town, Oxford County, Maine",74510,017,23,0.4743,0.0511,ACS 5-year 2023 (B19083)
2023,2019–2023,"Stow town, Oxford County, Maine",74685,017,23,0.4254,0.0874,ACS 5-year 2023 (B19083)
2023,2019–2023,"Sumner town, Oxford County, Maine",75035,017,23,0.3719,0.0323,ACS 5-year 2023 (B19083)
2023,2019–2023,"Sweden town, Oxford County, Maine",75595,017,23,0.3985,0.0586,ACS 5-year 2023 (B19083)
2023,2019–2023,"Upton town, Oxford County, Maine",78465,017,23,0.5250,0.0933,ACS 5-year 2023 (B19083)
2023,2019–2023,"Waterford town, Oxford County, Maine",80635,017,23,0.5948,0.1292,ACS 5-year 2023 (B19083)
2023,2019–2023,"West Paris town, Oxford County, Maine",83890,017,23,0.3924,0.0515,ACS 5-year 2023 (B19083)
2023,2019–2023,"Woodstock town, Oxford County, Maine",87355,017,23,0.4255,0.0523,ACS 5-year 2023 (B19083)
2023,2019–2023,"Alton town, Penobscot County, Maine",01115,019,23,0.4579,0.0437,ACS 5-year 2023 (B19083)
2023,2019–2023,"Argyle UT, Penobscot County, Maine",01500,019,23,0.2981,0.0605,ACS 5-year 2023 (B19083)
2023,2019–2023,"Bangor city, Penobscot County, Maine",02795,019,23,0.4889,0.0298,ACS 5-year 2023 (B19083)
2023,2019–2023,"Bradford town, Penobscot County, Maine",06575,019,23,0.3961,0.0517,ACS 5-year 2023 (B19083)
2023,2019–2023,"Bradley town, Penobscot County, Maine",06680,019,23,0.3898,0.0565,ACS 5-year 2023 (B19083)
2023,2019–2023,"Brewer city, Penobscot County, Maine",06925,019,23,0.4885,0.0418,ACS 5-year 2023 (B19083)
2023,2019–2023,"Burlington town, Penobscot County, Maine",09200,019,23,0.3870,0.0873,ACS 5-year 2023 (B19083)
2023,2019–2023,"Carmel town, Penobscot County, Maine",10670,019,23,0.3689,0.0507,ACS 5-year 2023 (B19083)
2023,2019–2023,"Carroll plantation, Penobscot County, Maine",10810,019,23,0.4157,0.1215,ACS 5-year 2023 (B19083)
2023,2019–2023,"Charleston town, Penobscot County, Maine",12105,019,23,0.3334,0.0510,ACS 5-year 2023 (B19083)
2023,2019–2023,"Chester town, Penobscot County, Maine",12525,019,23,0.3796,0.0360,ACS 5-year 2023 (B19083)
2023,2019–2023,"Clifton town, Penobscot County, Maine",13365,019,23,0.4017,0.0458,ACS 5-year 2023 (B19083)
2023,2019–2023,"Corinna town, Penobscot County, Maine",14310,019,23,0.3930,0.0472,ACS 5-year 2023 (B19083)
2023,2019–2023,"Corinth town, Penobscot County, Maine",14380,019,23,0.4051,0.0389,ACS 5-year 2023 (B19083)
2023,2019–2023,"Dexter town, Penobscot County, Maine",17530,019,23,0.4866,0.1188,ACS 5-year 2023 (B19083)
2023,2019–2023,"Dixmont town, Penobscot County, Maine",17950,019,23,0.4131,0.0764,ACS 5-year 2023 (B19083)
2023,2019–2023,"Drew plantation, Penobscot County, Maine",18580,019,23,0.2774,0.2028,ACS 5-year 2023 (B19083)
2023,2019–2023,"East Central Penobscot UT, Penobscot County, Maine",19868,019,23,0.4198,0.0683,ACS 5-year 2023 (B19083)
2023,2019–2023,"East Millinocket town, Penobscot County, Maine",21030,019,23,0.4772,0.0699,ACS 5-year 2023 (B19083)
2023,2019–2023,"Eddington town, Penobscot County, Maine",22535,019,23,0.4109,0.0573,ACS 5-year 2023 (B19083)
2023,2019–2023,"Edinburg town, Penobscot County, Maine",22710,019,23,0.2592,0.0712,ACS 5-year 2023 (B19083)
2023,2019–2023,"Enfield town, Penobscot County, Maine",23620,019,23,0.3729,0.0458,ACS 5-year 2023 (B19083)
2023,2019–2023,"Etna town, Penobscot County, Maine",23865,019,23,0.3561,0.0633,ACS 5-year 2023 (B19083)
2023,2019–2023,"Exeter town, Penobscot County, Maine",24110,019,23,0.3352,0.0506,ACS 5-year 2023 (B19083)
2023,2019–2023,"Garland town, Penobscot County, Maine",27190,019,23,0.4232,0.0478,ACS 5-year 2023 (B19083)
2023,2019–2023,"Glenburn town, Penobscot County, Maine",27645,019,23,0.3695,0.0534,ACS 5-year 2023 (B19083)
2023,2019–2023,"Greenbush town, Penobscot County, Maine",29185,019,23,0.3615,0.0416,ACS 5-year 2023 (B19083)
2023,2019–2023,"Hampden town, Penobscot County, Maine",30795,019,23,0.4352,0.0444,ACS 5-year 2023 (B19083)
2023,2019–2023,"Hermon town, Penobscot County, Maine",32510,019,23,0.3620,0.0475,ACS 5-year 2023 (B19083)
2023,2019–2023,"Holden town, Penobscot County, Maine",33490,019,23,0.4781,0.1106,ACS 5-year 2023 (B19083)
2023,2019–2023,"Howland town, Penobscot County, Maine",34190,019,23,0.3919,0.0553,ACS 5-year 2023 (B19083)
2023,2019–2023,"Hudson town, Penobscot County, Maine",34365,019,23,0.4175,0.0353,ACS 5-year 2023 (B19083)
2023,2019–2023,"Kenduskeag town, Penobscot County, Maine",36325,019,23,0.3556,0.0411,ACS 5-year 2023 (B19083)
2023,2019–2023,"Kingman UT, Penobscot County, Maine",37075,019,23,0.3805,0.0811,ACS 5-year 2023 (B19083)
2023,2019–2023,"Lagrange town, Penobscot County, Maine",37760,019,23,0.4114,0.0362,ACS 5-year 2023 (B19083)
2023,2019–2023,"Lakeville town, Penobscot County, Maine",38005,019,23,0.5121,0.0692,ACS 5-year 2023 (B19083)
2023,2019–2023,"Lee town, Penobscot County, Maine",38530,019,23,0.4190,0.0624,ACS 5-year 2023 (B19083)
2023,2019–2023,"Levant town, Penobscot County, Maine",38705,019,23,0.3406,0.0521,ACS 5-year 2023 (B19083)
2023,2019–2023,"Lincoln town, Penobscot County, Maine",39475,019,23,0.4376,0.0727,ACS 5-year 2023 (B19083)
2023,2019–2023,"Lowell town, Penobscot County, Maine",41435,019,23,0.4520,0.0608,ACS 5-year 2023 (B19083)
2023,2019–2023,"Mattawamkeag town, Penobscot County, Maine",44270,019,23,0.4049,0.0373,ACS 5-year 2023 (B19083)
2023,2019–2023,"Maxfield town, Penobscot County, Maine",44340,019,23,0.3451,0.1105,ACS 5-year 2023 (B19083)
2023,2019–2023,"Medway town, Penobscot County, Maine",45005,019,23,0.3910,0.0420,ACS 5-year 2023 (B19083)
2023,2019–2023,"Milford town, Penobscot County, Maine",45670,019,23,0.3893,0.0493,ACS 5-year 2023 (B19083)
2023,2019–2023,"Millinocket town, Penobscot County, Maine",45810,019,23,0.4450,0.0673,ACS 5-year 2023 (B19083)
2023,2019–2023,"Mount Chase town, Penobscot County, Maine",47560,019,23,0.5037,0.0759,ACS 5-year 2023 (B19083)
2023,2019–2023,"Newburgh town, Penobscot County, Maine",48505,019,23,0.4136,0.0550,ACS 5-year 2023 (B19083)
2023,2019–2023,"Newport town, Penobscot County, Maine",49065,019,23,0.4234,0.0354,ACS 5-year 2023 (B19083)
2023,2019–2023,"North Penobscot UT, Penobscot County, Maine",52710,019,23,0.4208,0.0690,ACS 5-year 2023 (B19083)
2023,2019–2023,"Old Town city, Penobscot County, Maine",55225,019,23,0.4521,0.0268,ACS 5-year 2023 (B19083)
2023,2019–2023,"Orono town, Penobscot County, Maine",55565,019,23,0.4549,0.0287,ACS 5-year 2023 (B19083)
2023,2019–2023,"Orrington town, Penobscot County, Maine",55680,019,23,0.4320,0.0546,ACS 5-year 2023 (B19083)
2023,2019–2023,"Passadumkeag town, Penobscot County, Maine",57045,019,23,0.5125,0.1452,ACS 5-year 2023 (B19083)
2023,2019–2023,"Patten town, Penobscot County, Maine",57150,019,23,0.4327,0.0611,ACS 5-year 2023 (B19083)
2023,2019–2023,"Penobscot Indian Island Reservation, Penobscot County, Maine",57936,019,23,0.4335,0.0548,ACS 5-year 2023 (B19083)
2023,2019–2023,"Plymouth town, Penobscot County, Maine",59950,019,23,0.4083,0.0346,ACS 5-year 2023 (B19083)
2023,2019–2023,"Prentiss UT, Penobscot County, Maine",60790,019,23,0.3951,0.1739,ACS 5-year 2023 (B19083)
2023,2019–2023,"Seboeis plantation, Penobscot County, Maine",67160,019,23,0.3268,0.1540,ACS 5-year 2023 (B19083)
2023,2019–2023,"Springfield town, Penobscot County, Maine",73250,019,23,0.4060,0.0895,ACS 5-year 2023 (B19083)
2023,2019–2023,"Stacyville town, Penobscot County, Maine",73600,019,23,0.3637,0.0532,ACS 5-year 2023 (B19083)
2023,2019–2023,"Stetson town, Penobscot County, Maine",74055,019,23,0.3749,0.0498,ACS 5-year 2023 (B19083)
2023,2019–2023,"Twombly Ridge UT, Penobscot County, Maine",78015,019,23,-666666666.0000,-222222222.0000,ACS 5-year 2023 (B19083)
2023,2019–2023,"Veazie town, Penobscot County, Maine",78780,019,23,0.4193,0.0397,ACS 5-year 2023 (B19083)
2023,2019–2023,"Webster plantation, Penobscot County, Maine",81055,019,23,0.4670,0.1480,ACS 5-year 2023 (B19083)
2023,2019–2023,"Whitney UT, Penobscot County, Maine",85230,019,23,-666666666.0000,-222222222.0000,ACS 5-year 2023 (B19083)
2023,2019–2023,"Winn town, Penobscot County, Maine",86305,019,23,0.4302,0.1040,ACS 5-year 2023 (B19083)
2023,2019–2023,"Woodville town, Penobscot County, Maine",87390,019,23,0.3265,0.0921,ACS 5-year 2023 (B19083)
2023,2019–2023,"Abbot town, Piscataquis County, Maine",00100,021,23,0.4326,0.0806,ACS 5-year 2023 (B19083)
2023,2019–2023,"Beaver Cove town, Piscataquis County, Maine",03740,021,23,0.4860,0.1680,ACS 5-year 2023 (B19083)
2023,2019–2023,"Blanchard UT, Piscataquis County, Maine",05560,021,23,0.3863,0.1161,ACS 5-year 2023 (B19083)
2023,2019–2023,"Bowerbank town, Piscataquis County, Maine",06400,021,23,0.3652,0.0627,ACS 5-year 2023 (B19083)
2023,2019–2023,"Brownville town, Piscataquis County, Maine",08325,021,23,0.4339,0.0441,ACS 5-year 2023 (B19083)
2023,2019–2023,"Dover-Foxcroft town, Piscataquis County, Maine",18195,021,23,0.5012,0.0934,ACS 5-year 2023 (B19083)
2023,2019–2023,"Greenville town, Piscataquis County, Maine",29535,021,23,0.4470,0.0664,ACS 5-year 2023 (B19083)
2023,2019–2023,"Guilford town, Piscataquis County, Maine",30095,021,23,0.4257,0.0673,ACS 5-year 2023 (B19083)
2023,2019–2023,"Kingsbury plantation, Piscataquis County, Maine",37095,021,23,0.2757,0.2964,ACS 5-year 2023 (B19083)
2023,2019–2023,"Lake View plantation, Piscataquis County, Maine",37970,021,23,0.3456,0.1120,ACS 5-year 2023 (B19083)
2023,2019–2023,"Medford town, Piscataquis County, Maine",44830,021,23,0.5181,0.2964,ACS 5-year 2023 (B19083)
2023,2019–2023,"Milo town, Piscataquis County, Maine",46020,021,23,0.3752,0.0365,ACS 5-year 2023 (B19083)
2023,2019–2023,"Monson town, Piscataquis County, Maine",46580,021,23,0.4095,0.0473,ACS 5-year 2023 (B19083)
2023,2019–2023,"Northeast Piscataquis UT, Piscataquis County, Maine",51105,021,23,0.3439,0.0515,ACS 5-year 2023 (B19083)
2023,2019–2023,"Northwest Piscataquis UT, Piscataquis County, Maine",53628,021,23,0.3983,0.1838,ACS 5-year 2023 (B19083)
2023,2019–2023,"Parkman town, Piscataquis County, Maine",56765,021,23,0.4627,0.0915,ACS 5-year 2023 (B19083)
2023,2019–2023,"Sangerville town, Piscataquis County, Maine",65865,021,23,0.4292,0.0456,ACS 5-year 2023 (B19083)
2023,2019–2023,"Sebec town, Piscataquis County, Maine",66950,021,23,0.4407,0.1017,ACS 5-year 2023 (B19083)
2023,2019–2023,"Shirley town, Piscataquis County, Maine",68140,021,23,0.4140,0.0678,ACS 5-year 2023 (B19083)
2023,2019–2023,"Southeast Piscataquis UT, Piscataquis County, Maine",70655,021,23,0.4051,0.0644,ACS 5-year 2023 (B19083)
2023,2019–2023,"Wellington town, Piscataquis County, Maine",81405,021,23,0.3676,0.0502,ACS 5-year 2023 (B19083)
2023,2019–2023,"Willimantic town, Piscataquis County, Maine",85710,021,23,0.4640,0.0703,ACS 5-year 2023 (B19083)
2023,2019–2023,"Arrowsic town, Sagadahoc County, Maine",01570,023,23,0.5069,0.1166,ACS 5-year 2023 (B19083)
2023,2019–2023,"Bath city, Sagadahoc County, Maine",03355,023,23,0.4629,0.0618,ACS 5-year 2023 (B19083)
2023,2019–2023,"Bowdoin town, Sagadahoc County, Maine",06260,023,23,0.4040,0.0654,ACS 5-year 2023 (B19083)
2023,2019–2023,"Bowdoinham town, Sagadahoc County, Maine",06365,023,23,0.3466,0.0722,ACS 5-year 2023 (B19083)
2023,2019–2023,"Georgetown town, Sagadahoc County, Maine",27295,023,23,0.4262,0.0714,ACS 5-year 2023 (B19083)
2023,2019–2023,"Perkins UT, Sagadahoc County, Maine",58070,023,23,-666666666.0000,-222222222.0000,ACS 5-year 2023 (B19083)
2023,2019–2023,"Phippsburg town, Sagadahoc County, Maine",58515,023,23,0.3603,0.0515,ACS 5-year 2023 (B19083)
2023,2019–2023,"Richmond town, Sagadahoc County, Maine",62645,023,23,0.4120,0.0431,ACS 5-year 2023 (B19083)
2023,2019–2023,"Topsham town, Sagadahoc County, Maine",76960,023,23,0.4565,0.0440,ACS 5-year 2023 (B19083)
2023,2019–2023,"West Bath town, Sagadahoc County, Maine",81930,023,23,0.3575,0.0587,ACS 5-year 2023 (B19083)
2023,2019–2023,"Woolwich town, Sagadahoc County, Maine",87460,023,23,0.4436,0.0825,ACS 5-year 2023 (B19083)
2023,2019–2023,"Anson town, Somerset County, Maine",01395,025,23,0.4098,0.0491,ACS 5-year 2023 (B19083)
2023,2019–2023,"Athens town, Somerset County, Maine",01885,025,23,0.4472,0.0527,ACS 5-year 2023 (B19083)
2023,2019–2023,"Bingham town, Somerset County, Maine",05000,025,23,0.3921,0.0607,ACS 5-year 2023 (B19083)
2023,2019–2023,"Brighton plantation, Somerset County, Maine",07380,025,23,0.2581,0.1281,ACS 5-year 2023 (B19083)
2023,2019–2023,"Cambridge town, Somerset County, Maine",09655,025,23,0.3644,0.0873,ACS 5-year 2023 (B19083)
2023,2019–2023,"Canaan town, Somerset County, Maine",09935,025,23,0.3928,0.0390,ACS 5-year 2023 (B19083)
2023,2019–2023,"Caratunk town, Somerset County, Maine",10495,025,23,0.3053,0.2055,ACS 5-year 2023 (B19083)
2023,2019–2023,"Central Somerset UT, Somerset County, Maine",11820,025,23,0.3480,0.1337,ACS 5-year 2023 (B19083)
2023,2019–2023,"Cornville town, Somerset County, Maine",14555,025,23,0.3979,0.0693,ACS 5-year 2023 (B19083)
2023,2019–2023,"Dennistown plantation, Somerset County, Maine",17285,025,23,0.1738,0.0936,ACS 5-year 2023 (B19083)
2023,2019–2023,"Detroit town, Somerset County, Maine",17460,025,23,0.3815,0.0515,ACS 5-year 2023 (B19083)
2023,2019–2023,"Embden town, Somerset County, Maine",23410,025,23,0.4629,0.0947,ACS 5-year 2023 (B19083)
2023,2019–2023,"Fairfield town, Somerset County, Maine",24320,025,23,0.3702,0.0359,ACS 5-year 2023 (B19083)
2023,2019–2023,"Harmony town, Somerset County, Maine",31355,025,23,0.4263,0.0578,ACS 5-year 2023 (B19083)
2023,2019–2023,"Hartland town, Somerset County, Maine",31740,025,23,0.5101,0.0547,ACS 5-year 2023 (B19083)
2023,2019–2023,"Highland plantation, Somerset County, Maine",32895,025,23,0.3422,0.2515,ACS 5-year 2023 (B19083)
2023,2019–2023,"Jackman town, Somerset County, Maine",35345,025,23,0.4357,0.0816,ACS 5-year 2023 (B19083)
2023,2019–2023,"Madison town, Somerset County, Maine",42660,025,23,0.4125,0.0626,ACS 5-year 2023 (B19083)
2023,2019–2023,"Mercer town, Somerset County, Maine",45110,025,23,0.3838,0.0620,ACS 5-year 2023 (B19083)
2023,2019–2023,"Moose River town, Somerset County, Maine",47140,025,23,0.3257,0.0585,ACS 5-year 2023 (B19083)
2023,2019–2023,"Moscow town, Somerset County, Maine",47455,025,23,0.4521,0.0440,ACS 5-year 2023 (B19083)
2023,2019–2023,"New Portland town, Somerset County, Maine",49205,025,23,0.3892,0.0559,ACS 5-year 2023 (B19083)
2023,2019–2023,"Norridgewock town, Somerset County, Maine",49835,025,23,0.6422,0.1521,ACS 5-year 2023 (B19083)
2023,2019–2023,"Northeast Somerset UT, Somerset County, Maine",51114,025,23,0.3965,0.0803,ACS 5-year 2023 (B19083)
2023,2019–2023,"Northwest Somerset UT, Somerset County, Maine",53636,025,23,-666666666.0000,-222222222.0000,ACS 5-year 2023 (B19083)
2023,2019–2023,"Palmyra town, Somerset County, Maine",56520,025,23,0.3901,0.0404,ACS 5-year 2023 (B19083)
2023,2019–2023,"Pittsfield town, Somerset County, Maine",59005,025,23,0.4119,0.0489,ACS 5-year 2023 (B19083)
2023,2019–2023,"Pleasant Ridge plantation, Somerset County, Maine",59705,025,23,0.3749,0.1093,ACS 5-year 2023 (B19083)
2023,2019–2023,"Ripley town, Somerset County, Maine",62995,025,23,0.4209,0.0842,ACS 5-year 2023 (B19083)
2023,2019–2023,"St. Albans town, Somerset County, Maine",64850,025,23,0.4804,0.0447,ACS 5-year 2023 (B19083)
2023,2019–2023,"Seboomook Lake UT, Somerset County, Maine",67238,025,23,-666666666.0000,-222222222.0000,ACS 5-year 2023 (B19083)
2023,2019–2023,"Skowhegan town, Somerset County, Maine",68910,025,23,0.4187,0.0258,ACS 5-year 2023 (B19083)
2023,2019–2023,"Smithfield town, Somerset County, Maine",69155,025,23,0.3690,0.0543,ACS 5-year 2023 (B19083)
2023,2019–2023,"Solon town, Somerset County, Maine",69505,025,23,0.3576,0.0459,ACS 5-year 2023 (B19083)
2023,2019–2023,"Starks town, Somerset County, Maine",73845,025,23,0.3682,0.0371,ACS 5-year 2023 (B19083)
2023,2019–2023,"The Forks plantation, Somerset County, Maine",76190,025,23,0.2241,0.0911,ACS 5-year 2023 (B19083)
2023,2019–2023,"West Forks plantation, Somerset County, Maine",82840,025,23,0.3638,0.1581,ACS 5-year 2023 (B19083)
2023,2019–2023,"Belfast city, Waldo County, Maine",03950,027,23,0.4985,0.0466,ACS 5-year 2023 (B19083)
2023,2019–2023,"Belmont town, Waldo County, Maine",04125,027,23,0.3715,0.0381,ACS 5-year 2023 (B19083)
2023,2019–2023,"Brooks town, Waldo County, Maine",07870,027,23,0.4376,0.0581,ACS 5-year 2023 (B19083)
2023,2019–2023,"Burnham town, Waldo County, Maine",09270,027,23,0.4302,0.0527,ACS 5-year 2023 (B19083)
2023,2019–2023,"Frankfort town, Waldo County, Maine",26280,027,23,0.3441,0.0511,ACS 5-year 2023 (B19083)
2023,2019–2023,"Freedom town, Waldo County, Maine",26420,027,23,0.3280,0.0418,ACS 5-year 2023 (B19083)
2023,2019–2023,"Islesboro town, Waldo County, Maine",35240,027,23,0.5237,0.1259,ACS 5-year 2023 (B19083)
2023,2019–2023,"Jackson town, Waldo County, Maine",35450,027,23,0.4138,0.0468,ACS 5-year 2023 (B19083)
2023,2019–2023,"Knox town, Waldo County, Maine",37585,027,23,0.3765,0.0497,ACS 5-year 2023 (B19083)
2023,2019–2023,"Liberty town, Waldo County, Maine",39055,027,23,0.3850,0.0528,ACS 5-year 2023 (B19083)
2023,2019–2023,"Lincolnville town, Waldo County, Maine",39755,027,23,0.4657,0.0662,ACS 5-year 2023 (B19083)
2023,2019–2023,"Monroe town, Waldo County, Maine",46475,027,23,0.3885,0.0633,ACS 5-year 2023 (B19083)
2023,2019–2023,"Montville town, Waldo County, Maine",46790,027,23,0.3829,0.0459,ACS 5-year 2023 (B19083)
2023,2019–2023,"Morrill town, Waldo County, Maine",47245,027,23,0.3631,0.0424,ACS 5-year 2023 (B19083)
2023,2019–2023,"Northport town, Waldo County, Maine",52845,027,23,0.4413,0.0406,ACS 5-year 2023 (B19083)
2023,2019–2023,"Palermo town, Waldo County, Maine",56450,027,23,0.3402,0.0412,ACS 5-year 2023 (B19083)
2023,2019–2023,"Prospect town, Waldo County, Maine",61210,027,23,0.3415,0.0550,ACS 5-year 2023 (B19083)
2023,2019–2023,"Searsmont town, Waldo County, Maine",66565,027,23,0.3341,0.0489,ACS 5-year 2023 (B19083)
2023,2019–2023,"Searsport town, Waldo County, Maine",66635,027,23,0.3951,0.0620,ACS 5-year 2023 (B19083)
2023,2019–2023,"Stockton Springs town, Waldo County, Maine",74475,027,23,0.3891,0.0450,ACS 5-year 2023 (B19083)
2023,2019–2023,"Swanville town, Waldo County, Maine",75525,027,23,0.4083,0.0750,ACS 5-year 2023 (B19083)
2023,2019–2023,"Thorndike town, Waldo County, Maine",76610,027,23,0.3679,0.0665,ACS 5-year 2023 (B19083)
2023,2019–2023,"Troy town, Waldo County, Maine",77625,027,23,0.4705,0.0911,ACS 5-year 2023 (B19083)
2023,2019–2023,"Unity town, Waldo County, Maine",78255,027,23,0.4430,0.0557,ACS 5-year 2023 (B19083)
2023,2019–2023,"Waldo town, Waldo County, Maine",79480,027,23,0.3517,0.0533,ACS 5-year 2023 (B19083)
2023,2019–2023,"Winterport town, Waldo County, Maine",86760,027,23,0.3771,0.0432,ACS 5-year 2023 (B19083)
2023,2019–2023,"Addison town, Washington County, Maine",00380,029,23,0.4575,0.0607,ACS 5-year 2023 (B19083)
2023,2019–2023,"Alexander town, Washington County, Maine",00660,029,23,0.3653,0.0611,ACS 5-year 2023 (B19083)
2023,2019–2023,"Baileyville town, Washington County, Maine",02480,029,23,0.4268,0.0571,ACS 5-year 2023 (B19083)
2023,2019–2023,"Baring plantation, Washington County, Maine",02970,029,23,0.4158,0.0483,ACS 5-year 2023 (B19083)
2023,2019–2023,"Beals town, Washington County, Maine",03670,029,23,0.4653,0.0399,ACS 5-year 2023 (B19083)
2023,2019–2023,"Beddington town, Washington County, Maine",03810,029,23,0.1010,0.1290,ACS 5-year 2023 (B19083)
2023,2019–2023,"Calais city, Washington County, Maine",09585,029,23,0.4451,0.0402,ACS 5-year 2023 (B19083)
2023,2019–2023,"Charlotte town, Washington County, Maine",12175,029,23,0.3925,0.0444,ACS 5-year 2023 (B19083)
2023,2019–2023,"Cherryfield town, Washington County, Maine",12455,029,23,0.5058,0.0779,ACS 5-year 2023 (B19083)
2023,2019–2023,"Codyville plantation, Washington County, Maine",13610,029,23,0.1421,0.1563,ACS 5-year 2023 (B19083)
2023,2019–2023,"Columbia town, Washington County, Maine",13750,029,23,0.3657,0.0608,ACS 5-year 2023 (B19083)
2023,2019–2023,"Columbia Falls town, Washington County, Maine",13820,029,23,0.4350,0.0511,ACS 5-year 2023 (B19083)
2023,2019–2023,"Cooper town, Washington County, Maine",14100,029,23,0.4357,0.0649,ACS 5-year 2023 (B19083)
2023,2019–2023,"Crawford town, Washington County, Maine",14940,029,23,0.4246,0.0832,ACS 5-year 2023 (B19083)
2023,2019–2023,"Cutler town, Washington County, Maine",15920,029,23,0.4560,0.0646,ACS 5-year 2023 (B19083)
2023,2019–2023,"Danforth town, Washington County, Maine",16410,029,23,0.3602,0.0566,ACS 5-year 2023 (B19083)
2023,2019–2023,"Deblois town, Washington County, Maine",16865,029,23,0.4793,0.0951,ACS 5-year 2023 (B19083)
2023,2019–2023,"Dennysville town, Washington County, Maine",17355,029,23,0.5112,0.0556,ACS 5-year 2023 (B19083)
2023,2019–2023,"East Central Washington UT, Washington County, Maine",19870,029,23,0.4159,0.0697,ACS 5-year 2023 (B19083)
2023,2019–2023,"East Machias town, Washington County, Maine",20960,029,23,0.5180,0.0897,ACS 5-year 2023 (B19083)
2023,2019–2023,"Eastport city, Washington County, Maine",21730,029,23,0.4508,0.0360,ACS 5-year 2023 (B19083)
2023,2019–2023,"Grand Lake Stream plantation, Washington County, Maine",28660,029,23,0.4399,0.0933,ACS 5-year 2023 (B19083)
2023,2019–2023,"Harrington town, Washington County, Maine",31530,029,23,0.4212,0.0452,ACS 5-year 2023 (B19083)
2023,2019–2023,"Jonesboro town, Washington County, Maine",35905,029,23,0.4183,0.0681,ACS 5-year 2023 (B19083)
2023,2019–2023,"Jonesport town, Washington County, Maine",36010,029,23,0.4829,0.0772,ACS 5-year 2023 (B19083)
2023,2019–2023,"Lubec town, Washington County, Maine",41610,029,23,0.5075,0.0699,ACS 5-year 2023 (B19083)
2023,2019–2023,"Machias town, Washington County, Maine",41960,029,23,0.4508,0.0394,ACS 5-year 2023 (B19083)
2023,2019–2023,"Machiasport town, Washington County, Maine",42100,029,23,0.4660,0.0628,ACS 5-year 2023 (B19083)
2023,2019–2023,"Marshfield town, Washington County, Maine",43640,029,23,0.3660,0.0472,ACS 5-year 2023 (B19083)
2023,2019–2023,"Meddybemps town, Washington County, Maine",44760,029,23,0.3457,0.0494,ACS 5-year 2023 (B19083)
2023,2019–2023,"Milbridge town, Washington County, Maine",45600,029,23,0.4717,0.0478,ACS 5-year 2023 (B19083)
2023,2019–2023,"Northfield town, Washington County, Maine",51375,029,23,0.5479,0.0556,ACS 5-year 2023 (B19083)
2023,2019–2023,"North Washington UT, Washington County, Maine",53500,029,23,0.6489,0.1475,ACS 5-year 2023 (B19083)
2023,2019–2023,"Passamaquoddy Indian Township Reservation, Washington County, Maine",57082,029,23,0.5270,0.0489,ACS 5-year 2023 (B19083)
2023,2019–2023,"Passamaquoddy Pleasant Point Reservation, Washington County, Maine",57090,029,23,0.4338,0.0710,ACS 5-year 2023 (B19083)
2023,2019–2023,"Pembroke town, Washington County, Maine",57780,029,23,0.3657,0.0367,ACS 5-year 2023 (B19083)
2023,2019–2023,"Perry town, Washington County, Maine",58165,029,23,0.3890,0.0481,ACS 5-year 2023 (B19083)
2023,2019–2023,"Princeton town, Washington County, Maine",61035,029,23,0.4723,0.0492,ACS 5-year 2023 (B19083)
2023,2019–2023,"Robbinston town, Washington County, Maine",63275,029,23,0.4296,0.0468,ACS 5-year 2023 (B19083)
2023,2019–2023,"Roque Bluffs town, Washington County, Maine",63940,029,23,0.4204,0.0741,ACS 5-year 2023 (B19083)
2023,2019–2023,"Steuben town, Washington County, Maine",74125,029,23,0.5084,0.1183,ACS 5-year 2023 (B19083)
2023,2019–2023,"Talmadge town, Washington County, Maine",75770,029,23,0.3934,0.0557,ACS 5-year 2023 (B19083)
2023,2019–2023,"Topsfield town, Washington County, Maine",76895,029,23,0.5365,0.1277,ACS 5-year 2023 (B19083)
2023,2019–2023,"Vanceboro town, Washington County, Maine",78675,029,23,0.4049,0.0567,ACS 5-year 2023 (B19083)
2023,2019–2023,"Waite town, Washington County, Maine",79375,029,23,0.3853,0.1179,ACS 5-year 2023 (B19083)
2023,2019–2023,"Wesley town, Washington County, Maine",81685,029,23,0.3642,0.0769,ACS 5-year 2023 (B19083)
2023,2019–2023,"Whiting town, Washington County, Maine",85185,029,23,0.3676,0.0765,ACS 5-year 2023 (B19083)
2023,2019–2023,"Whitneyville town, Washington County, Maine",85290,029,23,0.3202,0.0834,ACS 5-year 2023 (B19083)
2023,2019–2023,"Acton town, York County, Maine",00275,031,23,0.4057,0.0347,ACS 5-year 2023 (B19083)
2023,2019–2023,"Alfred town, York County, Maine",00730,031,23,0.4496,0.0636,ACS 5-year 2023 (B19083)
2023,2019–2023,"Arundel town, York County, Maine",01605,031,23,0.3393,0.0431,ACS 5-year 2023 (B19083)
2023,2019–2023,"Berwick town, York County, Maine",04720,031,23,0.4041,0.0426,ACS 5-year 2023 (B19083)
2023,2019–2023,"Biddeford city, York County, Maine",04860,031,23,0.4336,0.0220,ACS 5-year 2023 (B19083)
2023,2019–2023,"Buxton town, York County, Maine",09410,031,23,0.4069,0.0636,ACS 5-year 2023 (B19083)
2023,2019–2023,"Cornish town, York County, Maine",14485,031,23,0.3770,0.0691,ACS 5-year 2023 (B19083)
2023,2019–2023,"Dayton town, York County, Maine",16725,031,23,0.3135,0.0317,ACS 5-year 2023 (B19083)
2023,2019–2023,"Eliot town, York County, Maine",22955,031,23,0.3705,0.0379,ACS 5-year 2023 (B19083)
2023,2019–2023,"Hollis town, York County, Maine",33665,031,23,0.3621,0.0422,ACS 5-year 2023 (B19083)
2023,2019–2023,"Kennebunk town, York County, Maine",36535,031,23,0.4158,0.0346,ACS 5-year 2023 (B19083)
2023,2019–2023,"Kennebunkport town, York County, Maine",36745,031,23,0.5510,0.0691,ACS 5-year 2023 (B19083)
2023,2019–2023,"Kittery town, York County, Maine",37270,031,23,0.4099,0.0429,ACS 5-year 2023 (B19083)
2023,2019–2023,"Lebanon town, York County, Maine",38425,031,23,0.2821,0.0347,ACS 5-year 2023 (B19083)
2023,2019–2023,"Limerick town, York County, Maine",39195,031,23,0.3050,0.0384,ACS 5-year 2023 (B19083)
2023,2019–2023,"Limington town, York County, Maine",39405,031,23,0.3938,0.0708,ACS 5-year 2023 (B19083)
2023,2019–2023,"Lyman town, York County, Maine",41750,031,23,0.4323,0.0763,ACS 5-year 2023 (B19083)
2023,2019–2023,"Newfield town, York County, Maine",48750,031,23,0.4909,0.1107,ACS 5-year 2023 (B19083)
2023,2019–2023,"North Berwick town, York County, Maine",50325,031,23,0.4411,0.0846,ACS 5-year 2023 (B19083)
2023,2019–2023,"Ogunquit town, York County, Maine",54980,031,23,0.5556,0.1424,ACS 5-year 2023 (B19083)
2023,2019–2023,"Old Orchard Beach town, York County, Maine",55085,031,23,0.4489,0.0401,ACS 5-year 2023 (B19083)
2023,2019–2023,"Parsonsfield town, York County, Maine",56870,031,23,0.4678,0.0692,ACS 5-year 2023 (B19083)
2023,2019–2023,"Saco city, York County, Maine",64675,031,23,0.4079,0.0263,ACS 5-year 2023 (B19083)
2023,2019–2023,"Sanford city, York County, Maine",65725,031,23,0.4178,0.0266,ACS 5-year 2023 (B19083)
2023,2019–2023,"Shapleigh town, York County, Maine",67475,031,23,0.4484,0.0776,ACS 5-year 2023 (B19083)
2023,2019–2023,"South Berwick town, York County, Maine",70030,031,23,0.4137,0.0424,ACS 5-year 2023 (B19083)
2023,2019–2023,"Waterboro town, York County, Maine",80530,031,23,0.3397,0.0389,ACS 5-year 2023 (B19083)
2023,2019–2023,"Wells town, York County, Maine",81475,031,23,0.4056,0.0326,ACS 5-year 2023 (B19083)
2023,2019–2023,"York town, York County, Maine",87985,031,23,0.3981,0.0317,ACS 5-year 2023 (B19083)
2024,2020–2024,"Auburn city, Androscoggin County, Maine",02060,001,23,0.4485,0.0293,ACS 5-year 2024 (B19083)
2024,2020–2024,"Durham town, Androscoggin County, Maine",19105,001,23,0.3412,0.0436,ACS 5-year 2024 (B19083)
2024,2020–2024,"Greene town, Androscoggin County, Maine",29255,001,23,0.4017,0.0578,ACS 5-year 2024 (B19083)
2024,2020–2024,"Leeds town, Androscoggin County, Maine",38565,001,23,0.3657,0.0347,ACS 5-year 2024 (B19083)
2024,2020–2024,"Lewiston city, Androscoggin County, Maine",38740,001,23,0.4504,0.0199,ACS 5-year 2024 (B19083)
2024,2020–2024,"Lisbon town, Androscoggin County, Maine",40035,001,23,0.3873,0.0346,ACS 5-year 2024 (B19083)
2024,2020–2024,"Livermore town, Androscoggin County, Maine",40665,001,23,0.3636,0.0330,ACS 5-year 2024 (B19083)
2024,2020–2024,"Livermore Falls town, Androscoggin County, Maine",40770,001,23,0.4639,0.1268,ACS 5-year 2024 (B19083)
2024,2020–2024,"Mechanic Falls town, Androscoggin County, Maine",44585,001,23,0.3459,0.0491,ACS 5-year 2024 (B19083)
2024,2020–2024,"Minot town, Androscoggin County, Maine",46160,001,23,0.4648,0.0856,ACS 5-year 2024 (B19083)
2024,2020–2024,"Poland town, Androscoggin County, Maine",60020,001,23,0.3771,0.0614,ACS 5-year 2024 (B19083)
2024,2020–2024,"Sabattus town, Androscoggin County, Maine",64570,001,23,0.4412,0.0702,ACS 5-year 2024 (B19083)
2024,2020–2024,"Turner town, Androscoggin County, Maine",77800,001,23,0.3242,0.0532,ACS 5-year 2024 (B19083)
2024,2020–2024,"Wales town, Androscoggin County, Maine",79585,001,23,0.3768,0.0586,ACS 5-year 2024 (B19083)
2024,2020–2024,"Allagash town, Aroostook County, Maine",00800,003,23,0.5276,0.0832,ACS 5-year 2024 (B19083)
2024,2020–2024,"Amity town, Aroostook County, Maine",01220,003,23,0.5539,0.1403,ACS 5-year 2024 (B19083)
2024,2020–2024,"Ashland town, Aroostook County, Maine",01710,003,23,0.4796,0.0684,ACS 5-year 2024 (B19083)
2024,2020–2024,"Bancroft UT, Aroostook County, Maine",02762,003,23,0.3347,0.0850,ACS 5-year 2024 (B19083)
2024,2020–2024,"Blaine town, Aroostook County, Maine",05385,003,23,0.4258,0.0943,ACS 5-year 2024 (B19083)
2024,2020–2024,"Bridgewater town, Aroostook County, Maine",07065,003,23,0.4218,0.0536,ACS 5-year 2024 (B19083)
2024,2020–2024,"Caribou city, Aroostook County, Maine",10565,003,23,0.4780,0.0456,ACS 5-year 2024 (B19083)
2024,2020–2024,"Castle Hill town, Aroostook County, Maine",11300,003,23,0.3566,0.0411,ACS 5-year 2024 (B19083)
2024,2020–2024,"Caswell town, Aroostook County, Maine",11335,003,23,0.3596,0.0926,ACS 5-year 2024 (B19083)
2024,2020–2024,"Central Aroostook UT, Aroostook County, Maine",11785,003,23,0.2391,0.0817,ACS 5-year 2024 (B19083)
2024,2020–2024,"Chapman town, Aroostook County, Maine",12000,003,23,0.4442,0.1137,ACS 5-year 2024 (B19083)
2024,2020–2024,"Connor UT, Aroostook County, Maine",13900,003,23,0.3517,0.0681,ACS 5-year 2024 (B19083)
2024,2020–2024,"Crystal town, Aroostook County, Maine",15395,003,23,0.4984,0.1016,ACS 5-year 2024 (B19083)
2024,2020–2024,"Cyr plantation, Aroostook County, Maine",15990,003,23,0.3595,0.1179,ACS 5-year 2024 (B19083)
2024,2020–2024,"Dyer Brook town, Aroostook County, Maine",19210,003,23,0.3083,0.0708,ACS 5-year 2024 (B19083)
2024,2020–2024,"Eagle Lake town, Aroostook County, Maine",19420,003,23,0.4548,0.0629,ACS 5-year 2024 (B19083)
2024,2020–2024,"Easton town, Aroostook County, Maine",21380,003,23,0.4313,0.0562,ACS 5-year 2024 (B19083)
2024,2020–2024,"Fort Fairfield town, Aroostook County, Maine",25615,003,23,0.4556,0.0676,ACS 5-year 2024 (B19083)
2024,2020–2024,"Fort Kent town, Aroostook County, Maine",25755,003,23,0.5536,0.1259,ACS 5-year 2024 (B19083)
2024,2020–2024,"Frenchville town, Aroostook County, Maine",26735,003,23,0.3926,0.0396,ACS 5-year 2024 (B19083)
2024,2020–2024,"Garfield plantation, Aroostook County, Maine",27120,003,23,0.3389,0.0729,ACS 5-year 2024 (B19083)
2024,2020–2024,"Glenwood plantation, Aroostook County, Maine",27855,003,23,-666666666.0000,-222222222.0000,ACS 5-year 2024 (B19083)
2024,2020–2024,"Grand Isle town, Aroostook County, Maine",28590,003,23,0.4808,0.0560,ACS 5-year 2024 (B19083)
2024,2020–2024,"Hamlin town, Aroostook County, Maine",30690,003,23,0.7135,0.0955,ACS 5-year 2024 (B19083)
2024,2020–2024,"Hammond town, Aroostook County, Maine",30725,003,23,0.4006,0.1292,ACS 5-year 2024 (B19083)
2024,2020–2024,"Haynesville town, Aroostook County, Maine",32195,003,23,0.4495,0.1289,ACS 5-year 2024 (B19083)
2024,2020–2024,"Hersey town, Aroostook County, Maine",32685,003,23,0.5079,0.0989,ACS 5-year 2024 (B19083)
2024,2020–2024,"Hodgdon town, Aroostook County, Maine",33385,003,23,0.4296,0.0804,ACS 5-year 2024 (B19083)
2024,2020–2024,"Houlton town, Aroostook County, Maine",33980,003,23,0.4757,0.0447,ACS 5-year 2024 (B19083)
2024,2020–2024,"Island Falls town, Aroostook County, Maine",35065,003,23,0.4297,0.0509,ACS 5-year 2024 (B19083)
2024,2020–2024,"Limestone town, Aroostook County, Maine",39300,003,23,0.5132,0.0562,ACS 5-year 2024 (B19083)
2024,2020–2024,"Linneus town, Aroostook County, Maine",39965,003,23,0.5699,0.1152,ACS 5-year 2024 (B19083)
2024,2020–2024,"Littleton town, Aroostook County, Maine",40595,003,23,0.3612,0.0531,ACS 5-year 2024 (B19083)
2024,2020–2024,"Ludlow town, Aroostook County, Maine",41715,003,23,0.3881,0.0692,ACS 5-year 2024 (B19083)
2024,2020–2024,"Macwahoc plantation, Aroostook County, Maine",42450,003,23,0.3712,0.1581,ACS 5-year 2024 (B19083)
2024,2020–2024,"Madawaska town, Aroostook County, Maine",42520,003,23,0.4209,0.0471,ACS 5-year 2024 (B19083)
2024,2020–2024,"Mapleton town, Aroostook County, Maine",43255,003,23,0.3684,0.0533,ACS 5-year 2024 (B19083)
2024,2020–2024,"Mars Hill town, Aroostook County, Maine",43710,003,23,0.4158,0.0548,ACS 5-year 2024 (B19083)
2024,2020–2024,"Masardis town, Aroostook County, Maine",43990,003,23,0.4175,0.1521,ACS 5-year 2024 (B19083)
2024,2020–2024,"Merrill town, Aroostook County, Maine",45180,003,23,0.2532,0.0549,ACS 5-year 2024 (B19083)
2024,2020–2024,"Monticello town, Aroostook County, Maine",46685,003,23,0.3722,0.0404,ACS 5-year 2024 (B19083)
2024,2020–2024,"Moro plantation, Aroostook County, Maine",47175,003,23,0.3403,0.2430,ACS 5-year 2024 (B19083)
2024,2020–2024,"Nashville plantation, Aroostook County, Maine",48120,003,23,0.2025,0.3247,ACS 5-year 2024 (B19083)
2024,2020–2024,"New Canada town, Aroostook County, Maine",48575,003,23,0.4052,0.1099,ACS 5-year 2024 (B19083)
2024,2020–2024,"New Limerick town, Aroostook County, Maine",48960,003,23,0.4605,0.1106,ACS 5-year 2024 (B19083)
2024,2020–2024,"New Sweden town, Aroostook County, Maine",49415,003,23,0.3992,0.0457,ACS 5-year 2024 (B19083)
2024,2020–2024,"Northwest Aroostook UT, Aroostook County, Maine",53602,003,23,-666666666.0000,-222222222.0000,ACS 5-year 2024 (B19083)
2024,2020–2024,"Oakfield town, Aroostook County, Maine",54385,003,23,0.3681,0.0368,ACS 5-year 2024 (B19083)
2024,2020–2024,"Orient town, Aroostook County, Maine",55435,003,23,0.6162,0.1512,ACS 5-year 2024 (B19083)
2024,2020–2024,"Penobscot Indian Island Reservation, Aroostook County, Maine",57936,003,23,-666666666.0000,-222222222.0000,ACS 5-year 2024 (B19083)
2024,2020–2024,"Perham town, Aroostook County, Maine",58060,003,23,0.3695,0.0530,ACS 5-year 2024 (B19083)
2024,2020–2024,"Portage Lake town, Aroostook County, Maine",60300,003,23,0.4615,0.0686,ACS 5-year 2024 (B19083)
2024,2020–2024,"Presque Isle city, Aroostook County, Maine",60825,003,23,0.4074,0.0263,ACS 5-year 2024 (B19083)
2024,2020–2024,"Reed plantation, Aroostook County, Maine",62400,003,23,0.4860,0.1060,ACS 5-year 2024 (B19083)
2024,2020–2024,"St. Agatha town, Aroostook County, Maine",64780,003,23,0.3922,0.0475,ACS 5-year 2024 (B19083)
2024,2020–2024,"St. Francis town, Aroostook County, Maine",65025,003,23,0.4786,0.0639,ACS 5-year 2024 (B19083)
2024,2020–2024,"St. John plantation, Aroostook County, Maine",65200,003,23,0.3945,0.0410,ACS 5-year 2024 (B19083)
2024,2020–2024,"Sherman town, Aroostook County, Maine",67790,003,23,0.5072,0.0741,ACS 5-year 2024 (B19083)
2024,2020–2024,"Smyrna town, Aroostook County, Maine",69260,003,23,0.4467,0.0920,ACS 5-year 2024 (B19083)
2024,2020–2024,"South Aroostook UT, Aroostook County, Maine",69930,003,23,0.3478,0.0913,ACS 5-year 2024 (B19083)
2024,2020–2024,"Square Lake UT, Aroostook County, Maine",73472,003,23,0.4273,0.0599,ACS 5-year 2024 (B19083)
2024,2020–2024,"Stockholm town, Aroostook County, Maine",74405,003,23,0.3979,0.0604,ACS 5-year 2024 (B19083)
2024,2020–2024,"Van Buren town, Aroostook County, Maine",78570,003,23,0.5989,0.0956,ACS 5-year 2024 (B19083)
2024,2020–2024,"Wade town, Aroostook County, Maine",79270,003,23,0.4406,0.0703,ACS 5-year 2024 (B19083)
2024,2020–2024,"Wallagrass town, Aroostook County, Maine",79865,003,23,0.4059,0.0483,ACS 5-year 2024 (B19083)
2024,2020–2024,"Washburn town, Aroostook County, Maine",80285,003,23,0.4489,0.0408,ACS 5-year 2024 (B19083)
2024,2020–2024,"Westfield town, Aroostook County, Maine",82770,003,23,0.3685,0.0494,ACS 5-year 2024 (B19083)
2024,2020–2024,"Westmanland town, Aroostook County, Maine",83540,003,23,0.4047,0.0867,ACS 5-year 2024 (B19083)
2024,2020–2024,"Weston town, Aroostook County, Maine",83785,003,23,0.3499,0.0568,ACS 5-year 2024 (B19083)
2024,2020–2024,"Winterville plantation, Aroostook County, Maine",86865,003,23,0.4886,0.1253,ACS 5-year 2024 (B19083)
2024,2020–2024,"Woodland town, Aroostook County, Maine",87215,003,23,0.3720,0.0403,ACS 5-year 2024 (B19083)
2024,2020–2024,"Baldwin town, Cumberland County, Maine",02655,005,23,0.4093,0.0404,ACS 5-year 2024 (B19083)
2024,2020–2024,"Bridgton town, Cumberland County, Maine",07170,005,23,0.4337,0.0486,ACS 5-year 2024 (B19083)
2024,2020–2024,"Brunswick town, Cumberland County, Maine",08430,005,23,0.4640,0.0400,ACS 5-year 2024 (B19083)
2024,2020–2024,"Cape Elizabeth town, Cumberland County, Maine",10180,005,23,0.4718,0.0409,ACS 5-year 2024 (B19083)
2024,2020–2024,"Casco town, Cumberland County, Maine",11125,005,23,0.5013,0.0704,ACS 5-year 2024 (B19083)
2024,2020–2024,"Chebeague Island town, Cumberland County, Maine",12300,005,23,0.5398,0.0843,ACS 5-year 2024 (B19083)
2024,2020–2024,"Cumberland town, Cumberland County, Maine",15430,005,23,0.4546,0.0375,ACS 5-year 2024 (B19083)
2024,2020–2024,"Falmouth town, Cumberland County, Maine",24495,005,23,0.4817,0.0288,ACS 5-year 2024 (B19083)
2024,2020–2024,"Freeport town, Cumberland County, Maine",26525,005,23,0.4468,0.0537,ACS 5-year 2024 (B19083)
2024,2020–2024,"Frye Island town, Cumberland County, Maine",27025,005,23,0.4863,0.3914,ACS 5-year 2024 (B19083)
2024,2020–2024,"Gorham town, Cumberland County, Maine",28240,005,23,0.4072,0.0408,ACS 5-year 2024 (B19083)
2024,2020–2024,"Gray town, Cumberland County, Maine",28870,005,23,0.4284,0.0611,ACS 5-year 2024 (B19083)
2024,2020–2024,"Harpswell town, Cumberland County, Maine",31390,005,23,0.4742,0.0484,ACS 5-year 2024 (B19083)
2024,2020–2024,"Harrison town, Cumberland County, Maine",31600,005,23,0.4817,0.0607,ACS 5-year 2024 (B19083)
2024,2020–2024,"Long Island town, Cumberland County, Maine",41067,005,23,0.4489,0.0875,ACS 5-year 2024 (B19083)
2024,2020–2024,"Naples town, Cumberland County, Maine",48085,005,23,0.4340,0.0686,ACS 5-year 2024 (B19083)
2024,2020–2024,"New Gloucester town, Cumberland County, Maine",48820,005,23,0.3408,0.0447,ACS 5-year 2024 (B19083)
2024,2020–2024,"North Yarmouth town, Cumberland County, Maine",53860,005,23,0.4311,0.0622,ACS 5-year 2024 (B19083)
2024,2020–2024,"Portland city, Cumberland County, Maine",60545,005,23,0.4629,0.0217,ACS 5-year 2024 (B19083)
2024,2020–2024,"Pownal town, Cumberland County, Maine",60685,005,23,0.4489,0.0750,ACS 5-year 2024 (B19083)
2024,2020–2024,"Raymond town, Cumberland County, Maine",61945,005,23,0.3877,0.0413,ACS 5-year 2024 (B19083)
2024,2020–2024,"Scarborough town, Cumberland County, Maine",66145,005,23,0.4294,0.0219,ACS 5-year 2024 (B19083)
2024,2020–2024,"Sebago town, Cumberland County, Maine",66775,005,23,0.4290,0.0600,ACS 5-year 2024 (B19083)
2024,2020–2024,"South Portland city, Cumberland County, Maine",71990,005,23,0.4227,0.0222,ACS 5-year 2024 (B19083)
2024,2020–2024,"Standish town, Cumberland County, Maine",73670,005,23,0.3744,0.0398,ACS 5-year 2024 (B19083)
2024,2020–2024,"Westbrook city, Cumberland County, Maine",82105,005,23,0.4019,0.0243,ACS 5-year 2024 (B19083)
2024,2020–2024,"Windham town, Cumberland County, Maine",86025,005,23,0.3880,0.0344,ACS 5-year 2024 (B19083)
2024,2020–2024,"Yarmouth town, Cumberland County, Maine",87845,005,23,0.4863,0.0382,ACS 5-year 2024 (B19083)
2024,2020–2024,"Avon town, Franklin County, Maine",02235,007,23,0.4410,0.1578,ACS 5-year 2024 (B19083)
2024,2020–2024,"Carrabassett Valley town, Franklin County, Maine",10740,007,23,0.4936,0.0472,ACS 5-year 2024 (B19083)
2024,2020–2024,"Carthage town, Franklin County, Maine",10915,007,23,0.3656,0.0951,ACS 5-year 2024 (B19083)
2024,2020–2024,"Chesterville town, Franklin County, Maine",12595,007,23,0.4139,0.0489,ACS 5-year 2024 (B19083)
2024,2020–2024,"Coplin plantation, Franklin County, Maine",14205,007,23,0.3751,0.2227,ACS 5-year 2024 (B19083)
2024,2020–2024,"Dallas plantation, Franklin County, Maine",16165,007,23,0.2761,0.1379,ACS 5-year 2024 (B19083)
2024,2020–2024,"East Central Franklin UT, Franklin County, Maine",19865,007,23,0.4736,0.0663,ACS 5-year 2024 (B19083)
2024,2020–2024,"Eustis town, Franklin County, Maine",24005,007,23,0.4144,0.0804,ACS 5-year 2024 (B19083)
2024,2020–2024,"Farmington town, Franklin County, Maine",24775,007,23,0.4883,0.0749,ACS 5-year 2024 (B19083)
2024,2020–2024,"Industry town, Franklin County, Maine",34820,007,23,0.4072,0.0515,ACS 5-year 2024 (B19083)
2024,2020–2024,"Jay town, Franklin County, Maine",35625,007,23,0.3742,0.0539,ACS 5-year 2024 (B19083)
2024,2020–2024,"Kingfield town, Franklin County, Maine",37025,007,23,0.4946,0.0648,ACS 5-year 2024 (B19083)
2024,2020–2024,"New Sharon town, Franklin County, Maine",49345,007,23,0.4194,0.0552,ACS 5-year 2024 (B19083)
2024,2020–2024,"New Vineyard town, Franklin County, Maine",49520,007,23,0.3847,0.0674,ACS 5-year 2024 (B19083)
2024,2020–2024,"North Franklin UT, Franklin County, Maine",51400,007,23,-666666666.0000,-222222222.0000,ACS 5-year 2024 (B19083)
2024,2020–2024,"Phillips town, Franklin County, Maine",58445,007,23,0.4302,0.0359,ACS 5-year 2024 (B19083)
2024,2020–2024,"Rangeley town, Franklin County, Maine",61840,007,23,0.4913,0.0600,ACS 5-year 2024 (B19083)
2024,2020–2024,"Rangeley plantation, Franklin County, Maine",61875,007,23,0.3480,0.1712,ACS 5-year 2024 (B19083)
2024,2020–2024,"Sandy River plantation, Franklin County, Maine",65655,007,23,0.3102,0.1204,ACS 5-year 2024 (B19083)
2024,2020–2024,"South Franklin UT, Franklin County, Maine",70760,007,23,0.2547,0.1061,ACS 5-year 2024 (B19083)
2024,2020–2024,"Strong town, Franklin County, Maine",74825,007,23,0.4179,0.0491,ACS 5-year 2024 (B19083)
2024,2020–2024,"Temple town, Franklin County, Maine",75980,007,23,0.3758,0.0518,ACS 5-year 2024 (B19083)
2024,2020–2024,"Weld town, Franklin County, Maine",81300,007,23,0.4349,0.0764,ACS 5-year 2024 (B19083)
2024,2020–2024,"West Central Franklin UT, Franklin County, Maine",82235,007,23,-666666666.0000,-222222222.0000,ACS 5-year 2024 (B19083)
2024,2020–2024,"Wilton town, Franklin County, Maine",85850,007,23,0.4349,0.0521,ACS 5-year 2024 (B19083)
2024,2020–2024,"Wyman UT, Franklin County, Maine",87680,007,23,-666666666.0000,-222222222.0000,ACS 5-year 2024 (B19083)
2024,2020–2024,"Amherst town, Hancock County, Maine",01185,009,23,0.4418,0.0625,ACS 5-year 2024 (B19083)
2024,2020–2024,"Aurora town, Hancock County, Maine",02165,009,23,0.4241,0.1100,ACS 5-year 2024 (B19083)
2024,2020–2024,"Bar Harbor town, Hancock County, Maine",02865,009,23,0.4865,0.0561,ACS 5-year 2024 (B19083)
2024,2020–2024,"Blue Hill town, Hancock County, Maine",05700,009,23,0.5205,0.1070,ACS 5-year 2024 (B19083)
2024,2020–2024,"Brooklin town, Hancock County, Maine",07800,009,23,0.3651,0.0413,ACS 5-year 2024 (B19083)
2024,2020–2024,"Brooksville town, Hancock County, Maine",07975,009,23,0.3669,0.0500,ACS 5-year 2024 (B19083)
2024,2020–2024,"Bucksport town, Hancock County, Maine",08815,009,23,0.3511,0.0496,ACS 5-year 2024 (B19083)
2024,2020–2024,"Castine town, Hancock County, Maine",11265,009,23,0.4236,0.0674,ACS 5-year 2024 (B19083)
2024,2020–2024,"Central Hancock UT, Hancock County, Maine",11800,009,23,0.4472,0.0925,ACS 5-year 2024 (B19083)
2024,2020–2024,"Cranberry Isles town, Hancock County, Maine",14905,009,23,0.4564,0.0721,ACS 5-year 2024 (B19083)
2024,2020–2024,"Dedham town, Hancock County, Maine",16935,009,23,0.4898,0.0689,ACS 5-year 2024 (B19083)
2024,2020–2024,"Deer Isle town, Hancock County, Maine",17145,009,23,0.4740,0.0388,ACS 5-year 2024 (B19083)
2024,2020–2024,"Eastbrook town, Hancock County, Maine",19770,009,23,0.3902,0.0529,ACS 5-year 2024 (B19083)
2024,2020–2024,"East Hancock UT, Hancock County, Maine",20405,009,23,0.2423,0.1266,ACS 5-year 2024 (B19083)
2024,2020–2024,"Ellsworth city, Hancock County, Maine",23200,009,23,0.4102,0.0423,ACS 5-year 2024 (B19083)
2024,2020–2024,"Franklin town, Hancock County, Maine",26350,009,23,0.3921,0.0420,ACS 5-year 2024 (B19083)
2024,2020–2024,"Frenchboro town, Hancock County, Maine",26595,009,23,0.3028,0.1224,ACS 5-year 2024 (B19083)
2024,2020–2024,"Gouldsboro town, Hancock County, Maine",28450,009,23,0.3508,0.0409,ACS 5-year 2024 (B19083)
2024,2020–2024,"Great Pond town, Hancock County, Maine",28975,009,23,0.4267,0.0508,ACS 5-year 2024 (B19083)
2024,2020–2024,"Hancock town, Hancock County, Maine",30970,009,23,0.4838,0.1167,ACS 5-year 2024 (B19083)
2024,2020–2024,"Lamoine town, Hancock County, Maine",38180,009,23,0.4223,0.0871,ACS 5-year 2024 (B19083)
2024,2020–2024,"Mariaville town, Hancock County, Maine",43430,009,23,0.3626,0.0379,ACS 5-year 2024 (B19083)
2024,2020–2024,"Marshall Island UT, Hancock County, Maine",43578,009,23,-666666666.0000,-222222222.0000,ACS 5-year 2024 (B19083)
2024,2020–2024,"Mount Desert town, Hancock County, Maine",47630,009,23,0.4061,0.0482,ACS 5-year 2024 (B19083)
2024,2020–2024,"Northwest Hancock UT, Hancock County, Maine",53620,009,23,-666666666.0000,-222222222.0000,ACS 5-year 2024 (B19083)
2024,2020–2024,"Orland town, Hancock County, Maine",55505,009,23,0.4855,0.0904,ACS 5-year 2024 (B19083)
2024,2020–2024,"Osborn town, Hancock County, Maine",55855,009,23,0.3670,0.1535,ACS 5-year 2024 (B19083)
2024,2020–2024,"Otis town, Hancock County, Maine",55890,009,23,0.3643,0.0742,ACS 5-year 2024 (B19083)
2024,2020–2024,"Penobscot town, Hancock County, Maine",57920,009,23,0.4913,0.0825,ACS 5-year 2024 (B19083)
2024,2020–2024,"Sedgwick town, Hancock County, Maine",67300,009,23,0.4817,0.0725,ACS 5-year 2024 (B19083)
2024,2020–2024,"Sorrento town, Hancock County, Maine",69750,009,23,0.4194,0.0897,ACS 5-year 2024 (B19083)
2024,2020–2024,"Southwest Harbor town, Hancock County, Maine",72865,009,23,0.5179,0.0829,ACS 5-year 2024 (B19083)
2024,2020–2024,"Stonington town, Hancock County, Maine",74580,009,23,0.4282,0.0579,ACS 5-year 2024 (B19083)
2024,2020–2024,"Sullivan town, Hancock County, Maine",74965,009,23,0.4031,0.0554,ACS 5-year 2024 (B19083)
2024,2020–2024,"Surry town, Hancock County, Maine",75280,009,23,0.5088,0.0843,ACS 5-year 2024 (B19083)
2024,2020–2024,"Swans Island town, Hancock County, Maine",75455,009,23,0.5224,0.0544,ACS 5-year 2024 (B19083)
2024,2020–2024,"Tremont town, Hancock County, Maine",77345,009,23,0.3954,0.0548,ACS 5-year 2024 (B19083)
2024,2020–2024,"Trenton town, Hancock County, Maine",77415,009,23,0.5021,0.0556,ACS 5-year 2024 (B19083)
2024,2020–2024,"Verona Island town, Hancock County, Maine",78925,009,23,0.3848,0.0756,ACS 5-year 2024 (B19083)
2024,2020–2024,"Waltham town, Hancock County, Maine",80040,009,23,0.4329,0.1000,ACS 5-year 2024 (B19083)
2024,2020–2024,"Winter Harbor town, Hancock County, Maine",86655,009,23,0.3561,0.0520,ACS 5-year 2024 (B19083)
2024,2020–2024,"Albion town, Kennebec County, Maine",00590,011,23,0.3635,0.0398,ACS 5-year 2024 (B19083)
2024,2020–2024,"Augusta city, Kennebec County, Maine",02100,011,23,0.4694,0.0319,ACS 5-year 2024 (B19083)
2024,2020–2024,"Belgrade town, Kennebec County, Maine",04020,011,23,0.3763,0.0438,ACS 5-year 2024 (B19083)
2024,2020–2024,"Benton town, Kennebec County, Maine",04475,011,23,0.4474,0.0744,ACS 5-year 2024 (B19083)
2024,2020–2024,"Chelsea town, Kennebec County, Maine",12350,011,23,0.3688,0.0405,ACS 5-year 2024 (B19083)
2024,2020–2024,"China town, Kennebec County, Maine",12735,011,23,0.3855,0.0780,ACS 5-year 2024 (B19083)
2024,2020–2024,"Clinton town, Kennebec County, Maine",13470,011,23,0.4136,0.0739,ACS 5-year 2024 (B19083)
2024,2020–2024,"Farmingdale town, Kennebec County, Maine",24670,011,23,0.4058,0.0453,ACS 5-year 2024 (B19083)
2024,2020–2024,"Fayette town, Kennebec County, Maine",24950,011,23,0.4236,0.0657,ACS 5-year 2024 (B19083)
2024,2020–2024,"Gardiner city, Kennebec County, Maine",27085,011,23,0.3986,0.0378,ACS 5-year 2024 (B19083)
2024,2020–2024,"Hallowell city, Kennebec County, Maine",30550,011,23,0.4475,0.0541,ACS 5-year 2024 (B19083)
2024,2020–2024,"Litchfield town, Kennebec County, Maine",40175,011,23,0.3380,0.0483,ACS 5-year 2024 (B19083)
2024,2020–2024,"Manchester town, Kennebec County, Maine",43080,011,23,0.3653,0.0505,ACS 5-year 2024 (B19083)
2024,2020–2024,"Monmouth town, Kennebec County, Maine",46405,011,23,0.4032,0.0581,ACS 5-year 2024 (B19083)
2024,2020–2024,"Mount Vernon town, Kennebec County, Maine",47770,011,23,0.4422,0.0470,ACS 5-year 2024 (B19083)
2024,2020–2024,"Oakland town, Kennebec County, Maine",54560,011,23,0.4296,0.0596,ACS 5-year 2024 (B19083)
2024,2020–2024,"Pittston town, Kennebec County, Maine",59110,011,23,0.4692,0.0921,ACS 5-year 2024 (B19083)
2024,2020–2024,"Randolph town, Kennebec County, Maine",61700,011,23,0.3937,0.0769,ACS 5-year 2024 (B19083)
2024,2020–2024,"Readfield town, Kennebec County, Maine",62190,011,23,0.3608,0.0470,ACS 5-year 2024 (B19083)
2024,2020–2024,"Rome town, Kennebec County, Maine",63835,011,23,0.4451,0.0757,ACS 5-year 2024 (B19083)
2024,2020–2024,"Sidney town, Kennebec County, Maine",68385,011,23,0.3855,0.0440,ACS 5-year 2024 (B19083)
2024,2020–2024,"Unity UT, Kennebec County, Maine",78190,011,23,0.5185,0.1285,ACS 5-year 2024 (B19083)
2024,2020–2024,"Vassalboro town, Kennebec County, Maine",78745,011,23,0.4085,0.0521,ACS 5-year 2024 (B19083)
2024,2020–2024,"Vienna town, Kennebec County, Maine",79025,011,23,0.5442,0.0875,ACS 5-year 2024 (B19083)
2024,2020–2024,"Waterville city, Kennebec County, Maine",80740,011,23,0.4953,0.0379,ACS 5-year 2024 (B19083)
2024,2020–2024,"Wayne town, Kennebec County, Maine",80880,011,23,0.4262,0.0613,ACS 5-year 2024 (B19083)
2024,2020–2024,"West Gardiner town, Kennebec County, Maine",82945,011,23,0.3602,0.0573,ACS 5-year 2024 (B19083)
2024,2020–2024,"Windsor town, Kennebec County, Maine",86165,011,23,0.3599,0.0328,ACS 5-year 2024 (B19083)
2024,2020–2024,"Winslow town, Kennebec County, Maine",86515,011,23,0.4101,0.0371,ACS 5-year 2024 (B19083)
2024,2020–2024,"Winthrop town, Kennebec County, Maine",86970,011,23,0.3555,0.0419,ACS 5-year 2024 (B19083)
2024,2020–2024,"Appleton town, Knox County, Maine",01465,013,23,0.4570,0.0684,ACS 5-year 2024 (B19083)
2024,2020–2024,"Camden town, Knox County, Maine",09725,013,23,0.4210,0.0413,ACS 5-year 2024 (B19083)
2024,2020–2024,"Criehaven UT, Knox County, Maine",15125,013,23,-666666666.0000,-222222222.0000,ACS 5-year 2024 (B19083)
2024,2020–2024,"Cushing town, Knox County, Maine",15780,013,23,0.4732,0.0420,ACS 5-year 2024 (B19083)
2024,2020–2024,"Friendship town, Knox County, Maine",26805,013,23,0.4852,0.0471,ACS 5-year 2024 (B19083)
2024,2020–2024,"Hope town, Knox County, Maine",33840,013,23,0.4076,0.0605,ACS 5-year 2024 (B19083)
2024,2020–2024,"Isle au Haut town, Knox County, Maine",35135,013,23,0.6810,0.1622,ACS 5-year 2024 (B19083)
2024,2020–2024,"Matinicus Isle plantation, Knox County, Maine",44165,013,23,0.3949,0.1118,ACS 5-year 2024 (B19083)
2024,2020–2024,"Muscle Ridge Islands UT, Knox County, Maine",47962,013,23,-666666666.0000,-222222222.0000,ACS 5-year 2024 (B19083)
2024,2020–2024,"North Haven town, Knox County, Maine",51620,013,23,0.4583,0.0673,ACS 5-year 2024 (B19083)
2024,2020–2024,"Owls Head town, Knox County, Maine",56135,013,23,0.4495,0.0615,ACS 5-year 2024 (B19083)
2024,2020–2024,"Rockland city, Knox County, Maine",63590,013,23,0.4265,0.0373,ACS 5-year 2024 (B19083)
2024,2020–2024,"Rockport town, Knox County, Maine",63660,013,23,0.4229,0.0569,ACS 5-year 2024 (B19083)
2024,2020–2024,"St. George town, Knox County, Maine",65130,013,23,0.5086,0.0701,ACS 5-year 2024 (B19083)
2024,2020–2024,"South Thomaston town, Knox County, Maine",72585,013,23,0.4082,0.0362,ACS 5-year 2024 (B19083)
2024,2020–2024,"Thomaston town, Knox County, Maine",76365,013,23,0.3348,0.0410,ACS 5-year 2024 (B19083)
2024,2020–2024,"Union town, Knox County, Maine",78115,013,23,0.3923,0.0514,ACS 5-year 2024 (B19083)
2024,2020–2024,"Vinalhaven town, Knox County, Maine",79130,013,23,0.4957,0.0474,ACS 5-year 2024 (B19083)
2024,2020–2024,"Warren town, Knox County, Maine",80215,013,23,0.3886,0.0389,ACS 5-year 2024 (B19083)
2024,2020–2024,"Washington town, Knox County, Maine",80425,013,23,0.4800,0.1000,ACS 5-year 2024 (B19083)
2024,2020–2024,"Alna town, Lincoln County, Maine",01010,015,23,0.3570,0.0404,ACS 5-year 2024 (B19083)
2024,2020–2024,"Boothbay town, Lincoln County, Maine",06050,015,23,0.5184,0.0865,ACS 5-year 2024 (B19083)
2024,2020–2024,"Boothbay Harbor town, Lincoln County, Maine",06120,015,23,0.4747,0.0467,ACS 5-year 2024 (B19083)
2024,2020–2024,"Bremen town, Lincoln County, Maine",06855,015,23,0.4635,0.0894,ACS 5-year 2024 (B19083)
2024,2020–2024,"Bristol town, Lincoln County, Maine",07485,015,23,0.4698,0.0757,ACS 5-year 2024 (B19083)
2024,2020–2024,"Damariscotta town, Lincoln County, Maine",16235,015,23,0.4980,0.0515,ACS 5-year 2024 (B19083)
2024,2020–2024,"Dresden town, Lincoln County, Maine",18475,015,23,0.3996,0.0719,ACS 5-year 2024 (B19083)
2024,2020–2024,"Edgecomb town, Lincoln County, Maine",22675,015,23,0.4038,0.0624,ACS 5-year 2024 (B19083)
2024,2020–2024,"Hibberts gore, Lincoln County, Maine",32715,015,23,-666666666.0000,-222222222.0000,ACS 5-year 2024 (B19083)
2024,2020–2024,"Jefferson town, Lincoln County, Maine",35695,015,23,0.3618,0.0665,ACS 5-year 2024 (B19083)
2024,2020–2024,"Louds Island UT, Lincoln County, Maine",41280,015,23,-666666666.0000,-222222222.0000,ACS 5-year 2024 (B19083)
2024,2020–2024,"Monhegan plantation, Lincoln County, Maine",46335,015,23,0.3468,0.1333,ACS 5-year 2024 (B19083)
2024,2020–2024,"Newcastle town, Lincoln County, Maine",48645,015,23,0.4133,0.0867,ACS 5-year 2024 (B19083)
2024,2020–2024,"Nobleboro town, Lincoln County, Maine",49660,015,23,0.4004,0.0411,ACS 5-year 2024 (B19083)
2024,2020–2024,"Somerville town, Lincoln County, Maine",69645,015,23,0.3421,0.0467,ACS 5-year 2024 (B19083)
2024,2020–2024,"South Bristol town, Lincoln County, Maine",70240,015,23,0.4588,0.0736,ACS 5-year 2024 (B19083)
2024,2020–2024,"Southport town, Lincoln County, Maine",71955,015,23,0.4546,0.0623,ACS 5-year 2024 (B19083)
2024,2020–2024,"Waldoboro town, Lincoln County, Maine",79550,015,23,0.4521,0.0565,ACS 5-year 2024 (B19083)
2024,2020–2024,"Westport Island town, Lincoln County, Maine",84140,015,23,0.3971,0.0456,ACS 5-year 2024 (B19083)
2024,2020–2024,"Whitefield town, Lincoln County, Maine",85010,015,23,0.3629,0.0651,ACS 5-year 2024 (B19083)
2024,2020–2024,"Wiscasset town, Lincoln County, Maine",87075,015,23,0.3395,0.0458,ACS 5-year 2024 (B19083)
2024,2020–2024,"Andover town, Oxford County, Maine",01325,017,23,0.4333,0.0550,ACS 5-year 2024 (B19083)
2024,2020–2024,"Bethel town, Oxford County, Maine",04825,017,23,0.5197,0.0550,ACS 5-year 2024 (B19083)
2024,2020–2024,"Brownfield town, Oxford County, Maine",08150,017,23,0.4466,0.0668,ACS 5-year 2024 (B19083)
2024,2020–2024,"Buckfield town, Oxford County, Maine",08710,017,23,0.4029,0.0537,ACS 5-year 2024 (B19083)
2024,2020–2024,"Byron town, Oxford County, Maine",09550,017,23,0.2415,0.0944,ACS 5-year 2024 (B19083)
2024,2020–2024,"Canton town, Oxford County, Maine",10005,017,23,0.4208,0.0556,ACS 5-year 2024 (B19083)
2024,2020–2024,"Denmark town, Oxford County, Maine",17250,017,23,0.4224,0.0596,ACS 5-year 2024 (B19083)
2024,2020–2024,"Dixfield town, Oxford County, Maine",17740,017,23,0.4084,0.0521,ACS 5-year 2024 (B19083)
2024,2020–2024,"Fryeburg town, Oxford County, Maine",26910,017,23,0.4345,0.0570,ACS 5-year 2024 (B19083)
2024,2020–2024,"Gilead town, Oxford County, Maine",27505,017,23,0.3661,0.0615,ACS 5-year 2024 (B19083)
2024,2020–2024,"Greenwood town, Oxford County, Maine",29710,017,23,0.4291,0.0559,ACS 5-year 2024 (B19083)
2024,2020–2024,"Hanover town, Oxford County, Maine",31110,017,23,0.7420,0.1022,ACS 5-year 2024 (B19083)
2024,2020–2024,"Hartford town, Oxford County, Maine",31670,017,23,0.3665,0.0477,ACS 5-year 2024 (B19083)
2024,2020–2024,"Hebron town, Oxford County, Maine",32370,017,23,0.3764,0.0470,ACS 5-year 2024 (B19083)
2024,2020–2024,"Hiram town, Oxford County, Maine",33315,017,23,0.5506,0.1713,ACS 5-year 2024 (B19083)
2024,2020–2024,"Lincoln plantation, Oxford County, Maine",39422,017,23,0.3244,0.0747,ACS 5-year 2024 (B19083)
2024,2020–2024,"Lovell town, Oxford County, Maine",41365,017,23,0.5368,0.0741,ACS 5-year 2024 (B19083)
2024,2020–2024,"Mexico town, Oxford County, Maine",45285,017,23,0.3928,0.0380,ACS 5-year 2024 (B19083)
2024,2020–2024,"Milton UT, Oxford County, Maine",46105,017,23,0.3829,0.0686,ACS 5-year 2024 (B19083)
2024,2020–2024,"Newry town, Oxford County, Maine",49275,017,23,0.3947,0.0639,ACS 5-year 2024 (B19083)
2024,2020–2024,"North Oxford UT, Oxford County, Maine",52575,017,23,0.3449,0.1230,ACS 5-year 2024 (B19083)
2024,2020–2024,"Norway town, Oxford County, Maine",54000,017,23,0.4105,0.0508,ACS 5-year 2024 (B19083)
2024,2020–2024,"Otisfield town, Oxford County, Maine",55960,017,23,0.3729,0.0327,ACS 5-year 2024 (B19083)
2024,2020–2024,"Oxford town, Oxford County, Maine",56310,017,23,0.4120,0.0415,ACS 5-year 2024 (B19083)
2024,2020–2024,"Paris town, Oxford County, Maine",56625,017,23,0.4191,0.0753,ACS 5-year 2024 (B19083)
2024,2020–2024,"Peru town, Oxford County, Maine",58270,017,23,0.3930,0.0436,ACS 5-year 2024 (B19083)
2024,2020–2024,"Porter town, Oxford County, Maine",60405,017,23,0.4552,0.0738,ACS 5-year 2024 (B19083)
2024,2020–2024,"Roxbury town, Oxford County, Maine",64185,017,23,0.3705,0.0446,ACS 5-year 2024 (B19083)
2024,2020–2024,"Rumford town, Oxford County, Maine",64290,017,23,0.4709,0.0371,ACS 5-year 2024 (B19083)
2024,2020–2024,"South Oxford UT, Oxford County, Maine",71755,017,23,0.3723,0.0490,ACS 5-year 2024 (B19083)
2024,2020–2024,"Stoneham town, Oxford County, Maine",74510,017,23,0.4694,0.0458,ACS 5-year 2024 (B19083)
2024,2020–2024,"Stow town, Oxford County, Maine",74685,017,23,0.4486,0.1038,ACS 5-year 2024 (B19083)
2024,2020–2024,"Sumner town, Oxford County, Maine",75035,017,23,0.3769,0.0379,ACS 5-year 2024 (B19083)
2024,2020–2024,"Sweden town, Oxford County, Maine",75595,017,23,0.4520,0.1081,ACS 5-year 2024 (B19083)
2024,2020–2024,"Upton town, Oxford County, Maine",78465,017,23,0.5257,0.0995,ACS 5-year 2024 (B19083)
2024,2020–2024,"Waterford town, Oxford County, Maine",80635,017,23,0.6131,0.1354,ACS 5-year 2024 (B19083)
2024,2020–2024,"West Paris town, Oxford County, Maine",83890,017,23,0.3934,0.0543,ACS 5-year 2024 (B19083)
2024,2020–2024,"Woodstock town, Oxford County, Maine",87355,017,23,0.4401,0.0440,ACS 5-year 2024 (B19083)
2024,2020–2024,"Alton town, Penobscot County, Maine",01115,019,23,0.4686,0.0436,ACS 5-year 2024 (B19083)
2024,2020–2024,"Argyle UT, Penobscot County, Maine",01500,019,23,0.2972,0.0806,ACS 5-year 2024 (B19083)
2024,2020–2024,"Bangor city, Penobscot County, Maine",02795,019,23,0.4818,0.0257,ACS 5-year 2024 (B19083)
2024,2020–2024,"Bradford town, Penobscot County, Maine",06575,019,23,0.3677,0.0495,ACS 5-year 2024 (B19083)
2024,2020–2024,"Bradley town, Penobscot County, Maine",06680,019,23,0.4031,0.0705,ACS 5-year 2024 (B19083)
2024,2020–2024,"Brewer city, Penobscot County, Maine",06925,019,23,0.4716,0.0352,ACS 5-year 2024 (B19083)
2024,2020–2024,"Burlington town, Penobscot County, Maine",09200,019,23,0.3244,0.0753,ACS 5-year 2024 (B19083)
2024,2020–2024,"Carmel town, Penobscot County, Maine",10670,019,23,0.3901,0.0583,ACS 5-year 2024 (B19083)
2024,2020–2024,"Carroll plantation, Penobscot County, Maine",10810,019,23,0.4332,0.1005,ACS 5-year 2024 (B19083)
2024,2020–2024,"Charleston town, Penobscot County, Maine",12105,019,23,0.3472,0.0532,ACS 5-year 2024 (B19083)
2024,2020–2024,"Chester town, Penobscot County, Maine",12525,019,23,0.3478,0.0409,ACS 5-year 2024 (B19083)
2024,2020–2024,"Clifton town, Penobscot County, Maine",13365,019,23,0.3868,0.0432,ACS 5-year 2024 (B19083)
2024,2020–2024,"Corinna town, Penobscot County, Maine",14310,019,23,0.3959,0.0464,ACS 5-year 2024 (B19083)
2024,2020–2024,"Corinth town, Penobscot County, Maine",14380,019,23,0.4079,0.0362,ACS 5-year 2024 (B19083)
2024,2020–2024,"Dexter town, Penobscot County, Maine",17530,019,23,0.4985,0.1279,ACS 5-year 2024 (B19083)
2024,2020–2024,"Dixmont town, Penobscot County, Maine",17950,019,23,0.4158,0.0790,ACS 5-year 2024 (B19083)
2024,2020–2024,"Drew UT, Penobscot County, Maine",18582,019,23,0.2959,0.2021,ACS 5-year 2024 (B19083)
2024,2020–2024,"East Central Penobscot UT, Penobscot County, Maine",19868,019,23,0.4119,0.0676,ACS 5-year 2024 (B19083)
2024,2020–2024,"East Millinocket town, Penobscot County, Maine",21030,019,23,0.5068,0.0799,ACS 5-year 2024 (B19083)
2024,2020–2024,"Eddington town, Penobscot County, Maine",22535,019,23,0.3989,0.0575,ACS 5-year 2024 (B19083)
2024,2020–2024,"Edinburg town, Penobscot County, Maine",22710,019,23,0.3045,0.0970,ACS 5-year 2024 (B19083)
2024,2020–2024,"Enfield town, Penobscot County, Maine",23620,019,23,0.3881,0.0376,ACS 5-year 2024 (B19083)
2024,2020–2024,"Etna town, Penobscot County, Maine",23865,019,23,0.3418,0.0486,ACS 5-year 2024 (B19083)
2024,2020–2024,"Exeter town, Penobscot County, Maine",24110,019,23,0.3293,0.0556,ACS 5-year 2024 (B19083)
2024,2020–2024,"Garland town, Penobscot County, Maine",27190,019,23,0.4304,0.0384,ACS 5-year 2024 (B19083)
2024,2020–2024,"Glenburn town, Penobscot County, Maine",27645,019,23,0.3797,0.0482,ACS 5-year 2024 (B19083)
2024,2020–2024,"Greenbush town, Penobscot County, Maine",29185,019,23,0.3734,0.0486,ACS 5-year 2024 (B19083)
2024,2020–2024,"Hampden town, Penobscot County, Maine",30795,019,23,0.4189,0.0424,ACS 5-year 2024 (B19083)
2024,2020–2024,"Hermon town, Penobscot County, Maine",32510,019,23,0.4012,0.0584,ACS 5-year 2024 (B19083)
2024,2020–2024,"Holden town, Penobscot County, Maine",33490,019,23,0.4968,0.1101,ACS 5-year 2024 (B19083)
2024,2020–2024,"Howland town, Penobscot County, Maine",34190,019,23,0.4183,0.0579,ACS 5-year 2024 (B19083)
2024,2020–2024,"Hudson town, Penobscot County, Maine",34365,019,23,0.4016,0.0301,ACS 5-year 2024 (B19083)
2024,2020–2024,"Kenduskeag town, Penobscot County, Maine",36325,019,23,0.3899,0.0459,ACS 5-year 2024 (B19083)
2024,2020–2024,"Kingman UT, Penobscot County, Maine",37075,019,23,0.3839,0.1078,ACS 5-year 2024 (B19083)
2024,2020–2024,"Lagrange town, Penobscot County, Maine",37760,019,23,0.4404,0.0420,ACS 5-year 2024 (B19083)
2024,2020–2024,"Lakeville town, Penobscot County, Maine",38005,019,23,0.4333,0.0798,ACS 5-year 2024 (B19083)
2024,2020–2024,"Lee town, Penobscot County, Maine",38530,019,23,0.4140,0.0611,ACS 5-year 2024 (B19083)
2024,2020–2024,"Levant town, Penobscot County, Maine",38705,019,23,0.3207,0.0485,ACS 5-year 2024 (B19083)
2024,2020–2024,"Lincoln town, Penobscot County, Maine",39475,019,23,0.4748,0.1061,ACS 5-year 2024 (B19083)
2024,2020–2024,"Lowell town, Penobscot County, Maine",41435,019,23,0.4606,0.0562,ACS 5-year 2024 (B19083)
2024,2020–2024,"Mattawamkeag town, Penobscot County, Maine",44270,019,23,0.4053,0.0547,ACS 5-year 2024 (B19083)
2024,2020–2024,"Maxfield town, Penobscot County, Maine",44340,019,23,0.3141,0.1336,ACS 5-year 2024 (B19083)
2024,2020–2024,"Medway town, Penobscot County, Maine",45005,019,23,0.3647,0.0377,ACS 5-year 2024 (B19083)
2024,2020–2024,"Milford town, Penobscot County, Maine",45670,019,23,0.4127,0.0669,ACS 5-year 2024 (B19083)
2024,2020–2024,"Millinocket town, Penobscot County, Maine",45810,019,23,0.4476,0.0598,ACS 5-year 2024 (B19083)
2024,2020–2024,"Mount Chase town, Penobscot County, Maine",47560,019,23,0.5632,0.1381,ACS 5-year 2024 (B19083)
2024,2020–2024,"Newburgh town, Penobscot County, Maine",48505,019,23,0.3986,0.0339,ACS 5-year 2024 (B19083)
2024,2020–2024,"Newport town, Penobscot County, Maine",49065,019,23,0.4184,0.0363,ACS 5-year 2024 (B19083)
2024,2020–2024,"North Penobscot UT, Penobscot County, Maine",52710,019,23,0.4118,0.0839,ACS 5-year 2024 (B19083)
2024,2020–2024,"Old Town city, Penobscot County, Maine",55225,019,23,0.4535,0.0370,ACS 5-year 2024 (B19083)
2024,2020–2024,"Orono town, Penobscot County, Maine",55565,019,23,0.4258,0.0274,ACS 5-year 2024 (B19083)
2024,2020–2024,"Orrington town, Penobscot County, Maine",55680,019,23,0.4526,0.0594,ACS 5-year 2024 (B19083)
2024,2020–2024,"Passadumkeag town, Penobscot County, Maine",57045,019,23,0.4074,0.0642,ACS 5-year 2024 (B19083)
2024,2020–2024,"Patten town, Penobscot County, Maine",57150,019,23,0.4176,0.0513,ACS 5-year 2024 (B19083)
2024,2020–2024,"Penobscot Indian Island Reservation, Penobscot County, Maine",57936,019,23,0.4500,0.0465,ACS 5-year 2024 (B19083)
2024,2020–2024,"Plymouth town, Penobscot County, Maine",59950,019,23,0.4058,0.0335,ACS 5-year 2024 (B19083)
2024,2020–2024,"Prentiss UT, Penobscot County, Maine",60790,019,23,0.4119,0.1487,ACS 5-year 2024 (B19083)
2024,2020–2024,"Seboeis plantation, Penobscot County, Maine",67160,019,23,0.2101,0.0977,ACS 5-year 2024 (B19083)
2024,2020–2024,"Springfield town, Penobscot County, Maine",73250,019,23,0.3805,0.0564,ACS 5-year 2024 (B19083)
2024,2020–2024,"Stacyville town, Penobscot County, Maine",73600,019,23,0.4004,0.0678,ACS 5-year 2024 (B19083)
2024,2020–2024,"Stetson town, Penobscot County, Maine",74055,019,23,0.4323,0.0470,ACS 5-year 2024 (B19083)
2024,2020–2024,"Twombly Ridge UT, Penobscot County, Maine",78015,019,23,-666666666.0000,-222222222.0000,ACS 5-year 2024 (B19083)
2024,2020–2024,"Veazie town, Penobscot County, Maine",78780,019,23,0.4318,0.0348,ACS 5-year 2024 (B19083)
2024,2020–2024,"Webster plantation, Penobscot County, Maine",81055,019,23,0.5196,0.1566,ACS 5-year 2024 (B19083)
2024,2020–2024,"Whitney UT, Penobscot County, Maine",85230,019,23,-666666666.0000,-222222222.0000,ACS 5-year 2024 (B19083)
2024,2020–2024,"Winn town, Penobscot County, Maine",86305,019,23,0.4385,0.0650,ACS 5-year 2024 (B19083)
2024,2020–2024,"Woodville town, Penobscot County, Maine",87390,019,23,0.3735,0.0931,ACS 5-year 2024 (B19083)
2024,2020–2024,"Abbot town, Piscataquis County, Maine",00100,021,23,0.4599,0.0816,ACS 5-year 2024 (B19083)
2024,2020–2024,"Beaver Cove town, Piscataquis County, Maine",03740,021,23,0.5073,0.1461,ACS 5-year 2024 (B19083)
2024,2020–2024,"Blanchard UT, Piscataquis County, Maine",05560,021,23,0.3813,0.1070,ACS 5-year 2024 (B19083)
2024,2020–2024,"Bowerbank town, Piscataquis County, Maine",06400,021,23,0.3969,0.0734,ACS 5-year 2024 (B19083)
2024,2020–2024,"Brownville town, Piscataquis County, Maine",08325,021,23,0.3965,0.0489,ACS 5-year 2024 (B19083)
2024,2020–2024,"Dover-Foxcroft town, Piscataquis County, Maine",18195,021,23,0.4827,0.0808,ACS 5-year 2024 (B19083)
2024,2020–2024,"Greenville town, Piscataquis County, Maine",29535,021,23,0.4535,0.0546,ACS 5-year 2024 (B19083)
2024,2020–2024,"Guilford town, Piscataquis County, Maine",30095,021,23,0.4084,0.0692,ACS 5-year 2024 (B19083)
2024,2020–2024,"Kingsbury plantation, Piscataquis County, Maine",37095,021,23,0.4670,0.3530,ACS 5-year 2024 (B19083)
2024,2020–2024,"Lake View plantation, Piscataquis County, Maine",37970,021,23,0.3019,0.0929,ACS 5-year 2024 (B19083)
2024,2020–2024,"Medford town, Piscataquis County, Maine",44830,021,23,0.2858,0.0995,ACS 5-year 2024 (B19083)
2024,2020–2024,"Milo town, Piscataquis County, Maine",46020,021,23,0.4027,0.0378,ACS 5-year 2024 (B19083)
2024,2020–2024,"Monson town, Piscataquis County, Maine",46580,021,23,0.3792,0.0542,ACS 5-year 2024 (B19083)
2024,2020–2024,"Northeast Piscataquis UT, Piscataquis County, Maine",51105,021,23,0.3667,0.0573,ACS 5-year 2024 (B19083)
2024,2020–2024,"Northwest Piscataquis UT, Piscataquis County, Maine",53628,021,23,0.3997,0.0864,ACS 5-year 2024 (B19083)
2024,2020–2024,"Parkman town, Piscataquis County, Maine",56765,021,23,0.5036,0.0954,ACS 5-year 2024 (B19083)
2024,2020–2024,"Sangerville town, Piscataquis County, Maine",65865,021,23,0.4007,0.0477,ACS 5-year 2024 (B19083)
2024,2020–2024,"Sebec town, Piscataquis County, Maine",66950,021,23,0.3907,0.0903,ACS 5-year 2024 (B19083)
2024,2020–2024,"Shirley town, Piscataquis County, Maine",68140,021,23,0.4645,0.0756,ACS 5-year 2024 (B19083)
2024,2020–2024,"Southeast Piscataquis UT, Piscataquis County, Maine",70655,021,23,0.4443,0.0730,ACS 5-year 2024 (B19083)
2024,2020–2024,"Wellington town, Piscataquis County, Maine",81405,021,23,0.4400,0.1071,ACS 5-year 2024 (B19083)
2024,2020–2024,"Willimantic town, Piscataquis County, Maine",85710,021,23,0.4607,0.0813,ACS 5-year 2024 (B19083)
2024,2020–2024,"Arrowsic town, Sagadahoc County, Maine",01570,023,23,0.5497,0.1280,ACS 5-year 2024 (B19083)
2024,2020–2024,"Bath city, Sagadahoc County, Maine",03355,023,23,0.4375,0.0451,ACS 5-year 2024 (B19083)
2024,2020–2024,"Bowdoin town, Sagadahoc County, Maine",06260,023,23,0.3949,0.0583,ACS 5-year 2024 (B19083)
2024,2020–2024,"Bowdoinham town, Sagadahoc County, Maine",06365,023,23,0.3723,0.0816,ACS 5-year 2024 (B19083)
2024,2020–2024,"Georgetown town, Sagadahoc County, Maine",27295,023,23,0.4212,0.0640,ACS 5-year 2024 (B19083)
2024,2020–2024,"Perkins UT, Sagadahoc County, Maine",58070,023,23,-666666666.0000,-222222222.0000,ACS 5-year 2024 (B19083)
2024,2020–2024,"Phippsburg town, Sagadahoc County, Maine",58515,023,23,0.3624,0.0518,ACS 5-year 2024 (B19083)
2024,2020–2024,"Richmond town, Sagadahoc County, Maine",62645,023,23,0.4219,0.0559,ACS 5-year 2024 (B19083)
2024,2020–2024,"Topsham town, Sagadahoc County, Maine",76960,023,23,0.4502,0.0509,ACS 5-year 2024 (B19083)
2024,2020–2024,"West Bath town, Sagadahoc County, Maine",81930,023,23,0.3848,0.0563,ACS 5-year 2024 (B19083)
2024,2020–2024,"Woolwich town, Sagadahoc County, Maine",87460,023,23,0.4520,0.0915,ACS 5-year 2024 (B19083)
2024,2020–2024,"Anson town, Somerset County, Maine",01395,025,23,0.5434,0.0933,ACS 5-year 2024 (B19083)
2024,2020–2024,"Athens town, Somerset County, Maine",01885,025,23,0.5080,0.0628,ACS 5-year 2024 (B19083)
2024,2020–2024,"Bingham town, Somerset County, Maine",05000,025,23,0.4125,0.0522,ACS 5-year 2024 (B19083)
2024,2020–2024,"Brighton plantation, Somerset County, Maine",07380,025,23,0.3609,0.0902,ACS 5-year 2024 (B19083)
2024,2020–2024,"Cambridge town, Somerset County, Maine",09655,025,23,0.3814,0.0920,ACS 5-year 2024 (B19083)
2024,2020–2024,"Canaan town, Somerset County, Maine",09935,025,23,0.3925,0.0388,ACS 5-year 2024 (B19083)
2024,2020–2024,"Caratunk town, Somerset County, Maine",10495,025,23,0.1496,0.0596,ACS 5-year 2024 (B19083)
2024,2020–2024,"Central Somerset UT, Somerset County, Maine",11820,025,23,0.3482,0.1332,ACS 5-year 2024 (B19083)
2024,2020–2024,"Cornville town, Somerset County, Maine",14555,025,23,0.3981,0.0834,ACS 5-year 2024 (B19083)
2024,2020–2024,"Dennistown plantation, Somerset County, Maine",17285,025,23,0.3066,0.1103,ACS 5-year 2024 (B19083)
2024,2020–2024,"Detroit town, Somerset County, Maine",17460,025,23,0.4222,0.0669,ACS 5-year 2024 (B19083)
2024,2020–2024,"Embden town, Somerset County, Maine",23410,025,23,0.4675,0.1007,ACS 5-year 2024 (B19083)
2024,2020–2024,"Fairfield town, Somerset County, Maine",24320,025,23,0.3626,0.0306,ACS 5-year 2024 (B19083)
2024,2020–2024,"Harmony town, Somerset County, Maine",31355,025,23,0.4159,0.0723,ACS 5-year 2024 (B19083)
2024,2020–2024,"Hartland town, Somerset County, Maine",31740,025,23,0.4758,0.0432,ACS 5-year 2024 (B19083)
2024,2020–2024,"Highland plantation, Somerset County, Maine",32895,025,23,0.4695,0.2417,ACS 5-year 2024 (B19083)
2024,2020–2024,"Jackman town, Somerset County, Maine",35345,025,23,0.4860,0.0745,ACS 5-year 2024 (B19083)
2024,2020–2024,"Madison town, Somerset County, Maine",42660,025,23,0.4068,0.0594,ACS 5-year 2024 (B19083)
2024,2020–2024,"Mercer town, Somerset County, Maine",45110,025,23,0.3973,0.0701,ACS 5-year 2024 (B19083)
2024,2020–2024,"Moose River town, Somerset County, Maine",47140,025,23,0.3530,0.1424,ACS 5-year 2024 (B19083)
2024,2020–2024,"Moscow town, Somerset County, Maine",47455,025,23,0.4090,0.0420,ACS 5-year 2024 (B19083)
2024,2020–2024,"New Portland town, Somerset County, Maine",49205,025,23,0.3708,0.0533,ACS 5-year 2024 (B19083)
2024,2020–2024,"Norridgewock town, Somerset County, Maine",49835,025,23,0.6266,0.1518,ACS 5-year 2024 (B19083)
2024,2020–2024,"Northeast Somerset UT, Somerset County, Maine",51114,025,23,0.3428,0.0749,ACS 5-year 2024 (B19083)
2024,2020–2024,"Northwest Somerset UT, Somerset County, Maine",53636,025,23,-666666666.0000,-222222222.0000,ACS 5-year 2024 (B19083)
2024,2020–2024,"Palmyra town, Somerset County, Maine",56520,025,23,0.3624,0.0462,ACS 5-year 2024 (B19083)
2024,2020–2024,"Pittsfield town, Somerset County, Maine",59005,025,23,0.3987,0.0451,ACS 5-year 2024 (B19083)
2024,2020–2024,"Pleasant Ridge plantation, Somerset County, Maine",59705,025,23,0.3692,0.1230,ACS 5-year 2024 (B19083)
2024,2020–2024,"Ripley town, Somerset County, Maine",62995,025,23,0.3833,0.0807,ACS 5-year 2024 (B19083)
2024,2020–2024,"St. Albans town, Somerset County, Maine",64850,025,23,0.4841,0.0468,ACS 5-year 2024 (B19083)
2024,2020–2024,"Seboomook Lake UT, Somerset County, Maine",67238,025,23,-666666666.0000,-222222222.0000,ACS 5-year 2024 (B19083)
2024,2020–2024,"Skowhegan town, Somerset County, Maine",68910,025,23,0.4205,0.0275,ACS 5-year 2024 (B19083)
2024,2020–2024,"Smithfield town, Somerset County, Maine",69155,025,23,0.3621,0.0463,ACS 5-year 2024 (B19083)
2024,2020–2024,"Solon town, Somerset County, Maine",69505,025,23,0.3333,0.0381,ACS 5-year 2024 (B19083)
2024,2020–2024,"Starks town, Somerset County, Maine",73845,025,23,0.3890,0.0515,ACS 5-year 2024 (B19083)
2024,2020–2024,"The Forks plantation, Somerset County, Maine",76190,025,23,0.3001,0.1048,ACS 5-year 2024 (B19083)
2024,2020–2024,"West Forks plantation, Somerset County, Maine",82840,025,23,0.3754,0.1546,ACS 5-year 2024 (B19083)
2024,2020–2024,"Belfast city, Waldo County, Maine",03950,027,23,0.4927,0.0529,ACS 5-year 2024 (B19083)
2024,2020–2024,"Belmont town, Waldo County, Maine",04125,027,23,0.3807,0.0439,ACS 5-year 2024 (B19083)
2024,2020–2024,"Brooks town, Waldo County, Maine",07870,027,23,0.4345,0.0579,ACS 5-year 2024 (B19083)
2024,2020–2024,"Burnham town, Waldo County, Maine",09270,027,23,0.4374,0.0722,ACS 5-year 2024 (B19083)
2024,2020–2024,"Frankfort town, Waldo County, Maine",26280,027,23,0.3171,0.0521,ACS 5-year 2024 (B19083)
2024,2020–2024,"Freedom town, Waldo County, Maine",26420,027,23,0.3640,0.0423,ACS 5-year 2024 (B19083)
2024,2020–2024,"Islesboro town, Waldo County, Maine",35240,027,23,0.5201,0.1220,ACS 5-year 2024 (B19083)
2024,2020–2024,"Jackson town, Waldo County, Maine",35450,027,23,0.4368,0.0490,ACS 5-year 2024 (B19083)
2024,2020–2024,"Knox town, Waldo County, Maine",37585,027,23,0.3903,0.0503,ACS 5-year 2024 (B19083)
2024,2020–2024,"Liberty town, Waldo County, Maine",39055,027,23,0.3392,0.0457,ACS 5-year 2024 (B19083)
2024,2020–2024,"Lincolnville town, Waldo County, Maine",39755,027,23,0.4622,0.0754,ACS 5-year 2024 (B19083)
2024,2020–2024,"Monroe town, Waldo County, Maine",46475,027,23,0.3455,0.0591,ACS 5-year 2024 (B19083)
2024,2020–2024,"Montville town, Waldo County, Maine",46790,027,23,0.4331,0.0912,ACS 5-year 2024 (B19083)
2024,2020–2024,"Morrill town, Waldo County, Maine",47245,027,23,0.3581,0.0337,ACS 5-year 2024 (B19083)
2024,2020–2024,"Northport town, Waldo County, Maine",52845,027,23,0.4436,0.0470,ACS 5-year 2024 (B19083)
2024,2020–2024,"Palermo town, Waldo County, Maine",56450,027,23,0.3281,0.0374,ACS 5-year 2024 (B19083)
2024,2020–2024,"Prospect town, Waldo County, Maine",61210,027,23,0.3416,0.0471,ACS 5-year 2024 (B19083)
2024,2020–2024,"Searsmont town, Waldo County, Maine",66565,027,23,0.3479,0.0525,ACS 5-year 2024 (B19083)
2024,2020–2024,"Searsport town, Waldo County, Maine",66635,027,23,0.4014,0.0492,ACS 5-year 2024 (B19083)
2024,2020–2024,"Stockton Springs town, Waldo County, Maine",74475,027,23,0.3804,0.0391,ACS 5-year 2024 (B19083)
2024,2020–2024,"Swanville town, Waldo County, Maine",75525,027,23,0.4390,0.0741,ACS 5-year 2024 (B19083)
2024,2020–2024,"Thorndike town, Waldo County, Maine",76610,027,23,0.3285,0.0575,ACS 5-year 2024 (B19083)
2024,2020–2024,"Troy town, Waldo County, Maine",77625,027,23,0.4741,0.0820,ACS 5-year 2024 (B19083)
2024,2020–2024,"Unity town, Waldo County, Maine",78255,027,23,0.3677,0.0510,ACS 5-year 2024 (B19083)
2024,2020–2024,"Waldo town, Waldo County, Maine",79480,027,23,0.3470,0.0460,ACS 5-year 2024 (B19083)
2024,2020–2024,"Winterport town, Waldo County, Maine",86760,027,23,0.4280,0.0681,ACS 5-year 2024 (B19083)
2024,2020–2024,"Addison town, Washington County, Maine",00380,029,23,0.4486,0.0582,ACS 5-year 2024 (B19083)
2024,2020–2024,"Alexander town, Washington County, Maine",00660,029,23,0.3343,0.0579,ACS 5-year 2024 (B19083)
2024,2020–2024,"Baileyville town, Washington County, Maine",02480,029,23,0.4320,0.0681,ACS 5-year 2024 (B19083)
2024,2020–2024,"Baring plantation, Washington County, Maine",02970,029,23,0.4316,0.0907,ACS 5-year 2024 (B19083)
2024,2020–2024,"Beals town, Washington County, Maine",03670,029,23,0.4786,0.0663,ACS 5-year 2024 (B19083)
2024,2020–2024,"Beddington town, Washington County, Maine",03810,029,23,0.2641,0.1286,ACS 5-year 2024 (B19083)
2024,2020–2024,"Calais city, Washington County, Maine",09585,029,23,0.4268,0.0425,ACS 5-year 2024 (B19083)
2024,2020–2024,"Charlotte town, Washington County, Maine",12175,029,23,0.4228,0.0557,ACS 5-year 2024 (B19083)
2024,2020–2024,"Cherryfield town, Washington County, Maine",12455,029,23,0.4951,0.0835,ACS 5-year 2024 (B19083)
2024,2020–2024,"Codyville UT, Washington County, Maine",13612,029,23,0.1496,0.0970,ACS 5-year 2024 (B19083)
2024,2020–2024,"Columbia town, Washington County, Maine",13750,029,23,0.4245,0.0707,ACS 5-year 2024 (B19083)
2024,2020–2024,"Columbia Falls town, Washington County, Maine",13820,029,23,0.4301,0.0505,ACS 5-year 2024 (B19083)
2024,2020–2024,"Cooper town, Washington County, Maine",14100,029,23,0.4383,0.0706,ACS 5-year 2024 (B19083)
2024,2020–2024,"Crawford town, Washington County, Maine",14940,029,23,0.4708,0.0958,ACS 5-year 2024 (B19083)
2024,2020–2024,"Cutler town, Washington County, Maine",15920,029,23,0.4388,0.0674,ACS 5-year 2024 (B19083)
2024,2020–2024,"Danforth town, Washington County, Maine",16410,029,23,0.3550,0.0482,ACS 5-year 2024 (B19083)
2024,2020–2024,"Deblois town, Washington County, Maine",16865,029,23,0.3627,0.1022,ACS 5-year 2024 (B19083)
2024,2020–2024,"Dennysville town, Washington County, Maine",17355,029,23,0.5431,0.0759,ACS 5-year 2024 (B19083)
2024,2020–2024,"East Central Washington UT, Washington County, Maine",19870,029,23,0.3809,0.0646,ACS 5-year 2024 (B19083)
2024,2020–2024,"East Machias town, Washington County, Maine",20960,029,23,0.4425,0.1230,ACS 5-year 2024 (B19083)
2024,2020–2024,"Eastport city, Washington County, Maine",21730,029,23,0.4652,0.0381,ACS 5-year 2024 (B19083)
2024,2020–2024,"Grand Lake Stream plantation, Washington County, Maine",28660,029,23,0.3775,0.0966,ACS 5-year 2024 (B19083)
2024,2020–2024,"Harrington town, Washington County, Maine",31530,029,23,0.4072,0.0541,ACS 5-year 2024 (B19083)
2024,2020–2024,"Jonesboro town, Washington County, Maine",35905,029,23,0.4020,0.0676,ACS 5-year 2024 (B19083)
2024,2020–2024,"Jonesport town, Washington County, Maine",36010,029,23,0.4631,0.0791,ACS 5-year 2024 (B19083)
2024,2020–2024,"Lubec town, Washington County, Maine",41610,029,23,0.4729,0.0490,ACS 5-year 2024 (B19083)
2024,2020–2024,"Machias town, Washington County, Maine",41960,029,23,0.4753,0.0476,ACS 5-year 2024 (B19083)
2024,2020–2024,"Machiasport town, Washington County, Maine",42100,029,23,0.4650,0.0725,ACS 5-year 2024 (B19083)
2024,2020–2024,"Marshfield town, Washington County, Maine",43640,029,23,0.3321,0.0507,ACS 5-year 2024 (B19083)
2024,2020–2024,"Meddybemps town, Washington County, Maine",44760,029,23,0.3206,0.0367,ACS 5-year 2024 (B19083)
2024,2020–2024,"Milbridge town, Washington County, Maine",45600,029,23,0.4484,0.0506,ACS 5-year 2024 (B19083)
2024,2020–2024,"Northfield town, Washington County, Maine",51375,029,23,0.5785,0.0905,ACS 5-year 2024 (B19083)
2024,2020–2024,"North Washington UT, Washington County, Maine",53500,029,23,0.7031,0.1224,ACS 5-year 2024 (B19083)
2024,2020–2024,"Passamaquoddy Indian Township Reservation, Washington County, Maine",57082,029,23,0.5391,0.0501,ACS 5-year 2024 (B19083)
2024,2020–2024,"Passamaquoddy Pleasant Point Reservation, Washington County, Maine",57090,029,23,0.4585,0.0573,ACS 5-year 2024 (B19083)
2024,2020–2024,"Pembroke town, Washington County, Maine",57780,029,23,0.3882,0.0441,ACS 5-year 2024 (B19083)
2024,2020–2024,"Perry town, Washington County, Maine",58165,029,23,0.3761,0.0545,ACS 5-year 2024 (B19083)
2024,2020–2024,"Princeton town, Washington County, Maine",61035,029,23,0.4478,0.0524,ACS 5-year 2024 (B19083)
2024,2020–2024,"Robbinston town, Washington County, Maine",63275,029,23,0.4129,0.0481,ACS 5-year 2024 (B19083)
2024,2020–2024,"Roque Bluffs town, Washington County, Maine",63940,029,23,0.4740,0.0750,ACS 5-year 2024 (B19083)
2024,2020–2024,"Steuben town, Washington County, Maine",74125,029,23,0.4522,0.1050,ACS 5-year 2024 (B19083)
2024,2020–2024,"Talmadge town, Washington County, Maine",75770,029,23,0.3017,0.1436,ACS 5-year 2024 (B19083)
2024,2020–2024,"Topsfield town, Washington County, Maine",76895,029,23,0.4579,0.0854,ACS 5-year 2024 (B19083)
2024,2020–2024,"Vanceboro town, Washington County, Maine",78675,029,23,0.4253,0.0520,ACS 5-year 2024 (B19083)
2024,2020–2024,"Waite town, Washington County, Maine",79375,029,23,0.3393,0.1344,ACS 5-year 2024 (B19083)
2024,2020–2024,"Wesley town, Washington County, Maine",81685,029,23,0.3568,0.0813,ACS 5-year 2024 (B19083)
2024,2020–2024,"Whiting town, Washington County, Maine",85185,029,23,0.2898,0.0523,ACS 5-year 2024 (B19083)
2024,2020–2024,"Whitneyville town, Washington County, Maine",85290,029,23,0.2891,0.0821,ACS 5-year 2024 (B19083)
2024,2020–2024,"Acton town, York County, Maine",00275,031,23,0.3888,0.0347,ACS 5-year 2024 (B19083)
2024,2020–2024,"Alfred town, York County, Maine",00730,031,23,0.4523,0.0534,ACS 5-year 2024 (B19083)
2024,2020–2024,"Arundel town, York County, Maine",01605,031,23,0.3526,0.0378,ACS 5-year 2024 (B19083)
2024,2020–2024,"Berwick town, York County, Maine",04720,031,23,0.4113,0.0448,ACS 5-year 2024 (B19083)
2024,2020–2024,"Biddeford city, York County, Maine",04860,031,23,0.4275,0.0223,ACS 5-year 2024 (B19083)
2024,2020–2024,"Buxton town, York County, Maine",09410,031,23,0.3672,0.0378,ACS 5-year 2024 (B19083)
2024,2020–2024,"Cornish town, York County, Maine",14485,031,23,0.3633,0.0761,ACS 5-year 2024 (B19083)
2024,2020–2024,"Dayton town, York County, Maine",16725,031,23,0.3215,0.0334,ACS 5-year 2024 (B19083)
2024,2020–2024,"Eliot town, York County, Maine",22955,031,23,0.3806,0.0518,ACS 5-year 2024 (B19083)
2024,2020–2024,"Hollis town, York County, Maine",33665,031,23,0.3603,0.0445,ACS 5-year 2024 (B19083)
2024,2020–2024,"Kennebunk town, York County, Maine",36535,031,23,0.4388,0.0379,ACS 5-year 2024 (B19083)
2024,2020–2024,"Kennebunkport town, York County, Maine",36745,031,23,0.5787,0.0554,ACS 5-year 2024 (B19083)
2024,2020–2024,"Kittery town, York County, Maine",37270,031,23,0.4083,0.0360,ACS 5-year 2024 (B19083)
2024,2020–2024,"Lebanon town, York County, Maine",38425,031,23,0.3274,0.0586,ACS 5-year 2024 (B19083)
2024,2020–2024,"Limerick town, York County, Maine",39195,031,23,0.3150,0.0379,ACS 5-year 2024 (B19083)
2024,2020–2024,"Limington town, York County, Maine",39405,031,23,0.3388,0.0469,ACS 5-year 2024 (B19083)
2024,2020–2024,"Lyman town, York County, Maine",41750,031,23,0.4700,0.0550,ACS 5-year 2024 (B19083)
2024,2020–2024,"Newfield town, York County, Maine",48750,031,23,0.4431,0.0908,ACS 5-year 2024 (B19083)
2024,2020–2024,"North Berwick town, York County, Maine",50325,031,23,0.4433,0.0792,ACS 5-year 2024 (B19083)
2024,2020–2024,"Ogunquit town, York County, Maine",54980,031,23,0.5325,0.1484,ACS 5-year 2024 (B19083)
2024,2020–2024,"Old Orchard Beach town, York County, Maine",55085,031,23,0.4437,0.0336,ACS 5-year 2024 (B19083)
2024,2020–2024,"Parsonsfield town, York County, Maine",56870,031,23,0.4281,0.0787,ACS 5-year 2024 (B19083)
2024,2020–2024,"Saco city, York County, Maine",64675,031,23,0.4272,0.0275,ACS 5-year 2024 (B19083)
2024,2020–2024,"Sanford city, York County, Maine",65725,031,23,0.4209,0.0234,ACS 5-year 2024 (B19083)
2024,2020–2024,"Shapleigh town, York County, Maine",67475,031,23,0.4404,0.0871,ACS 5-year 2024 (B19083)
2024,2020–2024,"South Berwick town, York County, Maine",70030,031,23,0.4072,0.0496,ACS 5-year 2024 (B19083)
2024,2020–2024,"Waterboro town, York County, Maine",80530,031,23,0.3448,0.0401,ACS 5-year 2024 (B19083)
2024,2020–2024,"Wells town, York County, Maine",81475,031,23,0.4146,0.0350,ACS 5-year 2024 (B19083)
2024,2020–2024,"York town, York County, Maine",87985,031,23,0.4192,0.0282,ACS 5-year 2024 (B19083)
